{"type": "FeatureCollection", "features": [{"type": "Feature", "properties": {"id": "playa-libre-0", "kind": "playa_libre", "area_m2": 13293.1, "ancho_efectivo_m": 19.3}, "geometry": {"type": "Polygon", "coordinates": [[[-105.48457001405288, 20.75892415680805], [-105.48464622931102, 20.75883622732864], [-105.48467304001556, 20.75868322950684], [-105.4847255001644, 20.75857680954601], [-105.48449831848843, 20.758414565208657], [-105.48371516126582, 20.75789415129237], [-105.48336289812288, 20.75763461261295], [-105.48336289813479, 20.757634612612808], [-105.48293350365944, 20.757318243273417], [-105.48220666637444, 20.756654875179418], [-105.48190044206008, 20.756316957152674], [-105.48161545646172, 20.75636090395738], [-105.48100121236801, 20.75609735766426], [-105.48079516097927, 20.75612640013767], [-105.48076668995678, 20.755947682915657], [-105.4810290985252, 20.755910696732045], [-105.48164203175945, 20.75617368098373], [-105.48179434146445, 20.756150194187832], [-105.48185895616314, 20.75601211886313], [-105.48234573255252, 20.756529997003515], [-105.48305998852852, 20.75718188302435], [-105.48366959641903, 20.757631028245473], [-105.48366959733498, 20.757631028234762], [-105.48382989673618, 20.757749133058198], [-105.48461487303229, 20.758270755729676], [-105.48495761453891, 20.75853554937421], [-105.48485835161289, 20.758736911721893], [-105.48482747472185, 20.758913110155646], [-105.48470357307535, 20.759056056807303], [-105.48433341344638, 20.759312725525806], [-105.4840692176452, 20.75949746663892], [-105.4839545905851, 20.75935244004601], [-105.48421909779844, 20.75916748227826], [-105.48457001405288, 20.75892415680805]]]}}, {"type": "Feature", "properties": {"id": "playa-libre-1", "kind": "playa_libre", "area_m2": 22524.9, "ancho_efectivo_m": 19.5}, "geometry": {"type": "Polygon", "coordinates": [[[-105.48554441009287, 20.75862567136203], [-105.48566385956798, 20.758600791194254], [-105.48575363438663, 20.7586217269989], [-105.48594934771712, 20.758618804568105], [-105.48597198707036, 20.758667515939862], [-105.48603938652356, 20.758725013501113], [-105.48611727120199, 20.75883624173526], [-105.48640812676824, 20.758950902621624], [-105.48647118065972, 20.759131222250982], [-105.48650299660227, 20.75931843684473], [-105.4865544176935, 20.759418094620656], [-105.4866838559344, 20.75949032147983], [-105.4869259395412, 20.759444518903187], [-105.48708592287197, 20.759387021634957], [-105.48711475334876, 20.759463405065265], [-105.48725549793483, 20.759460776978806], [-105.487279654919, 20.759389065670906], [-105.48738096592207, 20.75929796732862], [-105.48746724679188, 20.75950024600515], [-105.48746160724349, 20.759593246129747], [-105.48754155899242, 20.759688959922848], [-105.487687652351, 20.75971799169886], [-105.48804158408265, 20.75964065553714], [-105.48818006383922, 20.759680582926105], [-105.48827192561325, 20.759826690526722], [-105.48853415180835, 20.759828371358402], [-105.48861503774212, 20.759760468866983], [-105.4886584621492, 20.75976869705241], [-105.48867655011246, 20.759818022759948], [-105.48880974496012, 20.759906425587296], [-105.48884863864937, 20.760073780864424], [-105.48924209807181, 20.760437041973614], [-105.48931858390569, 20.76051319896801], [-105.4893007048714, 20.76065036590977], [-105.4894244503975, 20.76079470775711], [-105.48954049542182, 20.760923184058107], [-105.48957004635145, 20.761163451837035], [-105.48967776224474, 20.76147632694708], [-105.48939169238271, 20.761815335492518], [-105.48856019834905, 20.761908855911337], [-105.48754643198927, 20.76251393706882], [-105.48699812042216, 20.76212926832772], [-105.4871129917961, 20.76198441203494], [-105.48755522484284, 20.76229466200394], [-105.48849512276615, 20.76173402123144], [-105.48929036291136, 20.76164473276184], [-105.48946299657662, 20.761440152859315], [-105.48939730607599, 20.7612425630838], [-105.48937793127313, 20.761161269379734], [-105.4893832408908, 20.76102700795727], [-105.48927221116907, 20.76091336465592], [-105.4891438076715, 20.76075534061939], [-105.48912394554708, 20.760579543466186], [-105.48907515942571, 20.76052977930787], [-105.48868160551379, 20.760163077309226], [-105.48863798832708, 20.760013602526723], [-105.48858075110168, 20.760003687798424], [-105.48817538414572, 20.759982931040216], [-105.48805258265014, 20.759832838890723], [-105.48773112697948, 20.759894017519223], [-105.48764793781692, 20.759894801157085], [-105.48750184429451, 20.759865769351123], [-105.48739048326762, 20.759800605627508], [-105.48731774680114, 20.759716239967133], [-105.48727572569847, 20.759640484908758], [-105.48710097020522, 20.75964365216499], [-105.48691693910065, 20.75962503254648], [-105.4866753266464, 20.759677664736543], [-105.48644156755925, 20.759564348075386], [-105.48631775818416, 20.759373322355174], [-105.48628965470343, 20.759190418974832], [-105.48625143703943, 20.759081201076267], [-105.48623257120887, 20.759072833220824], [-105.48599460637718, 20.75897532847656], [-105.48589230665551, 20.758843509185187], [-105.48582453082363, 20.758801403971432], [-105.48573167631424, 20.758802790469044], [-105.4856613831903, 20.758786396945812], [-105.48557164454205, 20.75880508958428], [-105.4855177168511, 20.758811866887488], [-105.4854625086075, 20.75887098955478], [-105.48536837150615, 20.758904847312404], [-105.48527279912956, 20.758890835440727], [-105.48515540591418, 20.75883467774638], [-105.48517522767095, 20.75895659685953], [-105.48488357935436, 20.759231678418804], [-105.48426586603723, 20.759702688915514], [-105.4841448766945, 20.759562309355], [-105.48475470487534, 20.759097312172432], [-105.48497063305963, 20.75889364912747], [-105.48494627667425, 20.758743832534563], [-105.48501648759792, 20.758612821548827], [-105.48512432066204, 20.758616990750124], [-105.48534922264928, 20.75872503485643], [-105.48541358957033, 20.758615657128583], [-105.48554441009287, 20.75862567136203]]]}}, {"type": "Feature", "properties": {"id": "playa-libre-2", "kind": "playa_libre", "area_m2": 171473.0, "ancho_efectivo_m": 19.1}, "geometry": {"type": "Polygon", "coordinates": [[[-105.53691698832071, 20.761379211715493], [-105.53638149418066, 20.761011953156313], [-105.53611096376713, 20.760715439279213], [-105.53574460385084, 20.760233027940384], [-105.53553370573344, 20.759925600095723], [-105.53552815559155, 20.75991699290679], [-105.5353351312582, 20.759597910085624], [-105.5353300882638, 20.75958900403831], [-105.53504512448585, 20.75904499385009], [-105.53483885677859, 20.75842704382064], [-105.5348553922833, 20.758049146767302], [-105.5347779695982, 20.75787568537158], [-105.53462922292704, 20.757767039571153], [-105.53424654815363, 20.757703735178392], [-105.53379602992368, 20.757720685304278], [-105.53350461933297, 20.757756683544265], [-105.5329445870906, 20.75795982481189], [-105.53271186162338, 20.75811488447588], [-105.53246780536736, 20.758491672133907], [-105.53234567203371, 20.75879734565901], [-105.53224381433674, 20.7593826608043], [-105.5321368385178, 20.760098874304095], [-105.53207461722687, 20.76045441844912], [-105.53200473771425, 20.76099150620277], [-105.53184416308096, 20.761341082185215], [-105.53164655646133, 20.76146426437952], [-105.53149835657418, 20.761819883625133], [-105.53104950606655, 20.762350585339497], [-105.5307242383434, 20.762703334696976], [-105.5305457416926, 20.762895714558518], [-105.53016134073881, 20.76329297051665], [-105.53005120248402, 20.76343083856571], [-105.52992628269023, 20.7635864447555], [-105.5298177452087, 20.763906153825594], [-105.52958100618214, 20.764211995301416], [-105.52938935618901, 20.7645487556321], [-105.52903484062584, 20.764874895370177], [-105.52861308045675, 20.76525796683039], [-105.52818056865858, 20.765583388823888], [-105.52749288692134, 20.7658227458138], [-105.52699811883319, 20.766062187037484], [-105.52671871766276, 20.766248018979553], [-105.52655229962541, 20.76645026258638], [-105.5266420719837, 20.766662265473318], [-105.52642226146997, 20.76689305526279], [-105.52615926486295, 20.76681755519631], [-105.52586383804712, 20.767120558920112], [-105.52456958612056, 20.76821168901008], [-105.52424902093885, 20.76823375936078], [-105.52408833981485, 20.768357987756797], [-105.52408897255172, 20.768357985826526], [-105.52403387572676, 20.768415888726494], [-105.52387574005296, 20.768549967915472], [-105.52371206675504, 20.768664840586624], [-105.52357576782975, 20.768754273439612], [-105.52341608570944, 20.768877727950564], [-105.52339257151506, 20.76889328843245], [-105.52294438144953, 20.769144962293733], [-105.52266705719236, 20.769507596568857], [-105.5217987272521, 20.769813544534525], [-105.52095454311377, 20.770537069732175], [-105.52042799669026, 20.770802565216503], [-105.5204149116645, 20.770928179051737], [-105.51993504231233, 20.771310017812464], [-105.519700638227, 20.771421784741204], [-105.51894919483183, 20.77153508616357], [-105.51853640100302, 20.771578037535914], [-105.51802405927737, 20.77151350506133], [-105.51744300335297, 20.771557128321163], [-105.51743546982327, 20.771557523281913], [-105.51697051870389, 20.771599467833425], [-105.51662539454352, 20.77168528733357], [-105.5163847747474, 20.771687471011802], [-105.51627753916901, 20.771657874628726], [-105.51615054235445, 20.77157953078853], [-105.51528258657068, 20.77192656614602], [-105.51495447776215, 20.772007832979575], [-105.51495447776338, 20.772007833342894], [-105.51480257761668, 20.772045455757652], [-105.51399439073337, 20.77219391596763], [-105.51399439073154, 20.772193915424513], [-105.5139313683758, 20.77220549212735], [-105.51338981948223, 20.772241910450518], [-105.51292005673784, 20.772332009271263], [-105.51236242504523, 20.772398743514408], [-105.51134369949239, 20.77239961519879], [-105.51054207498152, 20.772228282724672], [-105.5104921284123, 20.77225608377963], [-105.51039894322533, 20.772384407164058], [-105.51035633456033, 20.77260155035548], [-105.51029416924298, 20.772704538705934], [-105.51008934936297, 20.772873706544935], [-105.5100038671606, 20.77301795470959], [-105.50991874627985, 20.773090714656295], [-105.50969799788717, 20.773524287125923], [-105.50958907182768, 20.773616567625172], [-105.50941680743584, 20.77359586931821], [-105.50929609668282, 20.773520724754288], [-105.50911662133905, 20.77339369738495], [-105.50908112515563, 20.773219013059048], [-105.5091208605483, 20.77307618219383], [-105.50976999442442, 20.772474487845553], [-105.50974356727862, 20.77232367865693], [-105.50975909736867, 20.772217748660434], [-105.5098313524127, 20.772072414030035], [-105.50987537461545, 20.772015504431113], [-105.5095244261897, 20.771858108019046], [-105.50879227442952, 20.771511084906717], [-105.50780430958474, 20.771287692265822], [-105.5069969364625, 20.770958964897005], [-105.50635974810848, 20.770629212536512], [-105.50630341716092, 20.770624950215687], [-105.50617449214128, 20.77061519489996], [-105.50616845320816, 20.770697126057097], [-105.50620413376052, 20.770947961904202], [-105.50619384980497, 20.771030576011864], [-105.50631141816956, 20.771076815393183], [-105.50638119541063, 20.77117909356939], [-105.50638353558088, 20.771296383530363], [-105.50632193686172, 20.77140025612484], [-105.5062261693079, 20.77144819045711], [-105.50614228237205, 20.771439166201], [-105.50609738893304, 20.771548121727694], [-105.50583925339176, 20.771845013824553], [-105.505757817573, 20.771927930485624], [-105.50565302130912, 20.771960463663277], [-105.50551972865667, 20.771914592693353], [-105.50542823306874, 20.771794800173698], [-105.50514796990659, 20.77140753094819], [-105.50511820815947, 20.771281013091077], [-105.50519400477668, 20.77116722773681], [-105.50534415639986, 20.77106034194332], [-105.50534415639969, 20.77106034188926], [-105.5056160681018, 20.770866780233924], [-105.50559933879896, 20.77036858609817], [-105.50555634633113, 20.77031953894716], [-105.50534145139574, 20.770246975449627], [-105.5053414513952, 20.770246975289258], [-105.50497308266237, 20.77012258728015], [-105.50456548386812, 20.769906980513376], [-105.5042469991475, 20.76970325508275], [-105.50337990164319, 20.769266928556263], [-105.50282770905469, 20.768903067123475], [-105.50214283045752, 20.768360629308116], [-105.50167362861967, 20.768000228746107], [-105.5015398578828, 20.767864268011262], [-105.50146976825944, 20.76785307325857], [-105.50136141197623, 20.76796435521465], [-105.50085003900276, 20.768136857008134], [-105.5007152449333, 20.768139738342537], [-105.5006198676007, 20.76807276227351], [-105.50047186073421, 20.768169738346444], [-105.50031988360965, 20.768195367843045], [-105.49956959358335, 20.76792986417948], [-105.49956959358362, 20.767929864261518], [-105.49956347261673, 20.767927698147552], [-105.49905062345486, 20.767704232973173], [-105.49893232768616, 20.767783791980538], [-105.49879741669996, 20.76777058690611], [-105.49868465728565, 20.767682702952577], [-105.49864745023591, 20.767535875242835], [-105.49803954304102, 20.76719850675081], [-105.49771658709189, 20.76696484317591], [-105.49734047164279, 20.766739393556275], [-105.4967758559472, 20.766298849991045], [-105.49678218459482, 20.766088894933436], [-105.49663994219237, 20.766012124630183], [-105.49639761858272, 20.765749866108], [-105.49586358484216, 20.765491628997605], [-105.49548850837232, 20.765174789308432], [-105.49536995178298, 20.76504048834995], [-105.49524088843543, 20.764960119713077], [-105.49507934002669, 20.76487886060028], [-105.49498394216484, 20.764817178051228], [-105.49497120346555, 20.765397988801745], [-105.49477912501048, 20.765393638397168], [-105.49478325665325, 20.765225648484304], [-105.49479400149845, 20.76481269137842], [-105.49474409500792, 20.76450529793716], [-105.4951817466054, 20.76472543936373], [-105.49533944205129, 20.764804760503246], [-105.4954996607623, 20.764904530008046], [-105.49562735060282, 20.765049177450212], [-105.49597350588499, 20.765341585731232], [-105.49653682184447, 20.765613982575122], [-105.49676192955755, 20.76586961244061], [-105.49697750031366, 20.765985958088503], [-105.4969705669767, 20.76621597401936], [-105.49745388389785, 20.76659308273268], [-105.49782700842208, 20.76681673997514], [-105.49814889146825, 20.767049627587923], [-105.49880280217903, 20.767429538359266], [-105.49885835953327, 20.767599206342762], [-105.49888803033146, 20.767607948001036], [-105.4989973386952, 20.767490632617566], [-105.49963670998442, 20.76776053555117], [-105.50036632990367, 20.76801872417659], [-105.50065216316018, 20.76783128301477], [-105.50077855249894, 20.76796911827706], [-105.50130192082032, 20.76779243886223], [-105.50147207617387, 20.767672373740346], [-105.50157849282427, 20.767683142577543], [-105.50179000367233, 20.767876169380653], [-105.50226234462976, 20.76821903584667], [-105.50294494497284, 20.76875966912767], [-105.50348070901927, 20.76911270396317], [-105.50434662708307, 20.76954843711015], [-105.50466741065017, 20.76975363383826], [-105.50508570627527, 20.76997896559077], [-105.50566978297168, 20.770164864825322], [-105.50578931347334, 20.770301228272047], [-105.50581124971711, 20.77095447645025], [-105.50531048105756, 20.771310950958288], [-105.50564773088247, 20.771779820060114], [-105.50594864678317, 20.771433725248617], [-105.50598705085102, 20.771227019800957], [-105.50619427691184, 20.77126519649052], [-105.5061955255458, 20.771225600511887], [-105.50604236821354, 20.77117899424055], [-105.50599460272299, 20.77112105485603], [-105.50601083640088, 20.77095187098215], [-105.5059754247068, 20.770702917321753], [-105.50599624883617, 20.77042041137025], [-105.50630281293348, 20.7704436088088], [-105.50641660765783, 20.770452219547927], [-105.50708861248667, 20.770802996036846], [-105.5078657036178, 20.771115713755623], [-105.50885884958784, 20.771340277998437], [-105.50960902254018, 20.771695842064112], [-105.51019981051067, 20.771960803544346], [-105.5100054079315, 20.772148957607726], [-105.50993315302104, 20.77229429230736], [-105.50997605572947, 20.772542131241117], [-105.50929651772273, 20.773166849813666], [-105.50927959132363, 20.773289985012283], [-105.50952466051054, 20.773446311708888], [-105.5097612139293, 20.772981174500185], [-105.5098512980919, 20.772904171228234], [-105.50993732410973, 20.7727587667696], [-105.5101673822831, 20.772568753973378], [-105.51021736345459, 20.77231403869867], [-105.5103575334304, 20.77212101451026], [-105.51051005033536, 20.772036118910748], [-105.51136517047537, 20.772218885003802], [-105.51235016217818, 20.772218042456522], [-105.51288868938046, 20.772153595299155], [-105.51336366106656, 20.772062496122015], [-105.51390600750622, 20.772026024906353], [-105.51399376824193, 20.772009903965248], [-105.51399376824175, 20.772009903910835], [-105.51475965039262, 20.771869215534696], [-105.51495384494974, 20.771821116977993], [-105.51495384495033, 20.77182111714625], [-105.51522018996249, 20.771755148024276], [-105.51607029347866, 20.77141505266697], [-105.51600332711344, 20.77103543367569], [-105.516002350488, 20.770342718504498], [-105.51596297449754, 20.770057089966986], [-105.51600487749951, 20.770051707182496], [-105.51603444624452, 20.77032504239891], [-105.51602206060464, 20.770585243870137], [-105.51603884723968, 20.770997465038203], [-105.51611399120848, 20.77134086639115], [-105.51638292130299, 20.77150676793275], [-105.51659950931827, 20.77150480291502], [-105.51704350180654, 20.771394383721255], [-105.51704315695916, 20.771087505526925], [-105.51695751002673, 20.77030598574976], [-105.51687720268956, 20.770158824915267], [-105.51650535319877, 20.770115258642186], [-105.51649736611189, 20.770026570088074], [-105.516905424324, 20.77013340052038], [-105.51697447581438, 20.7702045316104], [-105.51704541354235, 20.770724106247368], [-105.51713576630496, 20.771405276706904], [-105.51713786255797, 20.771405270396013], [-105.51742005837025, 20.771377339057917], [-105.51743001053343, 20.771376817542357], [-105.51797127751024, 20.771336182225717], [-105.51793527884733, 20.77064824516599], [-105.51798507826544, 20.770646607745814], [-105.51802678501173, 20.77133152413986], [-105.51853875416765, 20.771396009854687], [-105.51892103996616, 20.771356677249297], [-105.51964283943981, 20.771247494621196], [-105.51981093926659, 20.77117205731576], [-105.52029080947221, 20.770790218895357], [-105.51993856033093, 20.77036353602814], [-105.51977468704037, 20.770252320176887], [-105.5197813345834, 20.77020610369424], [-105.51995925995622, 20.77028724715505], [-105.520140400757, 20.77054429318321], [-105.52029731447524, 20.770663415127913], [-105.52084274719465, 20.770388397077337], [-105.52169682503538, 20.769656392274094], [-105.52254735282234, 20.769356948600066], [-105.52263071033724, 20.76924705279311], [-105.5226302477203, 20.769112539817396], [-105.52277006499764, 20.769021580307367], [-105.52293737101233, 20.768932722724983], [-105.52312098581957, 20.76882048718632], [-105.52328138457123, 20.768720912390123], [-105.5234420359925, 20.768621680030094], [-105.52345961707184, 20.768610144149836], [-105.52358892141196, 20.768510174847673], [-105.52358892141338, 20.76851017528639], [-105.52417414364385, 20.768057719382217], [-105.52449016644488, 20.76803596212382], [-105.52572858784426, 20.766991900092528], [-105.52611266673975, 20.7665979717942], [-105.5263832280492, 20.766716113096336], [-105.5264508573155, 20.76664460409287], [-105.52632077661904, 20.766436367744042], [-105.52658434474132, 20.766116061028995], [-105.52689820847465, 20.765907308710513], [-105.52741530995823, 20.765657058594496], [-105.5280847814495, 20.76542404125472], [-105.52848606163799, 20.765122117790092], [-105.52890093248195, 20.764745302412617], [-105.52923389918551, 20.764438988386107], [-105.52941787262924, 20.76411571673515], [-105.52964415598606, 20.763823384314684], [-105.52975321676638, 20.763502132257607], [-105.52989773645706, 20.76332211388267], [-105.5300131670039, 20.763177620961848], [-105.53040230048461, 20.7627754732994], [-105.53057928599532, 20.762584722851674], [-105.53090168847439, 20.762235081827978], [-105.53133001900288, 20.761728642198616], [-105.5314898273064, 20.76134516745356], [-105.53169043514653, 20.76122011481729], [-105.53181739275416, 20.76094372390686], [-105.53188439536665, 20.760428756155274], [-105.53194689492918, 20.760071624555817], [-105.53205386038054, 20.759355490701207], [-105.53215914089847, 20.758750509893503], [-105.53229432469202, 20.758412175715293], [-105.53256843333037, 20.757988992189336], [-105.53285309375278, 20.7577993288662], [-105.53345687620474, 20.757580318405168], [-105.53377964873562, 20.757540445967184], [-105.53425949612996, 20.757522391833515], [-105.53470942629212, 20.75759682305076], [-105.53493560789377, 20.757762026518886], [-105.53504911479891, 20.758016333646193], [-105.53503219654426, 20.758402982887155], [-105.53522842716607, 20.758990861810872], [-105.53550211790947, 20.759508540016704], [-105.5356951434312, 20.75982762264542], [-105.535903580418, 20.760131463603496], [-105.53626233250203, 20.760603857079573], [-105.5365127442298, 20.760878318896626], [-105.5370180757774, 20.761224891241433], [-105.53772360427585, 20.7615656149327], [-105.5379304132487, 20.761730337213315], [-105.53807436611469, 20.76198983439694], [-105.53807436657581, 20.7619898343955], [-105.5382326081147, 20.762275088743166], [-105.5382240104386, 20.762593130805257], [-105.53789789122003, 20.763225380718023], [-105.5377638916898, 20.7638053515478], [-105.53756796051236, 20.764516678567823], [-105.53751442354991, 20.76541884893167], [-105.53757916369301, 20.766189807404814], [-105.53773835233375, 20.766763435480392], [-105.53784887643144, 20.76711163757559], [-105.53806400378546, 20.767614636881156], [-105.53832750741648, 20.76809791589643], [-105.5384510830667, 20.768313571476664], [-105.53845108311518, 20.768313571452083], [-105.53856985868624, 20.768520849697282], [-105.53870629906626, 20.76886369217116], [-105.53868284500804, 20.769579254438195], [-105.53875765687603, 20.769986350580822], [-105.53888356899013, 20.770328431614395], [-105.53925826958996, 20.77070890730434], [-105.53907754082323, 20.770853810874403], [-105.53880263621372, 20.771001897454827], [-105.53854738605796, 20.771273817985676], [-105.53839745400023, 20.7714682305881], [-105.53825900957526, 20.771771071182027], [-105.5379071885167, 20.771808369851485], [-105.53770316935785, 20.77194374462528], [-105.53740081057755, 20.77238100953879], [-105.53704772706482, 20.772510895403006], [-105.53662687982167, 20.773115748362272], [-105.5364475345692, 20.773554962965605], [-105.5359673392781, 20.773991345895475], [-105.53566560894232, 20.774225478581883], [-105.53522157271107, 20.774472220686448], [-105.5349531765109, 20.774781881574054], [-105.53464360294097, 20.77523780644431], [-105.53452190398468, 20.775554316125657], [-105.53431733464757, 20.775554952681198], [-105.5344701699738, 20.775157468680913], [-105.53479721932129, 20.774675806936695], [-105.53509430845159, 20.774333043561956], [-105.53555492395087, 20.77407708800291], [-105.53583924447393, 20.773856464720872], [-105.53628341864061, 20.773452816707916], [-105.53645486530189, 20.77303294502455], [-105.53692056492855, 20.77236363152497], [-105.53727336901332, 20.772233848900527], [-105.53756222784827, 20.771816106279747], [-105.53783669286345, 20.771633988668743], [-105.53812657764836, 20.77160325609203], [-105.53822937556728, 20.771378392390634], [-105.53839725587429, 20.771160707632166], [-105.53867960235097, 20.770859921286167], [-105.53898799402144, 20.770693925205073], [-105.53871519660359, 20.770423397902398], [-105.53857098299596, 20.77003159434381], [-105.53849019805835, 20.76959198870853], [-105.53851308691219, 20.76889370246806], [-105.53839450571502, 20.768595736962112], [-105.53815743761935, 20.768182022544075], [-105.53788902799455, 20.767689743813605], [-105.53766730912669, 20.767171332117535], [-105.53755328991404, 20.76681211741066], [-105.5373889640736, 20.766219975022977], [-105.53732186707207, 20.765420937584622], [-105.53737718854744, 20.76448871018401], [-105.53756729321982, 20.76379854127752], [-105.53756729310888, 20.76379854127786], [-105.53757694867711, 20.763763487283633], [-105.53771501458289, 20.76316591696975], [-105.53803299973566, 20.762549439195254], [-105.53803927711229, 20.762317233556434], [-105.53777750342141, 20.761845346567156], [-105.53761625280805, 20.761716911310533], [-105.53691698832071, 20.761379211715493]]]}}, {"type": "Feature", "properties": {"id": "playa-libre-3", "kind": "playa_libre", "area_m2": 5956.1, "ancho_efectivo_m": 18.5}, "geometry": {"type": "Polygon", "coordinates": [[[-105.48706658691846, 20.76269998932187], [-105.48696558901803, 20.762555206353404], [-105.48673456153438, 20.762260470935193], [-105.48688920678447, 20.762153233206348], [-105.48712334910135, 20.762451943407477], [-105.4872891580186, 20.76268963322166], [-105.48728258080038, 20.762817134994755], [-105.4870227936115, 20.762908190080633], [-105.4867321252163, 20.762899814475276], [-105.48652998600713, 20.762757969676603], [-105.48644312080997, 20.762790900275117], [-105.48653005608395, 20.7630686125303], [-105.48597088228358, 20.76386532334802], [-105.48581053695, 20.763765765647143], [-105.48632053620864, 20.76303911872709], [-105.48625881212232, 20.76284194208383], [-105.4863712957868, 20.76262329071788], [-105.4864581599447, 20.762590360159344], [-105.48664487562807, 20.762613126289885], [-105.48679850474927, 20.76272093012955], [-105.48699101301894, 20.76272647739335], [-105.48706658691846, 20.76269998932187]]]}}, {"type": "Feature", "properties": {"id": "playa-libre-4", "kind": "playa_libre", "area_m2": 1973.9, "ancho_efectivo_m": 16.5}, "geometry": {"type": "Polygon", "coordinates": [[[-105.49457653320623, 20.764498927702505], [-105.49468581417703, 20.76462874986656], [-105.49467689311426, 20.764713092559305], [-105.49461934300916, 20.765257159671236], [-105.49460582708716, 20.765384937267015], [-105.49441463646335, 20.765367046698636], [-105.49442920128554, 20.765233855553543], [-105.49448692985361, 20.764683606694973], [-105.49438585649165, 20.764521142113498], [-105.49457653320623, 20.764498927702505]]]}}, {"type": "Feature", "properties": {"id": "playa-libre-5", "kind": "playa_libre", "area_m2": 1753.8, "ancho_efectivo_m": 15.2}, "geometry": {"type": "Polygon", "coordinates": [[[-105.53383099510934, 20.775794111898723], [-105.53374304142503, 20.775744887395973], [-105.5338249361486, 20.775580433606795], [-105.53391850382214, 20.775632799459515], [-105.53417154298977, 20.775735315623145], [-105.53431558699137, 20.775909746861288], [-105.53451412557438, 20.776271242036447], [-105.53428302429622, 20.776164771047895], [-105.5340501374597, 20.77588289468464], [-105.53383099510934, 20.775794111898723]]]}}, {"type": "Feature", "properties": {"id": "playa-libre-6", "kind": "playa_libre", "area_m2": 2351.3, "ancho_efectivo_m": 17.3}, "geometry": {"type": "Polygon", "coordinates": [[[-105.53191692241947, 20.778018252128604], [-105.53173416539381, 20.777779818617752], [-105.5314582941258, 20.7776712850127], [-105.53153244751674, 20.77750457295119], [-105.53180831852912, 20.777613106444615], [-105.53189003749301, 20.77767414538538], [-105.53204052152438, 20.777870473480338], [-105.53233864823882, 20.777965249131462], [-105.53248881122764, 20.778087840171867], [-105.53234231622628, 20.77818121544863], [-105.53191692241947, 20.778018252128604]]]}}, {"type": "Feature", "properties": {"id": "playa-libre-7", "kind": "playa_libre", "area_m2": 2441.5, "ancho_efectivo_m": 15.7}, "geometry": {"type": "Polygon", "coordinates": [[[-105.53166518587716, 20.778295152975808], [-105.5316474683411, 20.778209986856382], [-105.53170454667737, 20.778111444192003], [-105.53159096903076, 20.7779565336546], [-105.53135693691185, 20.77787370403171], [-105.53142461427329, 20.777704573348338], [-105.53171498523453, 20.77780734258436], [-105.53193326612686, 20.778104767874474], [-105.53184654173761, 20.77823644558027], [-105.53194971001398, 20.778402585082002], [-105.53215400250369, 20.77831962165332], [-105.53221581056182, 20.778427334016637], [-105.53178696027958, 20.77852064848916], [-105.53166518587716, 20.778295152975808]]]}}, {"type": "Feature", "properties": {"id": "playa-libre-8", "kind": "playa_libre", "area_m2": 102704.3, "ancho_efectivo_m": 19.9}, "geometry": {"type": "Polygon", "coordinates": [[[-105.50156142142926, 20.780678036670107], [-105.50092656241497, 20.781314924084285], [-105.50045397650474, 20.781789013211572], [-105.50003340880808, 20.781872262945793], [-105.4994794562058, 20.781607850332286], [-105.49956642328891, 20.781446706358068], [-105.50006004070039, 20.781682320810575], [-105.50035517928507, 20.781623898701408], [-105.50078856914934, 20.781189129714274], [-105.50152637116227, 20.780448971337524], [-105.50230583508657, 20.780880271656343], [-105.50304060999493, 20.780979748753566], [-105.50374346401921, 20.780678621964725], [-105.50449996699673, 20.780354776402902], [-105.50587337684476, 20.780427216863593], [-105.5063364646975, 20.780540244657416], [-105.50633646469954, 20.78054024527196], [-105.50694931740232, 20.780689825420563], [-105.5070139761665, 20.7807185295037], [-105.50760786059521, 20.781124194308504], [-105.50768352659304, 20.781235756494322], [-105.50778934609384, 20.781745110840912], [-105.50807134339831, 20.782177039056542], [-105.508472453891, 20.78213415505619], [-105.50926397290593, 20.78217729361166], [-105.51005547303296, 20.782273909431282], [-105.5110983114283, 20.782584767761115], [-105.51179179486569, 20.782888740764772], [-105.51228567223221, 20.783256105852626], [-105.51257386030687, 20.783692083809296], [-105.51303710908324, 20.784222918942536], [-105.51312535134225, 20.78504373946681], [-105.51324256627568, 20.785380087264517], [-105.51338890518394, 20.785636176782], [-105.51346967407578, 20.78569355435926], [-105.51366335078625, 20.78573158682023], [-105.5138332816675, 20.785714642540675], [-105.5142997755993, 20.785691926186345], [-105.51457665640326, 20.78574704494274], [-105.51522526834029, 20.786072220837635], [-105.51555490374962, 20.78639772175544], [-105.51580517811958, 20.78646655311278], [-105.51583696649101, 20.786765191642452], [-105.5159490364427, 20.78702873316539], [-105.51604011374435, 20.787115816469488], [-105.51635242497, 20.787380316100762], [-105.51680551731754, 20.78770082679444], [-105.51689330801248, 20.787871843034694], [-105.51710797055907, 20.788008022554088], [-105.5179614531174, 20.788213875300997], [-105.51865036660155, 20.78860163770363], [-105.51892735554813, 20.789487470486403], [-105.51897268145494, 20.79037832227513], [-105.51902348123947, 20.790621279374495], [-105.51908718649652, 20.790848877577204], [-105.5191856950617, 20.79098761658678], [-105.51928420476943, 20.79112635553085], [-105.51935109381482, 20.791314613865165], [-105.51939179880429, 20.791428347253024], [-105.51960952123055, 20.79162992553601], [-105.51957548369131, 20.79179054400536], [-105.51958754040233, 20.79179926751038], [-105.51963797497966, 20.79183575955824], [-105.51973472288344, 20.791832621315], [-105.51993118634904, 20.79179903012735], [-105.52001966916248, 20.791756938136494], [-105.520160855661, 20.79167775161188], [-105.52022495454219, 20.791518595142396], [-105.52033425069722, 20.791413968753393], [-105.52052440097808, 20.79128237526413], [-105.52062804608342, 20.791235738163657], [-105.52067450360772, 20.79121923288647], [-105.52077545996188, 20.79108907164912], [-105.52090832659201, 20.790932631089763], [-105.52118156652779, 20.790933031375147], [-105.52124229281442, 20.790935981418333], [-105.52131484351752, 20.79089148037656], [-105.52162411642183, 20.790683246321006], [-105.52174323260058, 20.790562673925766], [-105.52174323260195, 20.790562674320793], [-105.52178800249621, 20.79051735718537], [-105.5220125200887, 20.790281488117216], [-105.52228861766342, 20.7901253373209], [-105.52275023764815, 20.790254697813417], [-105.52303691865951, 20.790320722164516], [-105.52342968727844, 20.790369194401606], [-105.52364585931731, 20.790333905269534], [-105.52399338698582, 20.79009084190647], [-105.52428589103052, 20.789959971827233], [-105.5245553330455, 20.789721577790136], [-105.5247734553678, 20.789582912392824], [-105.5252071278168, 20.789409495171167], [-105.52546632011254, 20.789272386570552], [-105.52554984053613, 20.789198781805812], [-105.52574946066605, 20.789085954878143], [-105.5264542580437, 20.78879695652043], [-105.52665808822174, 20.78865864613583], [-105.52667102325202, 20.78864437901864], [-105.52660510885958, 20.788530484397732], [-105.52678627756525, 20.788180887506257], [-105.52693023750648, 20.787940525594475], [-105.52740466446411, 20.78771542619201], [-105.5276228107929, 20.78769694489731], [-105.5280204956926, 20.787672093166925], [-105.52809324462285, 20.787646938401004], [-105.52809626938546, 20.787636753221346], [-105.5280192329124, 20.787449079862956], [-105.52788199363383, 20.787216228446574], [-105.52786056164437, 20.786617353439325], [-105.52792842387741, 20.7864174194752], [-105.5279284240149, 20.78641741947478], [-105.52810007212325, 20.785911712861566], [-105.5281289866177, 20.78566038132052], [-105.52825885149882, 20.785386188158494], [-105.52831901980818, 20.78534260599414], [-105.52833805563186, 20.785238645402384], [-105.52837981825935, 20.785146313236915], [-105.52854698230729, 20.78509541354055], [-105.52861656554089, 20.784980707587252], [-105.52861264434027, 20.78491745519765], [-105.52863403925915, 20.784827186161234], [-105.52875814345653, 20.784724579881377], [-105.52885870213109, 20.784549389992854], [-105.52895036418471, 20.784492127399698], [-105.52904501101202, 20.784479163364725], [-105.52911542975788, 20.78450928875835], [-105.52915683908553, 20.78449910814165], [-105.52938692609362, 20.784247487840467], [-105.52951144575576, 20.784207821637622], [-105.52951274294472, 20.78418801886111], [-105.5294418084106, 20.784134770443334], [-105.52941635233681, 20.78408188956424], [-105.52940307530199, 20.784004768405875], [-105.52948650438738, 20.783760309053523], [-105.52953042555697, 20.783617218874], [-105.52957869407958, 20.78354103553772], [-105.52953203540633, 20.783479613672203], [-105.52948914082492, 20.78342636913697], [-105.5294698261654, 20.783328561549816], [-105.52948627593851, 20.78316658587539], [-105.5295217696792, 20.783077983681334], [-105.5296908905165, 20.782920333159367], [-105.52982321211856, 20.78263795494055], [-105.52998240412401, 20.782336244266382], [-105.53004945992795, 20.782123214856924], [-105.53059838267265, 20.78163845074552], [-105.53095524269378, 20.781426062157614], [-105.53129655620732, 20.781302047422763], [-105.5310437002786, 20.781273315781167], [-105.53076502237418, 20.78104600986527], [-105.5306600263973, 20.780803508376348], [-105.53059068930122, 20.780378566582492], [-105.53068614320136, 20.78008400687695], [-105.53088609145368, 20.78008687384771], [-105.5307872598086, 20.780391858517486], [-105.53084652416926, 20.780755065889124], [-105.53092565028244, 20.780937819011715], [-105.53112416422883, 20.781099738142945], [-105.53135570338141, 20.78112329680489], [-105.53158729035215, 20.781262603581684], [-105.53161885140734, 20.78134923575419], [-105.53172418717942, 20.78137678889549], [-105.53169944002559, 20.78149025400495], [-105.5316151851023, 20.781431027295145], [-105.53149805823922, 20.781422561216615], [-105.53104207387938, 20.78158824174204], [-105.5307165897616, 20.78178195636789], [-105.53021893741531, 20.78222144242646], [-105.53016193061354, 20.78240254795632], [-105.52999728698599, 20.78271459425774], [-105.52985162743235, 20.783025435202887], [-105.52967756194619, 20.783183767960974], [-105.5296611114154, 20.783345743652], [-105.52976553578634, 20.783434790657612], [-105.52978811077176, 20.783587997975303], [-105.52971260141427, 20.783671981806236], [-105.52969743407226, 20.78372697128978], [-105.52975034306158, 20.78377083574822], [-105.52973520786946, 20.783838895110353], [-105.52964592707879, 20.783884512029832], [-105.52959835265172, 20.784023915237604], [-105.52971118464453, 20.784097612876707], [-105.52969530875959, 20.784340048671673], [-105.52949835364997, 20.78440278941802], [-105.52937723282767, 20.78453524511671], [-105.52940683428353, 20.7846080954126], [-105.52928119097363, 20.78460996463562], [-105.52924205169292, 20.784712680753508], [-105.52919033073096, 20.784739859295044], [-105.52901162257545, 20.784663409683365], [-105.52897515881237, 20.784726934680997], [-105.52901161000716, 20.784794102243332], [-105.52907371684226, 20.784908543529852], [-105.52905828017113, 20.784948378397903], [-105.5288778611437, 20.784867932063335], [-105.52880401922205, 20.78492257633701], [-105.5288497384661, 20.7849928435055], [-105.52884079820655, 20.785134620409938], [-105.52873445985196, 20.78514810465389], [-105.52870386345359, 20.78520335119205], [-105.52865551400473, 20.785252978044802], [-105.52852165580583, 20.785291975747356], [-105.52856414162152, 20.785342277974106], [-105.52855790360712, 20.785397056443045], [-105.52851742921655, 20.7854426725119], [-105.52841101926431, 20.785501360911866], [-105.5283169196932, 20.785706866738288], [-105.52828903041612, 20.785949286062028], [-105.52813034739945, 20.786416798401078], [-105.52813034761556, 20.78641679840041], [-105.52805373207644, 20.78664252162428], [-105.52807249040005, 20.787166672401778], [-105.52816301136876, 20.787320256368893], [-105.52816301109304, 20.787320256370343], [-105.5281937292178, 20.787372374883223], [-105.52829849849157, 20.78762761132779], [-105.52825186888882, 20.78778462791608], [-105.52806084366142, 20.787850681156762], [-105.52763780404761, 20.78787711715473], [-105.52745845818637, 20.78789231138144], [-105.5270689827024, 20.788077104412306], [-105.52695503685862, 20.78826735330627], [-105.52681356439354, 20.788519947203348], [-105.52691197407839, 20.788657152293634], [-105.52678929812203, 20.788792454477036], [-105.52654997219115, 20.78895485163212], [-105.52583773173588, 20.789246901916663], [-105.5256663390619, 20.789343774212917], [-105.52558077541529, 20.789419180660357], [-105.52529209059496, 20.789571890175395], [-105.52486571574983, 20.78974238849242], [-105.52467575670374, 20.789863150653034], [-105.5243956397773, 20.79011098985851], [-105.52409295397416, 20.790246415332184], [-105.52372381822155, 20.79050459269223], [-105.52343371018435, 20.79055195125647], [-105.52300145425653, 20.790498605391537], [-105.52269991147453, 20.790429158388243], [-105.52231499606894, 20.790321294063695], [-105.52213638195197, 20.790422311413323], [-105.52192999799831, 20.790639129985383], [-105.5217517254655, 20.790819580463925], [-105.5214233222772, 20.791040697073562], [-105.52129486773201, 20.79111948814264], [-105.52117165061829, 20.79111350126963], [-105.52099785528358, 20.79110505655498], [-105.52093193005814, 20.791193996967472], [-105.5207960031168, 20.791369245370472], [-105.52070361101092, 20.791402069162796], [-105.52062369937768, 20.791438026541492], [-105.52046054985321, 20.791550934895582], [-105.5203903545438, 20.791618131260385], [-105.52031683519134, 20.791800679665645], [-105.52011236914858, 20.79191535741889], [-105.51999302339495, 20.79197213092121], [-105.5197553320103, 20.7920127710077], [-105.51957554855368, 20.792018602970085], [-105.51947035540083, 20.791942490238284], [-105.5193609203042, 20.791863308235982], [-105.51940303998896, 20.79168844965615], [-105.51922477762488, 20.791528199798872], [-105.51916889923923, 20.791372070296017], [-105.5191100977877, 20.791206576993247], [-105.51901520102756, 20.791072924903627], [-105.51890952962697, 20.790924096624945], [-105.51883609845369, 20.790661752475216], [-105.51878140837, 20.79040019014257], [-105.5187365099509, 20.78951770575889], [-105.51848720592032, 20.788720407420314], [-105.51788669601252, 20.78838240415627], [-105.51702804875534, 20.78817530524346], [-105.51674281821344, 20.787994358874634], [-105.51665273817743, 20.787818881346034], [-105.51623013273583, 20.787519936902605], [-105.51590719403337, 20.78724643610643], [-105.51578495436002, 20.787129556607702], [-105.51564846466184, 20.78680859029987], [-105.51562687830723, 20.786605796920078], [-105.51545138029347, 20.786557530813415], [-105.51534820027722, 20.78645564525063], [-105.51534820008611, 20.786455645251202], [-105.5151075040054, 20.786217967864676], [-105.51451025611229, 20.7859185426741], [-105.51428459062811, 20.785873618874465], [-105.51384839203098, 20.785894859364596], [-105.51365360755705, 20.785914282399197], [-105.51338822332946, 20.78586216915859], [-105.51323953730335, 20.78575654208982], [-105.51306525649765, 20.785451553049285], [-105.5129362616805, 20.785081404700527], [-105.51285176206659, 20.784295383452267], [-105.51241732201181, 20.78379756016143], [-105.51214017520265, 20.783378284757063], [-105.51169023032224, 20.783043598428], [-105.51114794621142, 20.78280590022024], [-105.5111479462114, 20.782805900214047], [-105.51102840095481, 20.782753499867635], [-105.51001374741426, 20.78245104366365], [-105.50924602491561, 20.78235732986481], [-105.50847778608926, 20.782315460477186], [-105.5080930477289, 20.7823565946447], [-105.5079006784601, 20.782377160503138], [-105.50760572369147, 20.78180366963403], [-105.50749493740278, 20.781270408966538], [-105.50741560474268, 20.781216219215437], [-105.50690105364343, 20.78086474287723], [-105.50675835482556, 20.78082991885529], [-105.5058432892225, 20.780606600114506], [-105.50453544167274, 20.7805378891782], [-105.50381972616783, 20.780844529785725], [-105.5034556757451, 20.78100050147693], [-105.50345567574468, 20.78100050135089], [-105.503068997738, 20.781166166152147], [-105.50224100419457, 20.781054068955847], [-105.50156142142926, 20.780678036670107]]]}}, {"type": "Feature", "properties": {"id": "playa-libre-9", "kind": "playa_libre", "area_m2": 117666.5, "ancho_efectivo_m": 19.9}, "geometry": {"type": "Polygon", "coordinates": [[[-105.50721799009014, 20.78221514066247], [-105.50687206707865, 20.782548119739833], [-105.50648999594188, 20.782620430680854], [-105.50576920920325, 20.782871577792804], [-105.50507205572745, 20.783189258416154], [-105.50435500329428, 20.783449678192028], [-105.50380985035129, 20.783627573502702], [-105.50309647246662, 20.783896691247026], [-105.50234057607004, 20.78422511375028], [-105.50169818565787, 20.784622376184743], [-105.50102578197561, 20.784978799737253], [-105.50048763444883, 20.785455804508953], [-105.50036827775727, 20.78583162019387], [-105.50025301257243, 20.785814055647794], [-105.50014029969401, 20.785658935315045], [-105.49974432983034, 20.78597821347603], [-105.4996279920565, 20.786111220664772], [-105.49962799205595, 20.786111221135993], [-105.49959880108948, 20.78614459420026], [-105.49946430831913, 20.786225825388343], [-105.49918867052779, 20.78647795998495], [-105.49915276736102, 20.78650349873512], [-105.4991527670478, 20.786503498736028], [-105.49903476850243, 20.786587432979633], [-105.49890351924171, 20.786720279299097], [-105.49875307715219, 20.786779015139327], [-105.49862262481543, 20.78696126025956], [-105.49846583829704, 20.786998392954438], [-105.4982650825766, 20.787128213984293], [-105.49822308664396, 20.7872828891811], [-105.49825112945976, 20.787438195988518], [-105.49824888580318, 20.78751836648368], [-105.49813905133581, 20.787601622249543], [-105.49796274914962, 20.78758699096437], [-105.49786522945166, 20.787634850855433], [-105.49771394779492, 20.787843512598666], [-105.49764818950474, 20.78788957164359], [-105.49749537889323, 20.78803820680491], [-105.49730986218275, 20.78798315904747], [-105.49723428007886, 20.78799952644677], [-105.49707656556603, 20.78796906513417], [-105.49701447191735, 20.788063941799663], [-105.49695702815148, 20.788076508587263], [-105.49690457520451, 20.78811999795644], [-105.49679682101046, 20.78813846329274], [-105.49668100937333, 20.788071183090537], [-105.49658767411847, 20.78811752392097], [-105.49639415809283, 20.788088120609963], [-105.49632380938168, 20.788087724960985], [-105.49617899794072, 20.78813521102452], [-105.49527077330106, 20.788497669148125], [-105.49459790782274, 20.78896593291558], [-105.49405222000472, 20.789332569537862], [-105.49351260266158, 20.78982442699592], [-105.49289919609947, 20.79028185484737], [-105.49265370430736, 20.790599659228175], [-105.49220037076732, 20.791041382932665], [-105.49220037064637, 20.791041382932423], [-105.49208594075117, 20.79115288166683], [-105.49176330711751, 20.791536988839223], [-105.49139963868657, 20.7919358469918], [-105.49086574721906, 20.79238365564961], [-105.4900825946479, 20.79325348561623], [-105.48954821108197, 20.793836148257963], [-105.48921116333489, 20.794276381337966], [-105.48868159731244, 20.794805021709475], [-105.48849197635111, 20.795124036363752], [-105.48806014630267, 20.79557101552713], [-105.48806014705454, 20.795571015524995], [-105.4878943484356, 20.79574262880219], [-105.4878943484327, 20.795742627898637], [-105.48774523967053, 20.79557191082537], [-105.48774524039486, 20.795571910823305], [-105.48757443575543, 20.795376352185613], [-105.48783137806483, 20.79487078933638], [-105.4875383556191, 20.794471438061535], [-105.48739427362216, 20.793785447408727], [-105.48709942324135, 20.793363093068507], [-105.48672861617557, 20.792788500066873], [-105.4865367975077, 20.79278756300125], [-105.48640771317469, 20.792957635032668], [-105.48705310338256, 20.793736474275708], [-105.48701920327755, 20.79406401052292], [-105.48671654083066, 20.794252617583343], [-105.4869139738855, 20.79480404628496], [-105.48649092592656, 20.795373005536863], [-105.48606624154188, 20.796304703328733], [-105.48603557469879, 20.796480323349588], [-105.48603557451399, 20.796480323350107], [-105.48594546562136, 20.796996345206015], [-105.48563289642323, 20.797390712269], [-105.48502673769865, 20.79815549185862], [-105.48461872783822, 20.798708832963342], [-105.48413332143438, 20.799367131482306], [-105.48312762454076, 20.799700189970785], [-105.48314841548418, 20.80082084891939], [-105.483849440815, 20.80063224820665], [-105.48395348483132, 20.800687840963], [-105.48406973619828, 20.80061664126245], [-105.48404353242356, 20.80050821731208], [-105.48422476272164, 20.80030159720605], [-105.4843724388216, 20.79989930415706], [-105.48481774213764, 20.799106320450576], [-105.48516634075722, 20.798602908740847], [-105.48569640306098, 20.79783743419687], [-105.48602898340593, 20.797308398616504], [-105.48626135332356, 20.79690761784769], [-105.48660061617474, 20.796484876223314], [-105.48660439306359, 20.796478711354528], [-105.48660439282085, 20.796478711354723], [-105.48697010773236, 20.795881766793453], [-105.48713125638234, 20.79579588308227], [-105.48720702671542, 20.795543874211287], [-105.48755200731729, 20.79582739445404], [-105.487550968785, 20.795993430497624], [-105.48735991860727, 20.795913205593102], [-105.48730733233609, 20.79586631098064], [-105.4872737863695, 20.795927637909045], [-105.48711046117126, 20.79601468178035], [-105.48676118748271, 20.796584791192362], [-105.48642329154167, 20.797005829651187], [-105.48619611272511, 20.797397656985513], [-105.48585971733134, 20.79793276296493], [-105.48532767086196, 20.798701103381596], [-105.48498358044588, 20.79919800696094], [-105.48455544359047, 20.799960422095406], [-105.48439510071164, 20.800391407510034], [-105.48425185222195, 20.800554724930834], [-105.48428680735769, 20.800699357869732], [-105.48396029964354, 20.800899329256932], [-105.48382595619672, 20.800826528685775], [-105.48312163941517, 20.80101560933764], [-105.48301895553469, 20.80095440474452], [-105.4829570111069, 20.800864214813963], [-105.48293305841594, 20.799573032782096], [-105.48401082737566, 20.799216106964405], [-105.48446312855896, 20.798602704459743], [-105.48487068522653, 20.798049979416124], [-105.48547827603602, 20.797283393704866], [-105.48576341364317, 20.79692363780044], [-105.4858803962377, 20.796253721172825], [-105.4863220923822, 20.79528470458312], [-105.4867008935873, 20.79477525422083], [-105.48648729813132, 20.794178682127665], [-105.48683679736254, 20.793960889478825], [-105.48685441259403, 20.793790700578246], [-105.48624494128948, 20.793055206610326], [-105.48621639079677, 20.792961418222216], [-105.48623698973891, 20.792871502408243], [-105.48640375626508, 20.792651783203492], [-105.48645317385379, 20.7926257325961], [-105.48652146603075, 20.792606772938946], [-105.4867661599103, 20.792607968484134], [-105.48682281974472, 20.792632069330285], [-105.4868817076952, 20.79267740116253], [-105.48726193987534, 20.793266598458263], [-105.48757552695724, 20.793715790199805], [-105.48771916279102, 20.794399654976303], [-105.48798955219608, 20.794768158543167], [-105.48800476674852, 20.79494871199507], [-105.48780055531053, 20.79535052010633], [-105.4879203635716, 20.795452918108296], [-105.48833495580672, 20.795017822289566], [-105.48852543517634, 20.794697362369746], [-105.4890626023121, 20.794161133480078], [-105.48939718068421, 20.793724128018972], [-105.48993649836281, 20.79313608549806], [-105.49072778534459, 20.792257221702748], [-105.49126212621071, 20.7918090372038], [-105.49161490574065, 20.791422122180197], [-105.49193514798559, 20.79104086291696], [-105.49193384085986, 20.791040860353093], [-105.49250611392962, 20.79048324409757], [-105.49275918381416, 20.790155630784795], [-105.49291801895258, 20.790037184918184], [-105.49291801895161, 20.79003718520291], [-105.4933857180271, 20.789688413552657], [-105.49392880418351, 20.789193393978444], [-105.4944848892103, 20.788819772176783], [-105.4951753704902, 20.788339250012072], [-105.4961225351434, 20.78796992483544], [-105.49625103012245, 20.78792047556527], [-105.4963467215471, 20.787908302616305], [-105.49655101431235, 20.787931374277417], [-105.4966884927294, 20.78786311726351], [-105.49682686967503, 20.787943506990825], [-105.49689284324704, 20.787905013154862], [-105.49698343348531, 20.787766594524033], [-105.49723194392709, 20.78781459131417], [-105.49731775908437, 20.787796008556274], [-105.49743984694692, 20.78783223551183], [-105.49752088732431, 20.787753410674984], [-105.49757332560965, 20.787716680707863], [-105.49773360409229, 20.787495608783274], [-105.49792366375979, 20.78740233412087], [-105.49805165908963, 20.787412956453533], [-105.49802681059965, 20.787275335693195], [-105.49809674588218, 20.78701775868078], [-105.49838541667641, 20.786831085344282], [-105.49850431886847, 20.786802924871317], [-105.49862597213271, 20.786632973051134], [-105.49879121085108, 20.7865684612338], [-105.49885453591334, 20.78650436560864], [-105.49885453575848, 20.786504365609087], [-105.49890543639368, 20.786452845696644], [-105.4990632359161, 20.78634060020252], [-105.49934419016265, 20.786083602732383], [-105.49946956659767, 20.78600787735877], [-105.49961484134617, 20.785844600311005], [-105.49961484346325, 20.785844598616], [-105.49962832921639, 20.785829441761745], [-105.49962832399483, 20.78583380556789], [-105.50017946842581, 20.785392535279918], [-105.50026833732285, 20.78551484085701], [-105.50037397219847, 20.785308222793994], [-105.50091102554549, 20.784832188376686], [-105.50159810144119, 20.784467987018232], [-105.5022469731941, 20.784066717677614], [-105.50302035620614, 20.783730696910485], [-105.50346558180033, 20.78356273852027], [-105.50346558180244, 20.783562738139516], [-105.50374254632749, 20.783458254731247], [-105.50428887540349, 20.7832799757863], [-105.50499541731305, 20.78302337312968], [-105.50569375881072, 20.782705150800513], [-105.50643734086093, 20.782446061338018], [-105.50678471080948, 20.782380317926794], [-105.50701883086394, 20.782149618916876], [-105.50700892267169, 20.78204554888572], [-105.50634174147434, 20.782122903259406], [-105.50634174147544, 20.782122903588423], [-105.50621700531153, 20.78213736513349], [-105.5055269460854, 20.7816799137343], [-105.50434549298369, 20.781381713242514], [-105.50359025300791, 20.781646797671193], [-105.50345808864196, 20.78172834134101], [-105.50345808864166, 20.78172834124981], [-105.50272895328041, 20.7821782042627], [-105.50211421088501, 20.78250297488633], [-105.50154938381684, 20.782801372565668], [-105.500593180386, 20.78290685469453], [-105.49988860257966, 20.782609449004042], [-105.49900109230279, 20.78223482149303], [-105.49907977856041, 20.7820699556591], [-105.49996586699739, 20.78244398334469], [-105.5006234742002, 20.78272156239904], [-105.50148880102479, 20.782626104941794], [-105.50201824511683, 20.782346400800154], [-105.5026290768299, 20.78202369576537], [-105.50345737358838, 20.781512651806516], [-105.50345737358745, 20.781512651526118], [-105.5035028703913, 20.78148458089685], [-105.50433591298847, 20.781192188616355], [-105.50560974026443, 20.781513703792854], [-105.50626709859557, 20.78194947818162], [-105.5063411346074, 20.781940893796413], [-105.50634113460953, 20.78194089443795], [-105.50718005225178, 20.781843627940844], [-105.50721799009014, 20.78221514066247]], [[-105.4879097203502, 20.79557144326912], [-105.4879097203846, 20.79557144326903], [-105.4879203635716, 20.795452918108296], [-105.4879097203502, 20.79557144326912]]]}}, {"type": "Feature", "properties": {"id": "playa-libre-10", "kind": "playa_libre", "area_m2": 23103.1, "ancho_efectivo_m": 19.7}, "geometry": {"type": "Polygon", "coordinates": [[[-105.4854126887658, 20.799099185418214], [-105.48515439716178, 20.799587432615816], [-105.48477487692486, 20.800217264925354], [-105.48450710448682, 20.80076612445443], [-105.48440351603757, 20.800920099214387], [-105.48401897671376, 20.80175272221951], [-105.48366541227188, 20.80239099492697], [-105.48344090879169, 20.802812585241046], [-105.48344090830474, 20.802812585242417], [-105.48332108757319, 20.80303759249754], [-105.48298759423476, 20.803692900841533], [-105.48274887343264, 20.804381824521208], [-105.48258737714492, 20.80445147995247], [-105.48203801464832, 20.804310727992522], [-105.48177675429406, 20.804181740281532], [-105.48186609623244, 20.80402174239506], [-105.48210878044586, 20.804141558624615], [-105.48257062694151, 20.80425988892495], [-105.48280878241904, 20.80362561626863], [-105.48314847490695, 20.8029581279576], [-105.48322565638863, 20.80281319165701], [-105.48322565617035, 20.802813191657624], [-105.48349425780006, 20.802308792431667], [-105.48384540082907, 20.80167489199653], [-105.48423316075775, 20.800835297425134], [-105.48433780419472, 20.800679754817804], [-105.48460362580475, 20.80013489479202], [-105.48498464051514, 20.799502583767254], [-105.48524062497034, 20.799018698505506], [-105.48524062879076, 20.799018691266202], [-105.4855059231809, 20.7985172574126], [-105.48584897089195, 20.798069629686136], [-105.48625587188948, 20.797457655836133], [-105.48670264783478, 20.796858827713503], [-105.48700928820031, 20.796477562757918], [-105.4870092881706, 20.796477562758], [-105.48716116309282, 20.796288726395872], [-105.48735991860727, 20.795913205593102], [-105.48755096878791, 20.795993431401172], [-105.4873230840544, 20.796386982585588], [-105.487250785414, 20.796476877230013], [-105.48725078490658, 20.796476877231452], [-105.48685799412722, 20.79696525942937], [-105.4864161181234, 20.797557521425], [-105.48600857203276, 20.798170466086795], [-105.48567099895273, 20.79861095042955], [-105.4854126887658, 20.799099185418214]]]}}, {"type": "Feature", "properties": {"id": "playa-libre-11", "kind": "playa_libre", "area_m2": 31564.0, "ancho_efectivo_m": 19.8}, "geometry": {"type": "Polygon", "coordinates": [[[-105.43267443083717, 20.74756386124189], [-105.43317800957574, 20.747836987302335], [-105.43355613129475, 20.7479651176233], [-105.43373738545881, 20.747952578809794], [-105.43404911477387, 20.74806885258121], [-105.43466921112137, 20.74797436540124], [-105.43482928622002, 20.748008788815074], [-105.43514586969648, 20.747976773980525], [-105.43514586969681, 20.747976774093946], [-105.4354575065504, 20.74794525902202], [-105.43565840842945, 20.74794727556432], [-105.43599921189038, 20.748189920641728], [-105.43629085578354, 20.748159143389444], [-105.4366545164792, 20.748198587255878], [-105.43698257755075, 20.7482858700755], [-105.43740561384716, 20.748310642837673], [-105.43825140321455, 20.748527836413977], [-105.43856754693661, 20.748691057400855], [-105.43876187820858, 20.74877025115543], [-105.43899456765709, 20.748917743486672], [-105.43906119859498, 20.748877612897203], [-105.43922190265224, 20.74892894272629], [-105.43937499221846, 20.74908567086753], [-105.43973211774461, 20.749147251527898], [-105.43993837965279, 20.74910421805323], [-105.44027803788373, 20.749136467170665], [-105.44032507039773, 20.749055369571412], [-105.44050706064532, 20.749021152280786], [-105.44128628870908, 20.74851404235217], [-105.44149534541476, 20.748429596414272], [-105.44167203236765, 20.748423871181277], [-105.44211222628805, 20.748596998015987], [-105.44250117894477, 20.7487307388177], [-105.44271151055206, 20.748798343773338], [-105.4423826975277, 20.74908682662722], [-105.44227702309753, 20.749263210824537], [-105.44214657948775, 20.749346278207977], [-105.44207303727632, 20.749493656333858], [-105.44189912660623, 20.74941687069318], [-105.44199512242436, 20.74922449671206], [-105.44213186440673, 20.74913741855807], [-105.4422299239002, 20.748973743785402], [-105.4423459736025, 20.74886978034413], [-105.44204215719968, 20.74876531379048], [-105.44163667257338, 20.748605838238216], [-105.44153800664697, 20.748609034584682], [-105.4413797709587, 20.748672951995903], [-105.44058368430974, 20.74919103424345], [-105.44045073842548, 20.74921602972796], [-105.44038561914194, 20.749328313464027], [-105.43994982122574, 20.749286936059857], [-105.4397357408195, 20.749331601519923], [-105.43927706068057, 20.749252508037795], [-105.4391136498525, 20.74908521360827], [-105.43908694994114, 20.74907668522211], [-105.43899187180212, 20.749133947887405], [-105.43866923132904, 20.748929439327867], [-105.43848296093208, 20.7488535301785], [-105.438178887271, 20.74869654183895], [-105.43737401994703, 20.74848985627419], [-105.43695009735502, 20.7484650314805], [-105.43661712842994, 20.748376443662366], [-105.43629055801367, 20.748341022280922], [-105.43594441759669, 20.74837754980963], [-105.43559299316946, 20.748127342443347], [-105.4354667806995, 20.7481260754846], [-105.43481783450686, 20.74819170252147], [-105.4346629331674, 20.748158391871424], [-105.43448070989551, 20.748186158394052], [-105.43418602240186, 20.748231061289182], [-105.43418602240159, 20.748231061194527], [-105.43402754363997, 20.74825520910341], [-105.43370753172397, 20.74813584609973], [-105.43352946677517, 20.748148163600266], [-105.43309683713017, 20.74800156328456], [-105.43257390431314, 20.74771793919846], [-105.43208607052787, 20.747418685647727], [-105.43116157343185, 20.74684906057799], [-105.4305033080704, 20.746484513791597], [-105.43034007637056, 20.746394116087597], [-105.43035167141683, 20.74653168307225], [-105.43042167361546, 20.746765665922076], [-105.43041181218716, 20.74698525868889], [-105.43021987121722, 20.746977631303956], [-105.43022843792298, 20.74678685670653], [-105.43016164678065, 20.746563605602635], [-105.4301352139549, 20.746249994755054], [-105.43028338983284, 20.746153015861204], [-105.43060077377729, 20.74632878480714], [-105.4312629966601, 20.746695522409542], [-105.43219117283766, 20.74726741470636], [-105.43267443083717, 20.74756386124189]]]}}, {"type": "Feature", "properties": {"id": "playa-libre-12", "kind": "playa_libre", "area_m2": 27863.7, "ancho_efectivo_m": 19.6}, "geometry": {"type": "Polygon", "coordinates": [[[-105.44252799569512, 20.749413399025478], [-105.44244180593722, 20.7494907939485], [-105.4423732957891, 20.749521675393556], [-105.44232671970923, 20.749621326286473], [-105.44215085039535, 20.749548593943135], [-105.44222607734693, 20.74938764433334], [-105.44235878539921, 20.749327825367352], [-105.44247266578306, 20.74912857592051], [-105.44283298768406, 20.748848374493715], [-105.44283298768347, 20.748848374292873], [-105.4429426017281, 20.748763133662028], [-105.44329950247104, 20.748796171807335], [-105.44361676761713, 20.748730913509984], [-105.44379281811966, 20.748592221848845], [-105.44379281812196, 20.748592222632347], [-105.44412712506562, 20.748328857684616], [-105.44427375090999, 20.74830219308165], [-105.44427482827567, 20.74830139876957], [-105.44437790777192, 20.74822914940074], [-105.44442512579195, 20.74818642398435], [-105.44446573476611, 20.748062722251568], [-105.44448857038124, 20.748011407251884], [-105.44455259918648, 20.747963392207456], [-105.44466124602916, 20.74798225792423], [-105.44484764607834, 20.748033202488237], [-105.4451963426009, 20.748248896725926], [-105.44516768363044, 20.748450365129496], [-105.44534246033642, 20.74864957183725], [-105.44571566249049, 20.748945639170035], [-105.4465068474292, 20.749331502664383], [-105.44728376149322, 20.749594657642835], [-105.44820179416219, 20.749838412929787], [-105.44908685901528, 20.750055960907936], [-105.44963083530091, 20.750236662699717], [-105.45053705439238, 20.75053878702637], [-105.4508897507046, 20.750691175617476], [-105.4512387538387, 20.75083403598326], [-105.45177394858455, 20.751035997775915], [-105.45210926203886, 20.751185979920482], [-105.45239604885269, 20.751368555274933], [-105.45244629785584, 20.75138257564845], [-105.4524462978612, 20.751382576313922], [-105.4526232736045, 20.75143195792187], [-105.45300556160811, 20.751617679089613], [-105.45287950245518, 20.751707889314496], [-105.45289613938192, 20.75183319229891], [-105.45283142169092, 20.752050835765854], [-105.45292306965439, 20.75212803115504], [-105.45290122805785, 20.752502082532434], [-105.45289622098271, 20.75259065368656], [-105.4527043730093, 20.752581057114508], [-105.45270938019343, 20.75249248506025], [-105.45272800645195, 20.7522063061936], [-105.45264640417471, 20.752002157996394], [-105.45270096652398, 20.751818667361228], [-105.4526850332722, 20.75166895437097], [-105.45254307822597, 20.751596854591856], [-105.45231295253299, 20.751533865179063], [-105.45201362525633, 20.751343307097862], [-105.45169685843521, 20.751201620604856], [-105.45148493391912, 20.751121648739936], [-105.45148468915002, 20.75112155682227], [-105.45148468915224, 20.751121556374475], [-105.45116722246647, 20.7510017564491], [-105.45116209365516, 20.750999739587165], [-105.45081309116698, 20.750856879071613], [-105.45080956044062, 20.750855393825365], [-105.45046472284506, 20.750706399980633], [-105.44956675861751, 20.75040702766616], [-105.44903048748347, 20.750228886155593], [-105.44815140855003, 20.750012809579335], [-105.4472250497477, 20.749766842979874], [-105.44642975030222, 20.749497461100923], [-105.44560819773525, 20.74909678694216], [-105.44520533693026, 20.74877719039953], [-105.44496614734736, 20.74850456617205], [-105.44498991413245, 20.74833749133272], [-105.44476626259781, 20.74819914691537], [-105.44463389069855, 20.748162968763186], [-105.44459405399354, 20.748284320154763], [-105.44450238382737, 20.74836726734892], [-105.44435474224376, 20.748470751854136], [-105.44421270416424, 20.7484971570963], [-105.44370392483584, 20.74889796940109], [-105.44331089210898, 20.748978812865207], [-105.44295615281965, 20.74894597519631], [-105.44262955032345, 20.74923712467932], [-105.44252799569512, 20.749413399025478]], [[-105.45169685843524, 20.75120162060486], [-105.45169144586728, 20.751199199612255], [-105.45169685843521, 20.751201620604856], [-105.45169685843524, 20.75120162060486]]]}}, {"type": "Feature", "properties": {"id": "playa-libre-13", "kind": "playa_libre", "area_m2": 43736.2, "ancho_efectivo_m": 19.4}, "geometry": {"type": "Polygon", "coordinates": [[[-105.45412295059255, 20.75181777302102], [-105.45412277880047, 20.75191627702406], [-105.45427587105142, 20.75195942459224], [-105.45444483024112, 20.75205488470812], [-105.45467104874548, 20.75210947114503], [-105.4550694779537, 20.75219758022232], [-105.45540063961995, 20.752217292886712], [-105.45572728731995, 20.75209619738376], [-105.45596350859621, 20.75219294144353], [-105.4561720050064, 20.75230365202999], [-105.45639345936593, 20.752631133100465], [-105.45667286354526, 20.752740596706957], [-105.4568972604957, 20.752382638763528], [-105.45694855993153, 20.75241033144079], [-105.45672436935094, 20.752764370120357], [-105.45695927400898, 20.752868358383456], [-105.45719754790908, 20.75290622861751], [-105.45740138085313, 20.752798883581665], [-105.45755911102253, 20.752594660158138], [-105.45767443969189, 20.752831210264628], [-105.45796439743609, 20.752928582808607], [-105.45870114544834, 20.75291900225449], [-105.45909194633585, 20.75288183339678], [-105.4592771962374, 20.752758341117858], [-105.45929460585775, 20.752646902607296], [-105.45948079785111, 20.752372752811677], [-105.45947933074359, 20.752297300581482], [-105.45946126983753, 20.752231878044896], [-105.45950635740098, 20.752168285415095], [-105.45952753670552, 20.752108212837136], [-105.45957357605562, 20.752078286437957], [-105.45955777666524, 20.75203839272749], [-105.45959269895573, 20.752004633284272], [-105.4596756749924, 20.751947974500613], [-105.45973278178032, 20.751905499514937], [-105.45971389552938, 20.751818737810964], [-105.45963807600823, 20.751724720877995], [-105.45961632856731, 20.75162026950478], [-105.45965470498268, 20.751615415930672], [-105.45969913786595, 20.751634058829044], [-105.45985018531421, 20.75170740958289], [-105.45994367678881, 20.751671742271775], [-105.4600747077806, 20.751724535063968], [-105.46016810424335, 20.751815281719477], [-105.46014013477237, 20.751931235707097], [-105.46021361611396, 20.752114933380014], [-105.46022468969187, 20.752311386628566], [-105.460281322708, 20.75235455932794], [-105.46028288446132, 20.752409097282666], [-105.46040457472374, 20.75245279961296], [-105.46048598167579, 20.752518811362933], [-105.46053008901485, 20.752605575879], [-105.46057667491851, 20.752595008521592], [-105.46086194461638, 20.75266552922837], [-105.46107342699118, 20.75277628813692], [-105.46107342692771, 20.752776289005787], [-105.46107342699395, 20.75277628904048], [-105.46106187297232, 20.752934440971803], [-105.4611672900201, 20.75306104998528], [-105.46140302608914, 20.753193213100413], [-105.4614961225682, 20.753330795382105], [-105.46163537732122, 20.75332630119246], [-105.4619708492043, 20.75346643437783], [-105.46181658594215, 20.753616167239677], [-105.46182199195306, 20.753641066816513], [-105.46203869175142, 20.753625108455545], [-105.46237972739064, 20.753813854124868], [-105.46270380219467, 20.75378656174088], [-105.46325414514563, 20.753893064932253], [-105.46325694300685, 20.7539787165957], [-105.46337708448578, 20.754069880891304], [-105.46338715438264, 20.754151483030345], [-105.46328486591717, 20.754216785866706], [-105.46321894457257, 20.75439356238174], [-105.46328472027979, 20.754580179830715], [-105.46323772744897, 20.754721564055355], [-105.46358358532082, 20.755028436727713], [-105.46395823020111, 20.755320436844915], [-105.46426860989985, 20.755380126102786], [-105.46451401898047, 20.75537739298692], [-105.46490090574682, 20.75537308420819], [-105.46527352118254, 20.755439926720285], [-105.4655892039642, 20.75540917283186], [-105.46554380532737, 20.755557635491968], [-105.46563629967436, 20.75561702767336], [-105.46581189683705, 20.755620476982713], [-105.46593696979535, 20.7557394559591], [-105.46621172804636, 20.75582691091414], [-105.46635117296528, 20.75590724384233], [-105.46641679033361, 20.755911100225685], [-105.46644475420639, 20.755990408214636], [-105.46663240110286, 20.755988925735053], [-105.46674426713491, 20.755896551124902], [-105.46698626231911, 20.755766938391858], [-105.46719322649624, 20.755743726223706], [-105.46767029973421, 20.75583748416778], [-105.46805071308637, 20.75584760051335], [-105.46846233642826, 20.755655463065263], [-105.46839844783985, 20.75588662979158], [-105.46813611671836, 20.756009477042557], [-105.46804528344815, 20.756028241231796], [-105.46764776151169, 20.756017669047793], [-105.4671847318197, 20.755926672134674], [-105.4670475765903, 20.755942054951593], [-105.46685632420217, 20.756044489776333], [-105.46670545967382, 20.756169066899055], [-105.46640977406449, 20.756171403786233], [-105.46632675340133, 20.756136351948193], [-105.46625132035054, 20.75606232847503], [-105.46625082935331, 20.75606134943561], [-105.4661297473317, 20.7559915962053], [-105.4658323210653, 20.755896925224125], [-105.46573003308221, 20.755799621576266], [-105.4655751652013, 20.755796578665198], [-105.46540256599769, 20.755680153292527], [-105.46535803435536, 20.755615406704738], [-105.46526524661867, 20.755622412068078], [-105.46488387662941, 20.755553999330637], [-105.46425029668632, 20.755561055485785], [-105.4638726569875, 20.755488431536516], [-105.46345624785762, 20.75516387985898], [-105.46307607013154, 20.75481790530913], [-105.46304677903689, 20.754705881185576], [-105.4630828881768, 20.754581804369163], [-105.46301596059428, 20.754391917216477], [-105.46312908440545, 20.754112552543937], [-105.46307881145685, 20.75404363275908], [-105.46269277688512, 20.753968926145927], [-105.46233544337703, 20.753999018678968], [-105.46199339126244, 20.753809710933123], [-105.46181646104726, 20.753822739650623], [-105.46168007053961, 20.75376146637586], [-105.46163873100869, 20.753700132016675], [-105.46162680260683, 20.753645199060333], [-105.46164887440261, 20.7535296709262], [-105.4615977947684, 20.753508332980477], [-105.4614944437606, 20.75351166906102], [-105.46140060853432, 20.753491267181907], [-105.4613427284095, 20.753440658230428], [-105.46126545779929, 20.75332646474698], [-105.46109723616446, 20.753232152408557], [-105.4610972361674, 20.753232153380385], [-105.46103813737699, 20.753199019901533], [-105.46086514962907, 20.752991255421435], [-105.46086514968954, 20.7529912545938], [-105.46086514962633, 20.752991254517873], [-105.46087339718459, 20.75287836396547], [-105.4607896661363, 20.75283451147146], [-105.46057465713461, 20.75278136056753], [-105.46048836390287, 20.752781182434447], [-105.46039999677998, 20.752744208352212], [-105.46032484312434, 20.752617216020152], [-105.46012744539277, 20.752516481525014], [-105.460096417869, 20.752451962098284], [-105.46004454128695, 20.75237497138089], [-105.46002334017527, 20.752152413099527], [-105.45995060131064, 20.751958777710396], [-105.45995734528687, 20.75187384224277], [-105.45992366358094, 20.751875312108655], [-105.4599134888983, 20.75196424510764], [-105.45985441459766, 20.75204540269076], [-105.45975969101427, 20.752121305568508], [-105.45972379556059, 20.752189677054382], [-105.45968433068552, 20.752233320163192], [-105.45966884974428, 20.752264803052977], [-105.4596739466404, 20.752424032630778], [-105.45947869260335, 20.75271152726675], [-105.4594553263157, 20.752861088835026], [-105.45916168984078, 20.75305683470342], [-105.45871215777724, 20.753099590006478], [-105.45793242070008, 20.753109728800638], [-105.45756210477727, 20.75298279300259], [-105.45752086434142, 20.75293941217763], [-105.45723231195728, 20.753095028206474], [-105.45690129625115, 20.753042417955207], [-105.45657024371538, 20.75289586667356], [-105.45626379532922, 20.75277609538783], [-105.4560357007396, 20.752438793706652], [-105.45587771123694, 20.752354902501086], [-105.45572362561559, 20.752291796448567], [-105.4554312434105, 20.75240018914841], [-105.4550412293791, 20.75237697288939], [-105.45462518991673, 20.752284970765977], [-105.45436993825295, 20.752223377029395], [-105.45419762461839, 20.752126021885715], [-105.45403992804816, 20.752081577139613], [-105.45396178145809, 20.752029726165244], [-105.45393914151352, 20.75196740440469], [-105.45360057307448, 20.751949846302235], [-105.45318913891143, 20.751864662212345], [-105.45312908389677, 20.751939305389254], [-105.45313602692607, 20.75198793980041], [-105.45315763014847, 20.752139278671986], [-105.45316194045688, 20.752460440255074], [-105.45316420826101, 20.752595150190167], [-105.45297211303624, 20.752598012084352], [-105.45296984296968, 20.7524631304718], [-105.45296552608406, 20.75214155957781], [-105.45293886723334, 20.751964670204302], [-105.45295932224053, 20.751855020525365], [-105.45311735268936, 20.751664760437883], [-105.45361993505634, 20.75176921861433], [-105.45393824684382, 20.751783497811036], [-105.45412295059255, 20.75181777302102]]]}}, {"type": "Feature", "properties": {"id": "playa-libre-14", "kind": "playa_libre", "area_m2": 53394.9, "ancho_efectivo_m": 19.5}, "geometry": {"type": "Polygon", "coordinates": [[[-105.46941836035478, 20.754706117167814], [-105.46974766133218, 20.754849889602294], [-105.46974766133376, 20.754849890115988], [-105.47017559740289, 20.755036725823434], [-105.47087230326292, 20.755227953531666], [-105.47137790528073, 20.755257856447226], [-105.47180773198161, 20.755232265461114], [-105.47203588322397, 20.75549945738464], [-105.47215323975516, 20.75545487108525], [-105.47294396884571, 20.754470916852746], [-105.47376166809943, 20.754355287214768], [-105.47383458169868, 20.753820497739767], [-105.47407523684912, 20.753611035999263], [-105.47453233682295, 20.753732370780376], [-105.47467377603907, 20.75356144906973], [-105.47541574798649, 20.752664803539414], [-105.47555910395566, 20.752380032627983], [-105.4757528538316, 20.752260082847773], [-105.47594930752226, 20.752364548945838], [-105.47598271782314, 20.752448587608278], [-105.47593371255155, 20.752532263527087], [-105.47599283442582, 20.752890150180498], [-105.4762022213815, 20.752906779604118], [-105.47627464954077, 20.75304263541457], [-105.47636430700445, 20.753082437604743], [-105.47636656965109, 20.753173970841484], [-105.47626934083588, 20.75325293645601], [-105.47635138027566, 20.75341217069997], [-105.47648919974391, 20.75352770376431], [-105.47634496503548, 20.75370036682041], [-105.47641688798751, 20.753768615430594], [-105.47653062826794, 20.753717351608547], [-105.47656055004423, 20.75375379717089], [-105.47647173889561, 20.753945949313707], [-105.4767252854868, 20.75395921185443], [-105.47679194095274, 20.754032730056537], [-105.47688639139483, 20.754006599819665], [-105.47694426116107, 20.753878231202318], [-105.47705349992711, 20.753735702067853], [-105.47724009678028, 20.75371895062132], [-105.47740202447498, 20.75361412179559], [-105.47750410049596, 20.75370324624616], [-105.47748692183843, 20.753806612356776], [-105.47753939384245, 20.754133311233478], [-105.4774382355306, 20.75441005306149], [-105.4775370787505, 20.754517547841708], [-105.47755389334236, 20.7546821527387], [-105.47767189638637, 20.754819364928753], [-105.4779626101253, 20.754739564252073], [-105.47806827135737, 20.754879133551217], [-105.4781673070419, 20.754797078031405], [-105.47837273925005, 20.75477466720948], [-105.47839301258554, 20.754798673679176], [-105.47839301258604, 20.754798673835634], [-105.47845566751329, 20.75487286646527], [-105.47863672154328, 20.754908504171727], [-105.47861207483292, 20.75502898213427], [-105.47880023804507, 20.75498512031394], [-105.47898874578522, 20.755104663791485], [-105.47916992854555, 20.754973718073742], [-105.47931761850013, 20.75495194868179], [-105.47963430771544, 20.75506684833494], [-105.47988884010238, 20.754955929845767], [-105.48006637473392, 20.754982704645364], [-105.4802039860221, 20.75485057117506], [-105.48043204729608, 20.75479812336437], [-105.48053339818642, 20.754734171124348], [-105.48061232863601, 20.75472502682076], [-105.4806929479873, 20.75479312639217], [-105.48086141356306, 20.75483331388231], [-105.48103134012415, 20.75484944868855], [-105.4811604688749, 20.75488996824127], [-105.48130817943193, 20.754967712308606], [-105.48147238977987, 20.75497875301189], [-105.48160914220641, 20.754843956224633], [-105.481860733622, 20.75488746894864], [-105.48191575244958, 20.75499137666394], [-105.48163574018618, 20.755150179047224], [-105.48180308666296, 20.755470940624857], [-105.48179398669937, 20.755653454956864], [-105.48173149985634, 20.75583186221946], [-105.48150855328721, 20.75599671105871], [-105.48117701625355, 20.7558210672439], [-105.48087758921496, 20.75580146022324], [-105.48065275628437, 20.755872167924668], [-105.48059183594692, 20.75570078078012], [-105.48085286136346, 20.755618690883303], [-105.48123356344945, 20.755643620125287], [-105.4814908581914, 20.75577993175831], [-105.48157216154887, 20.755719429767172], [-105.48160110257184, 20.75564952195625], [-105.48160883538758, 20.75550873274563], [-105.48142473172815, 20.75515622410945], [-105.48123098780131, 20.755134164832338], [-105.48108247366477, 20.755055996467824], [-105.48099079879533, 20.755027230465135], [-105.48082796925308, 20.75501176880529], [-105.48062061854976, 20.754960543620182], [-105.48056885942033, 20.754936412210743], [-105.48048712052025, 20.754971251846506], [-105.48030286552407, 20.755013866698043], [-105.48019532577568, 20.755116663263152], [-105.48009254504163, 20.75516173294833], [-105.4799398199576, 20.75514865294129], [-105.4798031248403, 20.755159379505834], [-105.47972416590095, 20.755226575882745], [-105.47959157865351, 20.755245035286688], [-105.47929650552837, 20.755137978787776], [-105.47924810731311, 20.755145112767078], [-105.4791398122307, 20.755223379852527], [-105.47899431313544, 20.75527259425622], [-105.47885989920182, 20.755240889443083], [-105.47878116137035, 20.7551834928398], [-105.47861589225619, 20.755209659593305], [-105.47848969394724, 20.755168287841368], [-105.47842081482383, 20.755046078776935], [-105.4783937643002, 20.75503763841387], [-105.47839376430156, 20.755037638851217], [-105.47835063174048, 20.755024180088203], [-105.47828875164629, 20.75496575325682], [-105.47823705343126, 20.75496546158471], [-105.47809806787706, 20.755057659669955], [-105.47798331512183, 20.755041218550907], [-105.47788533009172, 20.754949028084344], [-105.47767407106852, 20.75500006597188], [-105.47754386470595, 20.754957829099187], [-105.47740848465678, 20.754800261639428], [-105.47735169723029, 20.754592185988425], [-105.47727164479996, 20.754500066432666], [-105.47725728614452, 20.754349328953936], [-105.4773472739964, 20.754133844861855], [-105.47733140786913, 20.754037201812295], [-105.47733140796726, 20.75403720181203], [-105.47730796274065, 20.753894392160753], [-105.47715842791766, 20.753907815976245], [-105.47708412184745, 20.754016430413614], [-105.47701287271174, 20.754142625175245], [-105.47679376874748, 20.754213433914167], [-105.47665041964513, 20.754125639701098], [-105.47646107083729, 20.75412638331802], [-105.47629330952245, 20.754012947267043], [-105.47615496628714, 20.753727148185135], [-105.47619511031698, 20.75352323465606], [-105.47603210750147, 20.75320685565683], [-105.47611247749239, 20.753141581640975], [-105.47607875643047, 20.753078329539512], [-105.47582618238248, 20.753058269402764], [-105.47577118788156, 20.752628628012353], [-105.47574249601277, 20.752514768462856], [-105.47563644978183, 20.75254545340717], [-105.47558033812945, 20.752760111963354], [-105.47480751225787, 20.75369404418951], [-105.47460651625016, 20.75389907025782], [-105.47443856656871, 20.75389009703461], [-105.47412668654403, 20.753812464652928], [-105.47401626760436, 20.753908570831268], [-105.47394218834205, 20.75441713121108], [-105.4738465118926, 20.754517422618527], [-105.4730483083831, 20.754640765181936], [-105.47230650258167, 20.7555638431252], [-105.47212103240402, 20.755676479978497], [-105.4719403407526, 20.755676976204285], [-105.47172342278462, 20.755418124886063], [-105.47141503786918, 20.755435732133197], [-105.47083992389418, 20.755407315481566], [-105.47010786158299, 20.755206383363486], [-105.46924294388418, 20.754828761223518], [-105.46923015336067, 20.75474471191883], [-105.46912064420489, 20.754724992281748], [-105.46900536085062, 20.75487249336893], [-105.46902776311133, 20.754968413946866], [-105.46902776299584, 20.75496841434401], [-105.46902776311411, 20.75496841485042], [-105.46893084660445, 20.75530169284133], [-105.46882584475352, 20.755470893773747], [-105.46885503650212, 20.755570824938893], [-105.46919416465884, 20.755855830862796], [-105.46924704896348, 20.75592970495816], [-105.46941369110228, 20.756367733282524], [-105.4688266564493, 20.756967486536677], [-105.46807555033466, 20.756887601815446], [-105.46807350834376, 20.75667049268301], [-105.46799940205794, 20.75662683981923], [-105.46792767610988, 20.75639646085687], [-105.4679473168063, 20.75635737506031], [-105.46818269333741, 20.756263449725402], [-105.46839009550659, 20.75632957789558], [-105.46849083174547, 20.75630668884995], [-105.46852307477364, 20.756252977825707], [-105.46840504731624, 20.75610338496373], [-105.4683804918805, 20.75592965150741], [-105.46839844784262, 20.755886630695134], [-105.46846233642826, 20.755655463065263], [-105.46863255661718, 20.7558202381156], [-105.46855932743127, 20.755995690165097], [-105.468751751782, 20.756239577871778], [-105.46861708668864, 20.75646391333638], [-105.468381117183, 20.75651752820327], [-105.4681210160777, 20.756434597151582], [-105.46810137637463, 20.756473682060808], [-105.4682646932914, 20.75656988732379], [-105.46826616253972, 20.756726010801014], [-105.46875135458042, 20.756777613803383], [-105.46919365770272, 20.756325729049962], [-105.46906615897137, 20.75599059046932], [-105.46868478860478, 20.75567008355492], [-105.46861945944902, 20.755446444303445], [-105.46882584448004, 20.75547089314531], [-105.46882584448, 20.755470893144885], [-105.46861916536632, 20.755445465637628], [-105.46875219366146, 20.75523110368826], [-105.46878784555423, 20.755108504458427], [-105.4687878455413, 20.755108504335045], [-105.46879438523615, 20.755086015870187], [-105.46882995710074, 20.75496369160546], [-105.46879878694769, 20.75483022798049], [-105.46879878710884, 20.754830227778847], [-105.46879878694492, 20.75483022707693], [-105.46898566386898, 20.754596395364885], [-105.46896595414633, 20.75438893382353], [-105.46904381997523, 20.75437919233779], [-105.469043819963, 20.754379193243242], [-105.46904381997801, 20.754379193241366], [-105.4690428354434, 20.754452101224995], [-105.46915164320667, 20.754546579510347], [-105.46940091334831, 20.75459146590493], [-105.46941836035478, 20.754706117167814]]]}}, {"type": "Feature", "properties": {"id": "playa-libre-15", "kind": "playa_libre", "area_m2": 1627.5, "ancho_efectivo_m": 15.7}, "geometry": {"type": "Polygon", "coordinates": [[[-105.48203021589858, 20.804443507480215], [-105.48246197357123, 20.804679591589174], [-105.4822398503281, 20.804767180306435], [-105.48162664411326, 20.80443187996906], [-105.48172325525854, 20.80427566212811], [-105.48175682772215, 20.8042940194824], [-105.48203021589858, 20.804443507480215]]]}}, {"type": "Feature", "properties": {"id": "playa-libre-16", "kind": "playa_libre", "area_m2": 91024.7, "ancho_efectivo_m": 19.9}, "geometry": {"type": "Polygon", "coordinates": [[[-105.48040513808775, 20.80827964433255], [-105.48009035543684, 20.808734510975736], [-105.47974924005047, 20.809384471734003], [-105.47954017845137, 20.8096881550551], [-105.4793840926086, 20.810069278860084], [-105.47937600644197, 20.810158748590737], [-105.47940252939348, 20.81038258503179], [-105.47922316686424, 20.81078891080753], [-105.47897881920044, 20.811046586026436], [-105.47881395267895, 20.81149969342294], [-105.47887475968001, 20.811983374241493], [-105.47882427513632, 20.812290773817114], [-105.4787498027748, 20.8124686190988], [-105.47862067275759, 20.81259533710289], [-105.47839600985745, 20.81271843260422], [-105.47820713730219, 20.812913130099027], [-105.47840266193522, 20.81319815791315], [-105.47832513706012, 20.8135656138338], [-105.47817953992723, 20.813829941871347], [-105.47799066036748, 20.814002819962344], [-105.47743841991944, 20.814244198640875], [-105.47718863210225, 20.81457638870362], [-105.47718863228683, 20.814576388703106], [-105.47713485836411, 20.814647901569263], [-105.47707502992306, 20.81481981055014], [-105.47696050139564, 20.815165437567426], [-105.47692410265722, 20.815345617573975], [-105.47687504826204, 20.8154808218843], [-105.47687504816663, 20.81548082188457], [-105.47673785403525, 20.815858955931372], [-105.47668923241025, 20.81613280225068], [-105.47657066637632, 20.816460252436165], [-105.47643114349233, 20.81668168996561], [-105.47634317884665, 20.81696666079448], [-105.4762497125492, 20.817273792224167], [-105.47624515490743, 20.81754125251694], [-105.47617090731087, 20.81781839554655], [-105.47628827664408, 20.818025483704144], [-105.47620865193129, 20.818321557714707], [-105.47641474354153, 20.818405714777853], [-105.47663120043018, 20.818561238512583], [-105.47677740064687, 20.81853434596207], [-105.47685900247805, 20.818552706172778], [-105.47692862880236, 20.81869191020947], [-105.47700966374249, 20.81879271910422], [-105.47714291451327, 20.818840040964076], [-105.47702758240551, 20.819058528356326], [-105.47685131873318, 20.819237100496466], [-105.47655573992985, 20.819322410639916], [-105.4764966891084, 20.81940342535133], [-105.47643344335143, 20.819564838760662], [-105.47648474022982, 20.819689689333902], [-105.47657994554204, 20.819711593572023], [-105.47661406363703, 20.81979620119192], [-105.4765099669865, 20.819854108779385], [-105.476442645948, 20.819819446451536], [-105.47630929466442, 20.819846767468455], [-105.47620343565556, 20.819815464019342], [-105.47608339902467, 20.819820360362005], [-105.4759418461739, 20.819924455906524], [-105.47591151739148, 20.82002397782638], [-105.4759634436817, 20.820192040486553], [-105.47594290001943, 20.820255140734616], [-105.47586466143096, 20.820267843308827], [-105.475683913579, 20.820204483052414], [-105.47546862861483, 20.820343935788348], [-105.47531634516493, 20.82037516223056], [-105.47520057658562, 20.820455652454736], [-105.4749358284945, 20.820475779182555], [-105.47460845429025, 20.820457952242126], [-105.47454075606969, 20.820682444015514], [-105.47464479148881, 20.82096633572998], [-105.47476409680593, 20.821146121122307], [-105.47466193916951, 20.821391916721808], [-105.47425289553202, 20.821445091125103], [-105.47405720244937, 20.82176624723507], [-105.47375456092068, 20.821708536733155], [-105.4735620563521, 20.821785273084547], [-105.47347360595366, 20.82194814833771], [-105.47321678521374, 20.8223196551672], [-105.47318662829463, 20.822474934855432], [-105.47308758345274, 20.822727053998666], [-105.47315282963973, 20.822904978335433], [-105.47310501124468, 20.823035878089247], [-105.4731014583479, 20.82324091206995], [-105.47299344034398, 20.823342408002517], [-105.47290054560531, 20.82336303505943], [-105.47286375930852, 20.82345439703726], [-105.4730808740205, 20.823587932439246], [-105.47299881689787, 20.82372155600448], [-105.47288906891163, 20.82371660187772], [-105.47284022542122, 20.823785550863168], [-105.47284554861047, 20.823881003654133], [-105.47276061344292, 20.823988349572154], [-105.47281271112497, 20.824109117615055], [-105.47294761116214, 20.824110717048036], [-105.47302399187468, 20.82417359016527], [-105.47299428890112, 20.824286041593354], [-105.47300950751777, 20.82445948136318], [-105.47308688153011, 20.82464958382895], [-105.47315927369553, 20.82474491834576], [-105.47302553745715, 20.824892483729318], [-105.47292932995278, 20.82497160469702], [-105.47266943058739, 20.8250058355103], [-105.47239813533643, 20.824955750891164], [-105.47222385499569, 20.82511811747414], [-105.47217408448364, 20.82529567947778], [-105.47230724072286, 20.825634390770983], [-105.47214170236346, 20.82567033143622], [-105.47181473553943, 20.825715259522156], [-105.471818382518, 20.82598861440061], [-105.4720139154454, 20.826157614674003], [-105.47194363522685, 20.826258349142776], [-105.47161925374846, 20.826386473192688], [-105.47120855152522, 20.82633658231259], [-105.47089293049801, 20.82651269430032], [-105.47079057640842, 20.82698325236015], [-105.4706637789653, 20.827181027592164], [-105.47034845856909, 20.827454742153904], [-105.47042969998319, 20.827782825974573], [-105.4706378632416, 20.827953062605047], [-105.47040725944007, 20.828148537572325], [-105.4704072592718, 20.828148537572787], [-105.47025192277209, 20.828280210467007], [-105.46994075949144, 20.828434210144735], [-105.46970080044925, 20.82866335117943], [-105.4695436094562, 20.828952159438224], [-105.46935546925603, 20.829152320902725], [-105.4688650110338, 20.829255704216358], [-105.46852177356675, 20.829660371631363], [-105.46822695951849, 20.83046419652076], [-105.46853940753473, 20.831026871290906], [-105.46874421469327, 20.831255648295254], [-105.46869431004734, 20.831379053859607], [-105.4685284326457, 20.831440377571546], [-105.4682402317956, 20.831473878659555], [-105.46788049386068, 20.831607102630684], [-105.46776685643047, 20.831940108158978], [-105.46764049302541, 20.831993424239474], [-105.4675902395328, 20.832189434196938], [-105.4672416430578, 20.83215714305182], [-105.46724776426312, 20.83253907652916], [-105.46699780899434, 20.832583435975724], [-105.46704637217664, 20.832944808930794], [-105.46697995326501, 20.83320426917823], [-105.46669911753614, 20.833136726039086], [-105.4663541649797, 20.83367421353531], [-105.46650209350567, 20.833881978430064], [-105.4660646133034, 20.833987390907513], [-105.4660325315778, 20.834197366097786], [-105.46604909499675, 20.834396165668956], [-105.46604438614398, 20.83448537790808], [-105.46585189896827, 20.834485901332027], [-105.4658564999136, 20.83439875402411], [-105.46583923220426, 20.834191503541856], [-105.46589258781773, 20.833842287974967], [-105.46619128122282, 20.833770317549188], [-105.46612643718657, 20.833679243432666], [-105.46660834279645, 20.832928362023548], [-105.46683869115184, 20.832983763490603], [-105.46685126006905, 20.832934664135536], [-105.46678443658688, 20.832437400253717], [-105.46705312872811, 20.83238971555291], [-105.46704620216565, 20.831957452340134], [-105.4674425775958, 20.83199417022381], [-105.46747572864808, 20.83186486709813], [-105.4676099954127, 20.831808216219038], [-105.46772529040832, 20.831470353240732], [-105.46819245774967, 20.8312973442328], [-105.46849543655085, 20.831258395024115], [-105.46837876774684, 20.831128070902587], [-105.46831629078673, 20.831015558676718], [-105.46801826141069, 20.83047884947321], [-105.4683508489402, 20.82957203872876], [-105.46875692181831, 20.829093290383366], [-105.46925266306052, 20.828988793287156], [-105.46938353088052, 20.828849563153824], [-105.46954312742413, 20.828556337264224], [-105.46982476424338, 20.828287396937196], [-105.47010365281177, 20.828149370585237], [-105.47010365205634, 20.8281493705873], [-105.470140318491, 20.82813122411001], [-105.47034653052233, 20.8279543231537], [-105.4702566011905, 20.827880777966225], [-105.47013589106243, 20.82739330316743], [-105.47030644464282, 20.827245254062454], [-105.47030644480321, 20.827245254062014], [-105.47051328330436, 20.827065707373603], [-105.47060888577482, 20.82691658878222], [-105.47072166229108, 20.826398117116295], [-105.4711674489015, 20.826149375517264], [-105.47159253741242, 20.826201014166923], [-105.47172128377186, 20.826150161724254], [-105.47162722604989, 20.826068867013248], [-105.47162042811573, 20.825559327434505], [-105.4720533590347, 20.825499839818303], [-105.47197212743683, 20.825307035927835], [-105.47205134256731, 20.825024429911135], [-105.47233520628173, 20.824759971898143], [-105.472674760996, 20.824822657405367], [-105.47284591327221, 20.824800115912062], [-105.47288837711336, 20.824765193631183], [-105.47291565115337, 20.824735099406002], [-105.47291615585924, 20.82473576393746], [-105.47282020173743, 20.82450000875897], [-105.47280174875482, 20.824289713534398], [-105.47268259213654, 20.824288300985838], [-105.47254185503292, 20.823962059174416], [-105.47264997555997, 20.823825411126887], [-105.47264494567621, 20.823735215336246], [-105.47274335995218, 20.823596289913016], [-105.47262934163156, 20.823526163645074], [-105.47275695252847, 20.823209237635254], [-105.47289616054191, 20.82317832598122], [-105.47291054365246, 20.823164811507244], [-105.47291332559074, 20.823004281808903], [-105.47294955970713, 20.822905091086785], [-105.4728835053692, 20.822724962403377], [-105.47300054434359, 20.822427040134087], [-105.47303398350061, 20.82225486116206], [-105.47332974865242, 20.821815652620607], [-105.4733297933712, 20.82181557027314], [-105.4733297926029, 20.821815570275263], [-105.47342266340173, 20.82164455445535], [-105.47373438176449, 20.821520297720646], [-105.47395940765412, 20.821563208397254], [-105.47413305057268, 20.82127823953062], [-105.47452394633187, 20.82122742515158], [-105.47454996248061, 20.821164827660976], [-105.47445870402971, 20.821013251363574], [-105.47433938886995, 20.820687701587087], [-105.4744656071148, 20.82026915831238], [-105.47493363000012, 20.820294644887237], [-105.4751304042374, 20.820279686079786], [-105.47523516510277, 20.820206848851956], [-105.47539072435572, 20.82017495109078], [-105.47565090018979, 20.82000874237588], [-105.47571231246722, 20.82002157422241], [-105.47577426867056, 20.81981826745519], [-105.47601351451925, 20.819642329816293], [-105.47625932840468, 20.81964255343446], [-105.47622802007243, 20.81956635098543], [-105.47632461030081, 20.81931983623927], [-105.4764351496795, 20.8191681809215], [-105.4767455586898, 20.819078591149896], [-105.47686778259842, 20.8189547670657], [-105.47673355919058, 20.81872654766148], [-105.47658321919025, 20.81875420073596], [-105.47631667037975, 20.818562685437705], [-105.47598227618238, 20.818426136428002], [-105.47608700677573, 20.818036709211214], [-105.47596489183066, 20.817847548982268], [-105.4760533356867, 20.81751741887031], [-105.4760579430911, 20.8172470299979], [-105.47615849324691, 20.81691662043754], [-105.47625335624724, 20.81660930535759], [-105.47639514655745, 20.816384270014243], [-105.4765022382578, 20.816088511694243], [-105.4765578543599, 20.815795409173006], [-105.47667208795473, 20.815481386190285], [-105.4766720877007, 20.81548138619099], [-105.47674453741588, 20.8152822252032], [-105.47678028696257, 20.815101815723587], [-105.47689503521, 20.814756266816854], [-105.47695984752214, 20.814577025189404], [-105.47695984776084, 20.81457702518874], [-105.47696441762987, 20.814564387021797], [-105.47732244200613, 20.814100097226643], [-105.47788001044027, 20.813851900262655], [-105.47802318290049, 20.813720858075033], [-105.47814192362955, 20.813505287099396], [-105.47819901452795, 20.81323468761707], [-105.47796541226835, 20.812894150613534], [-105.47827383125214, 20.812576220375362], [-105.47850057768214, 20.81245198254097], [-105.47858483937208, 20.812369296578915], [-105.47863759992983, 20.812243300462], [-105.47868082018307, 20.811980132448948], [-105.47861795659792, 20.811480086571247], [-105.47880953833956, 20.810953560911557], [-105.47905810514284, 20.810691435851943], [-105.47922722667629, 20.810306891184034], [-105.47919219519164, 20.810079261839213], [-105.4792047392053, 20.810004338740576], [-105.47936799554097, 20.809605707526142], [-105.4795818334951, 20.80929508706381], [-105.47965939584118, 20.809147300563183], [-105.47965939569441, 20.809147300563023], [-105.47992305161708, 20.80864493116651], [-105.48023840471934, 20.808187422113743], [-105.48047143875186, 20.807693933777447], [-105.48090137247962, 20.807080778541895], [-105.48129104535636, 20.80646282254624], [-105.48168520838826, 20.805835777696057], [-105.48210276253819, 20.805257560630245], [-105.4822398503281, 20.804767180306435], [-105.48246197075746, 20.804679613282563], [-105.4822803441809, 20.805333338316622], [-105.48184758910288, 20.805932607204742], [-105.48145642486637, 20.806554881325756], [-105.48106434776868, 20.80717665112946], [-105.4806406411088, 20.80778092808652], [-105.48042271023778, 20.808242432547033], [-105.48042271032898, 20.808242432546773], [-105.48040513808775, 20.80827964433255]]]}}, {"type": "Feature", "properties": {"id": "playa-libre-17", "kind": "playa_libre", "area_m2": 18115.9, "ancho_efectivo_m": 19.5}, "geometry": {"type": "Polygon", "coordinates": [[[-105.46386289483762, 20.842337334282803], [-105.46394569687958, 20.84244093622763], [-105.46389855135376, 20.84265602517278], [-105.46378591182123, 20.84290729466221], [-105.46387221303421, 20.843189444006164], [-105.46378088951091, 20.843270517372165], [-105.46389645099661, 20.843343146065447], [-105.4639930051297, 20.843371797536545], [-105.463990984406, 20.843396773770824], [-105.46392319609481, 20.843402873886937], [-105.46375707484712, 20.843510943045516], [-105.46350806074604, 20.843682467443305], [-105.46340695866499, 20.84383951393174], [-105.46329888747628, 20.84418768739043], [-105.46316270228284, 20.84471932947842], [-105.46272583446003, 20.8452897795908], [-105.46267403137522, 20.845497326999222], [-105.46246861204561, 20.845571241740387], [-105.46201590688776, 20.845489102948523], [-105.46184066683571, 20.84552843673973], [-105.46159508002123, 20.84564303849024], [-105.4612173236474, 20.8456419318736], [-105.46121792351441, 20.845461221131977], [-105.46155027444743, 20.84546219531349], [-105.46177436511269, 20.845357390145615], [-105.46197126052499, 20.845313332941092], [-105.46205233922916, 20.845311666734787], [-105.46245115098712, 20.845384027171963], [-105.46251015202537, 20.84536279776431], [-105.46256982263537, 20.84518419725651], [-105.46298464375396, 20.844642536690703], [-105.4631130665131, 20.844141198503387], [-105.46322946723294, 20.843766188605514], [-105.4633634745523, 20.843558029220784], [-105.46361586387165, 20.843384180073897], [-105.46347359293347, 20.84329476575734], [-105.46365511488948, 20.843133618067487], [-105.46360116328127, 20.842957233019874], [-105.46360876544522, 20.842837117676254], [-105.46371408022688, 20.842602188213533], [-105.46373991770601, 20.84248431040402], [-105.46366783254388, 20.842394117987492], [-105.46369236928402, 20.841867276494273], [-105.46392612697608, 20.84163723619272], [-105.46422144650374, 20.841060255332252], [-105.46429005432113, 20.84098700126398], [-105.46459932149176, 20.840798404958928], [-105.46498933816058, 20.84066070871585], [-105.46502856321433, 20.840627618711846], [-105.46474724543579, 20.840441104092285], [-105.4645953438973, 20.83991067134123], [-105.46479426325203, 20.839910131766988], [-105.46491480793351, 20.840331065751144], [-105.46521892656435, 20.840532697073336], [-105.46523213929711, 20.84069868931252], [-105.46508990870424, 20.840818672434075], [-105.46470393695341, 20.840950011335373], [-105.46439466961142, 20.841138607829347], [-105.46408615309242, 20.84174137255454], [-105.4638812587498, 20.841943008326716], [-105.46386289483762, 20.842337334282803]]]}}, {"type": "Feature", "properties": {"id": "playa-libre-18", "kind": "playa_libre", "area_m2": 110392.7, "ancho_efectivo_m": 19.9}, "geometry": {"type": "Polygon", "coordinates": [[[-105.46250546536461, 20.847144800420764], [-105.46237156919162, 20.847545086155424], [-105.46230696197121, 20.847914137566004], [-105.46211999952975, 20.848039495917796], [-105.46210099603591, 20.84821844822914], [-105.4621913116139, 20.84835055870753], [-105.46203356731532, 20.84903724718672], [-105.46192840860735, 20.849623757959094], [-105.46191879039185, 20.850102281465933], [-105.46192831125022, 20.850280815233653], [-105.46209921972806, 20.850431274616465], [-105.46229544334646, 20.850712334503513], [-105.462229210662, 20.85088579323528], [-105.4621644525687, 20.85100802884228], [-105.46212163267555, 20.851239256601644], [-105.46205639778627, 20.851661531792995], [-105.46173038521468, 20.8516936887647], [-105.46151234839448, 20.851832758641923], [-105.4613586177797, 20.852146278516855], [-105.46141862875533, 20.852359167769976], [-105.46125584417473, 20.852569522858463], [-105.46125584434418, 20.85256952285801], [-105.46113023203647, 20.85273184210787], [-105.46109608473242, 20.853145192774186], [-105.4609347169258, 20.853445169507363], [-105.4609867668714, 20.853786452461364], [-105.46084495110215, 20.853872887309734], [-105.46080343044507, 20.853981185713643], [-105.46068388409168, 20.854125584302018], [-105.4605052446054, 20.854275205295075], [-105.46042599796618, 20.854462256209903], [-105.46028677520579, 20.85456371161351], [-105.46028648909844, 20.854720526736443], [-105.46014887039885, 20.85486940820437], [-105.4600259091809, 20.855008382421175], [-105.45986362840115, 20.855110231044762], [-105.45972274855731, 20.855167126952146], [-105.45953698867538, 20.855187272608624], [-105.45927918349591, 20.855185081114573], [-105.45894131485242, 20.85533687414097], [-105.45867778227209, 20.855481464798384], [-105.45853444699081, 20.855695471626998], [-105.4583433140202, 20.855865739448245], [-105.45826615897025, 20.856029156637348], [-105.45810475377655, 20.856098078317675], [-105.45797731357767, 20.85646676025895], [-105.45781526505988, 20.85681243608529], [-105.45784280552758, 20.857013269531155], [-105.45771085109233, 20.85748178664084], [-105.45756649768198, 20.857728902661357], [-105.45737308793287, 20.85785220402644], [-105.4571117672419, 20.85787532830394], [-105.45686766375385, 20.85803371860961], [-105.45662696402371, 20.858531035046454], [-105.45649508039371, 20.85890719111317], [-105.45649508052601, 20.85890719111281], [-105.45642144057585, 20.859117224410326], [-105.45620260006913, 20.85981053329667], [-105.45620225028588, 20.859811529949962], [-105.45620224954239, 20.859811529726336], [-105.45595086335719, 20.860526132639226], [-105.45594799976702, 20.860676973932406], [-105.45583471998808, 20.86091041711231], [-105.4558255535562, 20.861221185985475], [-105.4557478426362, 20.86156747732597], [-105.45564706953355, 20.86210632762415], [-105.45552913209985, 20.862451260352934], [-105.45537691862948, 20.863012164959496], [-105.45536588373373, 20.86345455909178], [-105.45530357343831, 20.863915055052342], [-105.45532635323775, 20.864219838590756], [-105.4552384565749, 20.864385077417914], [-105.45512106489434, 20.864729827653814], [-105.4550844751054, 20.864907605063433], [-105.45506330340076, 20.8651654418598], [-105.45507461633218, 20.865235879341267], [-105.45507461665227, 20.865235879340418], [-105.45508860835604, 20.86532299750438], [-105.4550713904375, 20.865492658232963], [-105.454981664482, 20.865653146359993], [-105.45497172415598, 20.865848871629016], [-105.45482890607795, 20.866048955558544], [-105.45484620795864, 20.86614004420562], [-105.4548462074622, 20.866140044206933], [-105.45490159701495, 20.866431659352557], [-105.4548339689957, 20.866759830505412], [-105.45468450625921, 20.86685861334904], [-105.45467766519629, 20.867011312874876], [-105.45459419454352, 20.867260132220856], [-105.45472489839231, 20.867382194423577], [-105.45452185697495, 20.867559860009006], [-105.45459803943317, 20.867722274507507], [-105.45454132185816, 20.867846626372014], [-105.45440067081198, 20.867948747707032], [-105.45409695411769, 20.868090716698916], [-105.45395853250508, 20.868687334308206], [-105.4538680949106, 20.86904341951544], [-105.45379089735597, 20.869400433651432], [-105.45383040229163, 20.869830978778275], [-105.45384756817734, 20.87014609042947], [-105.45371411258252, 20.87035693253937], [-105.45384395962495, 20.87069532006267], [-105.45393216433173, 20.870763820590415], [-105.45394984058268, 20.87089151590587], [-105.45371809996375, 20.871243339637658], [-105.45357059780027, 20.87156477451707], [-105.45357059807527, 20.87156477451634], [-105.45353587412781, 20.8716404436983], [-105.45332521006007, 20.871823000976686], [-105.45314946205501, 20.872304429101565], [-105.45321878531149, 20.8724716628758], [-105.453120801042, 20.872564806264105], [-105.45298513411313, 20.87286161265367], [-105.45295613008918, 20.873043589038147], [-105.45281080731945, 20.873337792400445], [-105.45266682848376, 20.873492860559526], [-105.45258311705993, 20.87372450738068], [-105.45259233858957, 20.87392228427176], [-105.45264888783024, 20.874072355538708], [-105.45267533161648, 20.874328909311725], [-105.45263526167051, 20.874455069658744], [-105.45228119343203, 20.874848456988996], [-105.4522840233308, 20.87499094947438], [-105.45196117431956, 20.875303533450783], [-105.45160327082797, 20.875483813878358], [-105.45146624280986, 20.875814395794542], [-105.45115999656716, 20.87590873630821], [-105.45085192609822, 20.87589671074465], [-105.45072442827949, 20.87581217469551], [-105.45056854596226, 20.87551133127603], [-105.45038703532705, 20.87525482313903], [-105.45019528463634, 20.8751664160149], [-105.4500640788117, 20.87505315157375], [-105.44994516679293, 20.874900013245018], [-105.44994979656643, 20.87455057201106], [-105.4500234165311, 20.87419960029383], [-105.44998668601436, 20.87401770240472], [-105.4500605845255, 20.8736073535586], [-105.44972495757621, 20.87329752985348], [-105.44955142468058, 20.87321556159738], [-105.44941795878303, 20.873077342669678], [-105.44926452822314, 20.873095563777355], [-105.44897563457512, 20.87284484853144], [-105.44897310592894, 20.872611750888083], [-105.44877904921968, 20.872470227988305], [-105.44865691558172, 20.87252577825064], [-105.44840933994844, 20.872449249906513], [-105.44820714282415, 20.872270652120438], [-105.44800040215713, 20.872278655150712], [-105.44800040215704, 20.87227865511938], [-105.44753955132734, 20.87229649390449], [-105.4473713637328, 20.872230683995827], [-105.44729044148342, 20.872098527071355], [-105.44688772191448, 20.87209957939372], [-105.44642079184129, 20.872261616238955], [-105.44613986060546, 20.872506256292954], [-105.44598211751745, 20.872486687167203], [-105.44584583946252, 20.87245757460591], [-105.44569453003176, 20.87248500056191], [-105.44550936469474, 20.872473754623474], [-105.44527332786062, 20.872327363813472], [-105.44522911559494, 20.87219411824203], [-105.44527268075683, 20.872107712382807], [-105.44542066411888, 20.872050452752173], [-105.44546791681933, 20.871799296953427], [-105.44543286386597, 20.871623480844214], [-105.44518497771614, 20.871218217025454], [-105.44506182182981, 20.871077557060552], [-105.44508086200763, 20.87090113391015], [-105.44461573142888, 20.87067592235069], [-105.4445023187288, 20.87052999871554], [-105.44426076126855, 20.870248264125724], [-105.44397616926358, 20.870035308551234], [-105.44358906370307, 20.87001646675781], [-105.44257514191459, 20.870227205197722], [-105.44218952246004, 20.870256095002603], [-105.44194671856437, 20.870049511949624], [-105.4418038082676, 20.869671099353884], [-105.44198500051756, 20.869610650515938], [-105.44211169268087, 20.86994611987677], [-105.44225700604623, 20.87006975504325], [-105.44254661050478, 20.870048058191536], [-105.44357298833353, 20.869834730575317], [-105.44404768828043, 20.869857835808983], [-105.44439713764741, 20.87011932463002], [-105.44465488692472, 20.870419943787002], [-105.44474418235119, 20.870534836767078], [-105.44528536974416, 20.870796873364807], [-105.44526119503621, 20.87102087499856], [-105.44534365463716, 20.871115053295494], [-105.44561582945256, 20.871560026443017], [-105.44566334633915, 20.87179835884436], [-105.44559159312615, 20.872179739625018], [-105.44546399996108, 20.872229109760433], [-105.44557267750683, 20.872296512296675], [-105.44568232774267, 20.872303172359818], [-105.44584907874793, 20.872272946714073], [-105.4460160779896, 20.87230862124853], [-105.44607545505333, 20.872315987669825], [-105.44631823458815, 20.87210457076968], [-105.44685310102443, 20.87191895826303], [-105.44740144923722, 20.871917525294897], [-105.4475054750422, 20.872087414852246], [-105.44757416100592, 20.872114290419965], [-105.44799986612324, 20.872097812392763], [-105.44799986612267, 20.872097812204036], [-105.44827994783961, 20.872086970520016], [-105.44850992977156, 20.872290110110143], [-105.44864313780761, 20.872331286570024], [-105.44880267245712, 20.872258723619726], [-105.44916441998133, 20.872522541996656], [-105.44916704980315, 20.872765001128375], [-105.44932921359431, 20.872905733592276], [-105.44949310662138, 20.87288627056174], [-105.44966974764132, 20.873069202352955], [-105.44983820305231, 20.873148772247315], [-105.4502669077683, 20.873544517641932], [-105.4501820233482, 20.874015876557113], [-105.4502192546646, 20.8742002524438], [-105.45014183781983, 20.87456932886461], [-105.45013822411248, 20.87484209156248], [-105.45020816719385, 20.874932166552092], [-105.45030489780684, 20.87501566991103], [-105.45051836400096, 20.875114088972044], [-105.45073577584893, 20.87542133289336], [-105.45087565538604, 20.875691289580526], [-105.4509164891149, 20.875718364565355], [-105.45113319236695, 20.87572682339378], [-105.45132005138564, 20.875669260973947], [-105.45144987885705, 20.87535605097964], [-105.45184401774738, 20.875157519099268], [-105.45209028806515, 20.87491907849804], [-105.45208760088641, 20.874783739992434], [-105.45246251480833, 20.87436719306964], [-105.45248032362379, 20.874311120015147], [-105.45245978133701, 20.87411181533242], [-105.45240150732127, 20.873957164816883], [-105.45238944853534, 20.87369851916096], [-105.45249698643173, 20.87340094010345], [-105.45264794063907, 20.873238360431106], [-105.45277008060387, 20.87299109057633], [-105.45279866491003, 20.872811741970292], [-105.45295489016928, 20.87246996276137], [-105.45295488970952, 20.87246996276259], [-105.45295850093858, 20.872462063341338], [-105.45299433640717, 20.87242799833297], [-105.45294474858756, 20.872308373051965], [-105.45315912836772, 20.87172112391287], [-105.45333884043136, 20.871565388718302], [-105.45333884052766, 20.871565388718043], [-105.45337550539816, 20.87153361556521], [-105.45354716328328, 20.871159541534855], [-105.4537477475162, 20.870855019649017], [-105.45368093947619, 20.870803135637953], [-105.4535024265862, 20.870337919045443], [-105.45365257590781, 20.870100704984882], [-105.45363855724557, 20.8698433656485], [-105.45359695879536, 20.869389988605494], [-105.45368032753912, 20.869004433783456], [-105.4537710819333, 20.86864710001434], [-105.45392875382677, 20.867967513814083], [-105.45429811017911, 20.86779486316128], [-105.45438823186642, 20.867729245178527], [-105.45429077109516, 20.86751516563082], [-105.4544475781659, 20.867377955197416], [-105.45437561787703, 20.86731075172662], [-105.4544866425822, 20.866979797305735], [-105.45449640000957, 20.866762021242064], [-105.45465995660477, 20.86665392429243], [-105.45470603706391, 20.86643031231151], [-105.45462599045955, 20.866008876185738], [-105.45478223275765, 20.86578998443442], [-105.45479165243245, 20.865604532198684], [-105.4548835901784, 20.865440086127546], [-105.45489496843808, 20.865327978586986], [-105.45488025877067, 20.865236396027914], [-105.45488025917233, 20.865236396026848], [-105.45486992624399, 20.86517206126606], [-105.45489362803752, 20.864883411865705], [-105.45493447310581, 20.86468496604409], [-105.455059863706, 20.86431672474685], [-105.45513088127346, 20.864183215955432], [-105.45511045672897, 20.863909937700367], [-105.4551739092373, 20.863441004953735], [-105.45518522433092, 20.8629873996359], [-105.4553442933795, 20.86240123605774], [-105.45545999760262, 20.862062835790134], [-105.4555590523683, 20.861533175733708], [-105.45563385164793, 20.861199860990446], [-105.45564361861187, 20.86086877040376], [-105.45575648785811, 20.860636174168476], [-105.45576832719173, 20.860469399124888], [-105.4560191233206, 20.859756479630345], [-105.45623794621582, 20.85906323079614], [-105.45629246585177, 20.858907731293705], [-105.45629246586672, 20.858907731293666], [-105.45644764092525, 20.858465143304183], [-105.45671468758894, 20.85791339333144], [-105.45704381944844, 20.85769983088021], [-105.45730598073153, 20.85767663218052], [-105.45742026349868, 20.857603775652407], [-105.45753101701864, 20.857414178811524], [-105.45764731490807, 20.85700125264104], [-105.4576177458968, 20.856785622488704], [-105.4577974716871, 20.856402240164236], [-105.4579480956176, 20.855966490253092], [-105.45812008872726, 20.85589304699358], [-105.45816759198267, 20.85579243514752], [-105.4582110691754, 20.855734575086537], [-105.45838410638443, 20.855580427453198], [-105.45851508986247, 20.85538518549487], [-105.45858086869806, 20.855325394344963], [-105.4588512530266, 20.855177044742526], [-105.45923642723268, 20.85500399982154], [-105.45952680100751, 20.855006468109785], [-105.45967273485043, 20.854990640882225], [-105.45977153853623, 20.854950737385504], [-105.45989594622772, 20.854872659294116], [-105.46000238753243, 20.85475235640819], [-105.46009436365065, 20.854652852485277], [-105.46009468797621, 20.854475034945125], [-105.46026678455935, 20.85434962383383], [-105.4603434420818, 20.854168683485987], [-105.46054291819853, 20.8540016113092], [-105.46063293524699, 20.85389288161836], [-105.46068604018635, 20.853754367813956], [-105.46077901852438, 20.85369769943813], [-105.4607358180823, 20.85341444351437], [-105.46090736100113, 20.853095554298072], [-105.46094277421618, 20.852666881320967], [-105.46101761913837, 20.852570164420058], [-105.46101761918744, 20.852570164419927], [-105.46120937566616, 20.852322370280135], [-105.46115506423311, 20.85212969808019], [-105.46136014674227, 20.851711452228127], [-105.46162244359326, 20.851544152622846], [-105.4617103229103, 20.85151396453601], [-105.46188763496939, 20.8514964750567], [-105.46193138379967, 20.85121328662076], [-105.461932236452, 20.8512082641495], [-105.46197986611976, 20.850951067833417], [-105.4620520875053, 20.850814745556203], [-105.46208125130617, 20.850738368570934], [-105.46194853518112, 20.850546205415487], [-105.46174019819196, 20.850362796442226], [-105.46172645655652, 20.850105101522704], [-105.4617364701202, 20.849606942620355], [-105.46184455755024, 20.849004100362077], [-105.46198470497154, 20.84838260429502], [-105.46190305119967, 20.848263164442017], [-105.4619373726474, 20.84793997639302], [-105.46213025362592, 20.847810650101824], [-105.46218409426801, 20.847503101432185], [-105.46230376474104, 20.847145344996857], [-105.46230376473869, 20.84714534499686], [-105.46241957609968, 20.846799123785942], [-105.46263171473788, 20.84617927236238], [-105.46255341951638, 20.84603416985891], [-105.46202573734841, 20.845862354763955], [-105.4618288035568, 20.845843031086872], [-105.46178308520105, 20.845868447686655], [-105.4616823974432, 20.845893593205865], [-105.46123425902806, 20.845887385099772], [-105.46123709177118, 20.84570669365018], [-105.4616852296511, 20.84571290175899], [-105.46178560460201, 20.845657099322015], [-105.46206792980865, 20.84568480181635], [-105.46269060270966, 20.845888928087977], [-105.4628389399694, 20.84616383539291], [-105.4626027716117, 20.846853899764014], [-105.46250546573847, 20.847144800419755], [-105.46250546536461, 20.847144800420764]], [[-105.45601828605334, 20.85975913214913], [-105.45601917575134, 20.85975646683885], [-105.45601913240662, 20.85975645380208], [-105.4560191233206, 20.859756479630345], [-105.45601828605334, 20.85975913214913]]]}}, {"type": "Feature", "properties": {"id": "playa-libre-19", "kind": "playa_libre", "area_m2": 6063.8, "ancho_efectivo_m": 18.8}, "geometry": {"type": "Polygon", "coordinates": [[[-105.44006311726329, 20.87137646869113], [-105.44030616938745, 20.871127491339124], [-105.4403061693875, 20.871127491353718], [-105.44047470577384, 20.870954845646587], [-105.44135031203444, 20.87040971972696], [-105.44172892641954, 20.870261965999035], [-105.44169287070604, 20.87013879021233], [-105.44153014103799, 20.869767658816414], [-105.44170790579561, 20.86969880336943], [-105.44187512544076, 20.870080175676435], [-105.44190966936907, 20.87019818607019], [-105.44195868953474, 20.870365651974325], [-105.44196144377389, 20.870366894886345], [-105.44195929842783, 20.870367732112296], [-105.44195929857189, 20.87036773260443], [-105.44195929792629, 20.870367732308022], [-105.44144109483469, 20.870569961133434], [-105.44060048310128, 20.87109330026021], [-105.44013293660703, 20.871572246536505], [-105.43999205028781, 20.871547937221465], [-105.43999205881963, 20.87154789354147], [-105.4399920501563, 20.871547892043875], [-105.43999206709086, 20.871547851195512], [-105.4400267674919, 20.87137019660603], [-105.44006311726329, 20.87137646869113]]]}}, {"type": "Feature", "properties": {"id": "playa-libre-20", "kind": "playa_libre", "area_m2": 2947.6, "ancho_efectivo_m": 17.6}, "geometry": {"type": "Polygon", "coordinates": [[[-105.43978130451879, 20.871528683866554], [-105.43945858325415, 20.87097187467512], [-105.4391780253567, 20.870443871369847], [-105.4393500364877, 20.870363130539204], [-105.43962906463086, 20.870888254235627], [-105.43990136483151, 20.871358068021063], [-105.4400267674919, 20.87137019660603], [-105.4399920501563, 20.871547892043875], [-105.43978130451879, 20.871528683866554]]]}}, {"type": "Feature", "properties": {"id": "playa-libre-21", "kind": "playa_libre", "area_m2": 87444.5, "ancho_efectivo_m": 19.9}, "geometry": {"type": "Polygon", "coordinates": [[[-105.43730279014217, 20.872510683618394], [-105.43730279054995, 20.872510683617353], [-105.43729775965299, 20.872512646355087], [-105.43674192888946, 20.872859959153992], [-105.43657962644625, 20.872959431409964], [-105.43614536291372, 20.87331636667868], [-105.43543966947956, 20.87396674849954], [-105.43492540243003, 20.874504374665342], [-105.4344128810255, 20.875043528212938], [-105.43402575760574, 20.87546617355806], [-105.43355920620898, 20.876040901222805], [-105.43310147524998, 20.876622120859718], [-105.43275255678296, 20.877053901902574], [-105.43240885909691, 20.877504996161356], [-105.43202087608033, 20.87791527309818], [-105.43180132856652, 20.878212318407165], [-105.43132589195136, 20.87878454697293], [-105.43101117892284, 20.879238904916427], [-105.43083367085514, 20.879561242990665], [-105.43074913034663, 20.8797557787953], [-105.43074913003306, 20.879755778796085], [-105.43073955695, 20.879777807261547], [-105.43060464038174, 20.880033112167546], [-105.43053015242259, 20.880063549000678], [-105.43052745432338, 20.88015788096308], [-105.43046960681684, 20.880307236574655], [-105.43039294905758, 20.88032224422596], [-105.43038477609763, 20.88040358052732], [-105.43032075203504, 20.88049109673422], [-105.43019354050395, 20.880439375384178], [-105.43014593025036, 20.880561235157888], [-105.4301312968914, 20.880768345850584], [-105.43010588732639, 20.880922560417176], [-105.43000794999003, 20.88096755991163], [-105.42969305208923, 20.88101882497282], [-105.42950760751725, 20.881248188292826], [-105.42950169371444, 20.88153321797459], [-105.4292314016235, 20.88176454694565], [-105.42867166425995, 20.881869396441395], [-105.42850740260128, 20.882047765689165], [-105.42829332054067, 20.882222084204106], [-105.42818116589133, 20.88242402659973], [-105.42796273747112, 20.882660178857734], [-105.42769358795576, 20.88294141423336], [-105.42752412177182, 20.883266564158458], [-105.42719046095961, 20.883919667627406], [-105.42676290307843, 20.884738823078813], [-105.42652632506021, 20.885187711900212], [-105.4265263256028, 20.88518771189886], [-105.42625058232902, 20.885710909057448], [-105.42581480884195, 20.886523389037375], [-105.42546818292261, 20.887168671285455], [-105.42513327165042, 20.887819505882703], [-105.42479905861708, 20.88847758009998], [-105.42451743304376, 20.888960847272653], [-105.42435650514525, 20.889289205762584], [-105.42412667782773, 20.88978645729893], [-105.42400815623304, 20.889935126312594], [-105.42345242267206, 20.890054266070475], [-105.42288755915662, 20.890693578741683], [-105.42258731171029, 20.891522398522113], [-105.42258731187125, 20.891522398521715], [-105.42255368604202, 20.891615220102853], [-105.42213670602018, 20.89237065413704], [-105.4221237443086, 20.892427101581944], [-105.42212374414477, 20.892427101582346], [-105.42194425805232, 20.89320873815046], [-105.42180400261446, 20.893713869449655], [-105.42189364852021, 20.894593155922884], [-105.42170797634051, 20.894912585254584], [-105.42157079231123, 20.89525028763205], [-105.42135117914157, 20.895556925481714], [-105.42126571308962, 20.895914118163454], [-105.4210734093026, 20.896410371278566], [-105.42109007945295, 20.89666176858004], [-105.42106525068992, 20.896895306283074], [-105.42118599903307, 20.896978299627925], [-105.42126158872236, 20.897082637782912], [-105.42119939173494, 20.89719803438326], [-105.42112574785635, 20.897276251572237], [-105.42123551373513, 20.897393935103246], [-105.42123343752104, 20.897432076666647], [-105.4210631840176, 20.897564907062073], [-105.42086789410014, 20.897747411466998], [-105.4206274770731, 20.89781973216825], [-105.42044758328906, 20.89773267516707], [-105.42038161797053, 20.897501380332447], [-105.42031280429855, 20.89716733719837], [-105.4199509485548, 20.896968630736826], [-105.41963279751384, 20.896955957200113], [-105.41923687065972, 20.897084010482757], [-105.41891041074916, 20.897268066801455], [-105.4187521019153, 20.89737547206725], [-105.418490535404, 20.897514956940054], [-105.41838113333307, 20.897457725058565], [-105.41811226836553, 20.897743346045495], [-105.41776856270772, 20.89838773903928], [-105.41756075263156, 20.89876321239345], [-105.41734369904044, 20.898763742515996], [-105.41759728899929, 20.89830555524289], [-105.41795159866122, 20.897641282778913], [-105.41833955531644, 20.89722914903099], [-105.41848963086684, 20.897307658638006], [-105.41864805340086, 20.897223177495174], [-105.41880446959739, 20.897117056399885], [-105.41915522348681, 20.896919302413696], [-105.4196046036896, 20.89677396136435], [-105.42000677054209, 20.896789981331906], [-105.42048504498315, 20.897052617173557], [-105.42056912481415, 20.897460765890475], [-105.42061129867218, 20.897608636815235], [-105.42064470859195, 20.89762480507941], [-105.42076514130278, 20.89758857689316], [-105.420933702221, 20.89743105131345], [-105.42098042092873, 20.897394602406823], [-105.42094599941676, 20.897340476444352], [-105.42093344531602, 20.89727582981601], [-105.42095383566365, 20.897195269020106], [-105.42103586754507, 20.89709900075412], [-105.42092753503879, 20.897021435121363], [-105.420890055302, 20.896969816818213], [-105.42087371198984, 20.896911405023022], [-105.42089717906109, 20.896658383672197], [-105.42087898355997, 20.896383971974753], [-105.42108079999329, 20.89586317127621], [-105.42117148335599, 20.895484175629427], [-105.42139897927706, 20.89516653131204], [-105.42153296743615, 20.89483669880031], [-105.4216965975938, 20.894555192127456], [-105.42160933039395, 20.89369922771767], [-105.42175715327735, 20.89316684737808], [-105.42195416188726, 20.892308903845276], [-105.42237631807174, 20.89154409478554], [-105.42271695578317, 20.89060378397424], [-105.42334611332208, 20.88989170365803], [-105.42389657875103, 20.889773693205875], [-105.42395927770924, 20.889695046574943], [-105.42418096798933, 20.88921540048462], [-105.42434556909895, 20.88887954886571], [-105.42462782851486, 20.888395195218454], [-105.42495994525983, 20.887741249466597], [-105.42529578560455, 20.887088608478216], [-105.42564312559512, 20.88644200017185], [-105.42583031033064, 20.88609300466104], [-105.42583031022427, 20.8860930046613], [-105.42607991550211, 20.885627626931853], [-105.42631147616252, 20.885188247626047], [-105.42631147653465, 20.88518824762512], [-105.42658977257489, 20.88466018645678], [-105.42701746888392, 20.883840765428406], [-105.42735110733928, 20.883187708419868], [-105.42753269793644, 20.882839297865317], [-105.42781868521419, 20.882540468998748], [-105.42802118552045, 20.88232153704203], [-105.42813977688756, 20.882108004954734], [-105.42837105181835, 20.881919688109715], [-105.42856941966336, 20.88170428341506], [-105.42914143018841, 20.881597134631143], [-105.4293110602419, 20.88145195707839], [-105.4293165837566, 20.88118576304947], [-105.42958571204521, 20.880852897687095], [-105.42993208237986, 20.880796509154088], [-105.42993999374382, 20.88074849405405], [-105.42995590179476, 20.880523337011486], [-105.43003464088711, 20.880320776317784], [-105.43025624916102, 20.880196145085133], [-105.43032555425074, 20.880150848838024], [-105.4303503392688, 20.879971569283885], [-105.43046363488166, 20.879893676661112], [-105.43056421355173, 20.879703351865963], [-105.43065893226584, 20.8794853946839], [-105.43084481341104, 20.87914785410483], [-105.43105011032982, 20.878851462145967], [-105.4310501108668, 20.87885146214461], [-105.43116925644048, 20.878679448704755], [-105.43164647444861, 20.878105076441834], [-105.43186951865783, 20.87780330140457], [-105.43225841908941, 20.87739205477453], [-105.43259780117326, 20.87694662619202], [-105.43294763472734, 20.876513712788867], [-105.43340549144786, 20.875932333303883], [-105.43387633587244, 20.87535231747399], [-105.434268318376, 20.874924368886187], [-105.43478221819348, 20.874383765662238], [-105.43530072952782, 20.873841702585416], [-105.43576027412114, 20.873418177827375], [-105.43576027411258, 20.873418177827396], [-105.4360146611544, 20.873183728512554], [-105.43646325339634, 20.872815016178404], [-105.43663619172472, 20.872709025724717], [-105.43720682922776, 20.872352460942174], [-105.43777435127629, 20.872131031247076], [-105.43872927102063, 20.871923492904436], [-105.4393701381779, 20.871789175314287], [-105.43944057808541, 20.87170628267548], [-105.43938861928879, 20.871553047903106], [-105.4392840601474, 20.87133037415607], [-105.43917115054319, 20.87109993038225], [-105.4388818732236, 20.870556444803913], [-105.43905371452047, 20.870475384843726], [-105.43934447799393, 20.871021658309587], [-105.43945934229754, 20.871256092483385], [-105.43956868226415, 20.871488945979802], [-105.43965500261749, 20.871743520456818], [-105.43947810009121, 20.8719516975931], [-105.43877185451913, 20.872099717667407], [-105.43783327522381, 20.87230370412067], [-105.43730279014217, 20.872510683618394]]]}}, {"type": "Feature", "properties": {"id": "playa-libre-22", "kind": "playa_libre", "area_m2": 43094.9, "ancho_efectivo_m": 19.8}, "geometry": {"type": "Polygon", "coordinates": [[[-105.41166084966395, 20.736886492536925], [-105.41168937549989, 20.736488999429355], [-105.41158608577457, 20.73613831340151], [-105.41157613956355, 20.73577657101533], [-105.41192108681958, 20.735556382589667], [-105.41201519956705, 20.735541268087513], [-105.41278090658692, 20.73594689051596], [-105.41367964683063, 20.73636053318453], [-105.4139821357367, 20.73654244142991], [-105.41398213573754, 20.736542441740948], [-105.41443267104647, 20.736813379539612], [-105.41507084081731, 20.73721743921124], [-105.41586842863431, 20.73772270901061], [-105.41625226502255, 20.738022758515395], [-105.41671470686748, 20.738190649657664], [-105.41746065043664, 20.738421663010268], [-105.41793249646992, 20.7385609289772], [-105.41795432504261, 20.73866128653412], [-105.41805100078959, 20.738761594103234], [-105.41810311418728, 20.7389223036505], [-105.41822363738216, 20.738948299218706], [-105.41839659664744, 20.739025458544827], [-105.41875514892902, 20.739358702385502], [-105.41904979018466, 20.73961225503895], [-105.41926427834187, 20.739693435288974], [-105.41943140338388, 20.73977149056162], [-105.41952890074639, 20.739738556940353], [-105.41960659741837, 20.73966783531342], [-105.41970007221808, 20.739675034615697], [-105.41970657595468, 20.739899367141973], [-105.41989841663349, 20.739931098647677], [-105.41988498539531, 20.740105096539864], [-105.4199411569285, 20.74020015001024], [-105.42037011735383, 20.740374172240458], [-105.42044797175707, 20.74060952376636], [-105.42067523696223, 20.740799431452857], [-105.42080081377073, 20.740792876029538], [-105.4209513618849, 20.740978870611112], [-105.4211594346116, 20.74114297788049], [-105.42160299152017, 20.74142623941478], [-105.42251309171834, 20.741915488502837], [-105.42311353503047, 20.74230754925006], [-105.4236311392555, 20.74254905160553], [-105.424158093369, 20.742798579245708], [-105.42485324800504, 20.74310731024729], [-105.42522712684661, 20.743291516556774], [-105.42526526779353, 20.74344124912931], [-105.4254356572458, 20.74350558495631], [-105.42566678816546, 20.743576185636968], [-105.42615618220843, 20.743865200294664], [-105.42630515955855, 20.744114880409974], [-105.42658696776587, 20.744161583893504], [-105.42674949514837, 20.74411653508978], [-105.42707995390376, 20.74420311638778], [-105.42723015419958, 20.74424590425148], [-105.42733130298244, 20.744448033367945], [-105.42753708432379, 20.74453709122992], [-105.42778322640136, 20.744687307965243], [-105.42750753896723, 20.744734452587423], [-105.42744434434722, 20.744695877133232], [-105.42725100943701, 20.744612206062808], [-105.42715748729431, 20.744524999658356], [-105.42709271996617, 20.744395571915877], [-105.4270263350744, 20.744376660551662], [-105.42675098482336, 20.744304517938847], [-105.42659802745891, 20.744346914511073], [-105.42618218581214, 20.74427799733802], [-105.4260126031357, 20.743993783910547], [-105.42558480969794, 20.743741146965988], [-105.425370136215, 20.743675573612894], [-105.42510158087148, 20.74357417188672], [-105.42506065175766, 20.743413496670197], [-105.42476763695282, 20.74326913122681], [-105.42407388298112, 20.74296102171199], [-105.42354526931337, 20.742710708188923], [-105.42301556057618, 20.742463557305047], [-105.42264242230591, 20.74221991654186], [-105.4226424223076, 20.742219917152596], [-105.42241046618362, 20.742068459898775], [-105.42150123211194, 20.741579676213224], [-105.42104347527507, 20.74128734658831], [-105.42081150806025, 20.7411043939829], [-105.42070970718588, 20.740978624314778], [-105.4206068415626, 20.740983994664372], [-105.42028042632101, 20.74071123475749], [-105.42021293432792, 20.740507208237847], [-105.41980502798042, 20.740341728123017], [-105.41968923505821, 20.740145778851904], [-105.41969424947496, 20.740080815005506], [-105.41951881900386, 20.74005179824442], [-105.41951543715405, 20.739935116232534], [-105.41941928986394, 20.73996759386439], [-105.41918559250534, 20.739858446225885], [-105.41894580259995, 20.739767689994398], [-105.41862276053493, 20.73948969684922], [-105.41828479670518, 20.739175588260068], [-105.41812467930131, 20.73911235873163], [-105.41799595340082, 20.73907140990229], [-105.41790276305254, 20.738923817929738], [-105.41783926267931, 20.738810947712572], [-105.417766984937, 20.73870147906032], [-105.41740185754274, 20.738593710720647], [-105.41665004717849, 20.73836087979499], [-105.41615371508102, 20.738180685193242], [-105.41575309902181, 20.737867518183425], [-105.41496355935895, 20.737367347197907], [-105.41432729238707, 20.736964491539933], [-105.41398271998824, 20.7367572764793], [-105.41398271998882, 20.736757276692742], [-105.41358539795935, 20.736518337864208], [-105.41269149245333, 20.736106921276576], [-105.4119861195241, 20.73573325980625], [-105.41177088914353, 20.735870646908197], [-105.41177751096532, 20.736111450089556], [-105.41188324498886, 20.736470433999376], [-105.4118525139444, 20.73689866570971], [-105.41166084966395, 20.736886492536925]]]}}, {"type": "Feature", "properties": {"id": "playa-libre-23", "kind": "playa_libre", "area_m2": 65879.3, "ancho_efectivo_m": 19.7}, "geometry": {"type": "Polygon", "coordinates": [[[-105.39708501878533, 20.737314209901854], [-105.3971745038384, 20.73727010304872], [-105.39720616266612, 20.737241934145178], [-105.39729627178951, 20.737184141126622], [-105.39738746155275, 20.73707856987639], [-105.39763712831243, 20.736900636248496], [-105.3977953563096, 20.7367058000162], [-105.3977653724431, 20.736303743592078], [-105.39778073644972, 20.73611142432268], [-105.39778879280395, 20.735979704930802], [-105.39796971242336, 20.735924850504126], [-105.3981518718848, 20.73598676760145], [-105.39829172638966, 20.73593200697933], [-105.39842467001166, 20.736089740011625], [-105.39868969887225, 20.73601369178664], [-105.39895499304762, 20.73581395109041], [-105.39905532612721, 20.735419419381955], [-105.39923241775297, 20.735107360503786], [-105.39941509748128, 20.735039378753708], [-105.39954664681989, 20.735087686567205], [-105.39963260141938, 20.735165222470012], [-105.39973774217057, 20.735213189392088], [-105.39988330597693, 20.735239047554728], [-105.39993112776146, 20.735290104093142], [-105.39999358245088, 20.73536846700059], [-105.40007856162917, 20.735420806912362], [-105.4002204291596, 20.735651057786338], [-105.40040240305252, 20.735711232638188], [-105.40058946152637, 20.735713932533162], [-105.40076801225446, 20.73564415994474], [-105.40079426251977, 20.73554304464279], [-105.40107373302862, 20.735562104777287], [-105.40114749336612, 20.73545416236344], [-105.4013822727144, 20.735481214430926], [-105.40170656557923, 20.734994249489784], [-105.40175552273682, 20.734930120408013], [-105.40182103594924, 20.73495735929953], [-105.40156714874077, 20.735460642240287], [-105.40144310461956, 20.73580493490721], [-105.40175826734098, 20.73606292182504], [-105.40210457424791, 20.736270283884455], [-105.40240450814593, 20.73649912870967], [-105.40302069786222, 20.736564722385133], [-105.40316952176956, 20.73640245736501], [-105.4033038076424, 20.736353471459157], [-105.4034131174265, 20.736221462038827], [-105.40357651153242, 20.73616758436697], [-105.40373864899975, 20.73625451551106], [-105.40392301597652, 20.736574361424665], [-105.40401573308965, 20.736940117134697], [-105.40503316495841, 20.737073095364252], [-105.40552626322892, 20.73728507616802], [-105.40570459570435, 20.73746443914739], [-105.40585949849886, 20.73776146117585], [-105.40595942754028, 20.738188719527663], [-105.40577181302336, 20.738227551540483], [-105.40567685218028, 20.7378215325477], [-105.40554474182906, 20.73756821496883], [-105.40544641886487, 20.73744944135103], [-105.40533990035169, 20.737403649702575], [-105.40533990035384, 20.737403649806005], [-105.40497888739328, 20.73724845176776], [-105.40398426859161, 20.737118455671915], [-105.40387352500807, 20.737075386568318], [-105.40383416810126, 20.737002926364145], [-105.40374204445772, 20.73663951122859], [-105.40359590775735, 20.736385988242755], [-105.40355744450362, 20.73636536581769], [-105.4035299578128, 20.73637442901268], [-105.40342274098838, 20.73650391171643], [-105.40328365810056, 20.736554647442144], [-105.40309988433461, 20.736755018741153], [-105.40232711246261, 20.736672757461033], [-105.40199212714151, 20.736417169065803], [-105.40164300132281, 20.736208119163155], [-105.40131125328179, 20.735936556554392], [-105.40124476472423, 20.735871380401793], [-105.40125790183218, 20.735755999242752], [-105.4012949337883, 20.73565321601854], [-105.40124386202815, 20.735647330891638], [-105.40117748594751, 20.735728287993023], [-105.401088434177, 20.735744296489706], [-105.40093386790177, 20.735733755172944], [-105.4008864355786, 20.735793569508406], [-105.4006263549151, 20.73589520065654], [-105.40036819539536, 20.735891474490234], [-105.40009110458328, 20.735798268358494], [-105.39993619076104, 20.735547580809957], [-105.39986293362684, 20.73550188287685], [-105.39978266516471, 20.735405077769553], [-105.39967694871797, 20.73538629863049], [-105.39952151752908, 20.73531538831313], [-105.39944124038175, 20.735242974197057], [-105.39941556464052, 20.735233545361428], [-105.3993686642707, 20.7352509983989], [-105.3992364109911, 20.73548404675101], [-105.39912648579794, 20.73591629981865], [-105.3987809760833, 20.736176434750558], [-105.39846708739462, 20.73626650324916], [-105.39835812413311, 20.73626796280368], [-105.39828232493467, 20.736211722641137], [-105.39823144385504, 20.73615135414696], [-105.39815678463398, 20.736180586889827], [-105.3979727502934, 20.736118032600913], [-105.39797242235291, 20.73612338704898], [-105.39795797842818, 20.73630419354548], [-105.39799206486197, 20.736761257384142], [-105.39777393473729, 20.737029854812555], [-105.39752193535666, 20.737209451186686], [-105.3974276659226, 20.737318587905143], [-105.39732703471381, 20.737383128808265], [-105.39728719883898, 20.73741857324097], [-105.39713610708013, 20.737493047028014], [-105.39692059677711, 20.737501654974807], [-105.39669567667022, 20.737542091951283], [-105.39669567667046, 20.737542092044063], [-105.3965193614619, 20.73757379033754], [-105.39636141827602, 20.737451454134224], [-105.39623765823711, 20.737815186556993], [-105.39608947600375, 20.737843185419692], [-105.39606661448205, 20.738094062692127], [-105.39573698531632, 20.738241877538538], [-105.39573698531484, 20.738241876973053], [-105.39532652135733, 20.73842593839458], [-105.39486650981699, 20.738429237754303], [-105.39483548270944, 20.738410528148762], [-105.39478694708268, 20.738438388386108], [-105.39467501900664, 20.738855103559136], [-105.39451513387519, 20.738972205191764], [-105.39426205682133, 20.739288414625626], [-105.39376512871544, 20.739292799568773], [-105.3933454110339, 20.739300480766236], [-105.3932616669045, 20.739246555273812], [-105.39308754242661, 20.739227904122487], [-105.39298498363942, 20.73924797198793], [-105.39268919855488, 20.739275856057855], [-105.3926636732485, 20.739451435849368], [-105.3925807212514, 20.739626356998134], [-105.3923100269262, 20.739836387516334], [-105.39207305379722, 20.73991582456312], [-105.39193805317626, 20.740047255648552], [-105.39177565831233, 20.74001869945726], [-105.39174596231032, 20.740033114085197], [-105.39170482092293, 20.740167431347523], [-105.39156777312915, 20.740264614035937], [-105.39155100480686, 20.740275293630777], [-105.3915388677942, 20.74031458436518], [-105.39140802021055, 20.740474977856884], [-105.3912533958904, 20.74051824865759], [-105.39110523128909, 20.74065917039176], [-105.39060131570734, 20.740884481148477], [-105.3901423193174, 20.741089706860958], [-105.3897238081802, 20.741120122280535], [-105.38948933846008, 20.74120623930436], [-105.38916213343258, 20.74124645456756], [-105.38902753651968, 20.741182171439103], [-105.38892655680904, 20.741213484667366], [-105.38859346329032, 20.741153167596046], [-105.3885235581031, 20.741134200433127], [-105.38857216863092, 20.741246992493743], [-105.38840062284395, 20.74148107560194], [-105.38829719354675, 20.741493986335936], [-105.38826020159586, 20.74167630044786], [-105.38822679744196, 20.741848554161873], [-105.38809212331246, 20.74196422767491], [-105.38798795351725, 20.742097117683905], [-105.38784720307817, 20.742276671306392], [-105.38793358309869, 20.74235033029402], [-105.38795693018656, 20.742413692427203], [-105.38796348836215, 20.742492278841354], [-105.38795446611184, 20.742543570831383], [-105.3879014235587, 20.74262254469269], [-105.38791226131687, 20.74278455589083], [-105.38785602281958, 20.74286122650164], [-105.387819136029, 20.743013142148143], [-105.3877600877685, 20.743246613958778], [-105.38760031114006, 20.743354039823725], [-105.38750180460669, 20.743420269882765], [-105.38750180420575, 20.743420269883668], [-105.38745206705926, 20.743453710366403], [-105.3875569644422, 20.743602942686476], [-105.38736193371737, 20.744009429439096], [-105.386959234763, 20.744298805540673], [-105.3865573754071, 20.744505253106727], [-105.38611364132544, 20.74461211575088], [-105.38609954858535, 20.744663812082067], [-105.38605762553638, 20.744728725159785], [-105.38598077119373, 20.74477144257892], [-105.38548336782989, 20.744849951474748], [-105.38558962799351, 20.74546264248694], [-105.38567773796971, 20.74582513407312], [-105.38549045898455, 20.74586541439582], [-105.38540099921141, 20.745497366029998], [-105.38534097125685, 20.745151248305973], [-105.38529395704464, 20.744880170510587], [-105.3852599776587, 20.744725144141803], [-105.38523069659021, 20.74461191842862], [-105.38526303415362, 20.7446018479079], [-105.38530336608096, 20.744695581300704], [-105.38591917253139, 20.744597964060763], [-105.38595580636438, 20.74446358328605], [-105.38648641621667, 20.74433579867886], [-105.38685427667544, 20.744146818902436], [-105.38720678043546, 20.743893512088558], [-105.38733826819373, 20.743619462157632], [-105.3871987342707, 20.743420952544298], [-105.38719873406512, 20.74342095254476], [-105.38719244564261, 20.743412005936737], [-105.38740910221728, 20.743262618536995], [-105.38759013949496, 20.74313779084305], [-105.38763254890014, 20.74297010803805], [-105.38766559324996, 20.742778806062628], [-105.38771764347986, 20.742735169769446], [-105.38768097686636, 20.742601036095063], [-105.38768124169259, 20.742540220286532], [-105.38777017876528, 20.742484963954574], [-105.3877666119036, 20.742442222892645], [-105.3876360739065, 20.742449650015203], [-105.38763510384233, 20.742289040583657], [-105.38759119075121, 20.742258107129803], [-105.38761175938399, 20.742137650170534], [-105.38767121928318, 20.74207828038093], [-105.38776479541355, 20.742078405543527], [-105.38783689467488, 20.741985751969413], [-105.38794844170246, 20.74184240458161], [-105.38804949092923, 20.741759001484183], [-105.38807191017601, 20.741640460393103], [-105.38810239354399, 20.741498743337644], [-105.38809853884376, 20.74142865799223], [-105.38819157805045, 20.74132313074528], [-105.38823311560495, 20.741304746786227], [-105.38829406781204, 20.741313597959127], [-105.38835810201962, 20.741225568809565], [-105.38830037158904, 20.741181373314074], [-105.38827503261786, 20.741077054783396], [-105.38831142783299, 20.741015171590888], [-105.388444544016, 20.740928504425693], [-105.38863833112623, 20.74097726004016], [-105.38891383670368, 20.741027148976574], [-105.38904326778402, 20.740987013031997], [-105.38919613986593, 20.74106002400555], [-105.38944125815793, 20.74102989777956], [-105.38968054018261, 20.740942013366524], [-105.39009201625319, 20.740912110078753], [-105.39053206630948, 20.740715355183077], [-105.39099233707466, 20.740509558100946], [-105.39115143263727, 20.74035824125592], [-105.39128936802071, 20.74032520537733], [-105.3913629544775, 20.74023644137727], [-105.39138066327402, 20.740179113433555], [-105.39140477497406, 20.740150187490034], [-105.39146429684477, 20.740111683457922], [-105.39153797991335, 20.740059433588826], [-105.39158429172126, 20.739908233916452], [-105.39174615520805, 20.73982966619633], [-105.3918717364194, 20.739851749047535], [-105.39196617672484, 20.739759805480848], [-105.39221379365357, 20.739676800483824], [-105.3924236700701, 20.739513959015202], [-105.39247705862226, 20.73940137988631], [-105.39252050084399, 20.739102554781763], [-105.39262324602267, 20.739053102463636], [-105.39274306880202, 20.73910103108142], [-105.39293400840992, 20.739072597659217], [-105.39303750783388, 20.739038177075976], [-105.39314458907475, 20.739052132046883], [-105.39333080485562, 20.739072078328423], [-105.39340316796648, 20.73911867471012], [-105.39376235982965, 20.739112101493394], [-105.3941655522676, 20.739108543129703], [-105.39437700064568, 20.73884434697502], [-105.3945049352115, 20.738750646385085], [-105.39461991651216, 20.738322565449597], [-105.39483799194996, 20.738197387716248], [-105.39492212348723, 20.73824811922337], [-105.39528238298911, 20.73824553511996], [-105.39588461424574, 20.737975480695862], [-105.39591038218833, 20.737692700508216], [-105.39608912332804, 20.737658928059787], [-105.39618359980506, 20.73738126105818], [-105.39627251144823, 20.737148501912806], [-105.39657186140994, 20.73738036633479], [-105.39689837287047, 20.73732166508181], [-105.39708501878533, 20.737314209901854]]]}}, {"type": "Feature", "properties": {"id": "playa-libre-24", "kind": "playa_libre", "area_m2": 1670.4, "ancho_efectivo_m": 15.7}, "geometry": {"type": "Polygon", "coordinates": [[[-105.4061402298911, 20.73739171327142], [-105.40632694450899, 20.737502668693587], [-105.40631961714517, 20.737503524520786], [-105.40623507047106, 20.73817627978202], [-105.40602181985908, 20.73821112640185], [-105.40604429713203, 20.738155062510682], [-105.4061402298911, 20.73739171327142]]]}}, {"type": "Feature", "properties": {"id": "playa-libre-25", "kind": "playa_libre", "area_m2": 9256.5, "ancho_efectivo_m": 19.1}, "geometry": {"type": "Polygon", "coordinates": [[[-105.42735564102308, 20.74501493231636], [-105.42781756888469, 20.74491033723981], [-105.42798323151743, 20.744672876292068], [-105.42841342590661, 20.744982741590704], [-105.42841342590684, 20.744982741666295], [-105.42865677483199, 20.745158022784352], [-105.42913984400363, 20.74545667387659], [-105.42972915130522, 20.745819025612654], [-105.43006236819642, 20.74611795088644], [-105.42998288999001, 20.74644309689638], [-105.4301026878021, 20.746533871050342], [-105.43013437765593, 20.746664297451055], [-105.4301825108263, 20.746770026924843], [-105.43019241167856, 20.74697770000928], [-105.43000348952943, 20.747029457545125], [-105.43000049114815, 20.746985795390906], [-105.42999215685785, 20.74681095509847], [-105.42995095601071, 20.746720452405754], [-105.42993025813071, 20.746635267464022], [-105.42976871129945, 20.74651285866049], [-105.42985063234211, 20.746177723065617], [-105.42960930514418, 20.745961231151636], [-105.42903453199717, 20.745607815227046], [-105.42854547649695, 20.7453054641804], [-105.4280306969307, 20.744934672272233], [-105.42797788499037, 20.745009911402796], [-105.42786252795239, 20.745086032628386], [-105.42740059959304, 20.745190627832372], [-105.42729920843777, 20.74518767303683], [-105.42707347229444, 20.745122418496063], [-105.42712990511224, 20.74494967694075], [-105.42735564102308, 20.74501493231636]]]}}, {"type": "Feature", "properties": {"id": "playa-libre-26", "kind": "playa_libre", "area_m2": 3781.3, "ancho_efectivo_m": 18.0}, "geometry": {"type": "Polygon", "coordinates": [[[-105.38518191945911, 20.745080509464756], [-105.38523235610637, 20.745195690110506], [-105.38537234516917, 20.745855946732963], [-105.38518388870456, 20.74589103199138], [-105.38504987254736, 20.745254056934893], [-105.38500094849832, 20.745147829097146], [-105.38436890245369, 20.74538408438805], [-105.38422896166675, 20.7454363925445], [-105.38422847107547, 20.74524211657917], [-105.38430508603857, 20.745213479095028], [-105.38510862009917, 20.744913121665814], [-105.38518191945911, 20.745080509464756]]]}}, {"type": "Feature", "properties": {"id": "playa-libre-27", "kind": "playa_libre", "area_m2": 251.8, "ancho_efectivo_m": 2.6}, "geometry": {"type": "Polygon", "coordinates": [[[-105.37771304560435, 20.75090413895687], [-105.37757758181286, 20.750918273897973], [-105.37739168232112, 20.750846641751714], [-105.37729094086248, 20.75085675793641], [-105.37722767023874, 20.750692332680813], [-105.3773069486784, 20.75082788968191], [-105.37739586620269, 20.750818960540464], [-105.3775817070101, 20.75089057022232], [-105.37770181481588, 20.750878036721346], [-105.37781826866971, 20.75079325397359], [-105.3778407584213, 20.75070983517057], [-105.37783211789723, 20.75067040130594], [-105.37786152731718, 20.750670336668513], [-105.37787031941802, 20.750710461434323], [-105.37784376062194, 20.75080897168056], [-105.37771304560435, 20.75090413895687]]]}}, {"type": "Feature", "properties": {"id": "playa-libre-28", "kind": "playa_libre", "area_m2": 8331.7, "ancho_efectivo_m": 19.1}, "geometry": {"type": "Polygon", "coordinates": [[[-105.37363741439985, 20.751926518388625], [-105.37355554354889, 20.752178969465103], [-105.3735224370101, 20.752382665085094], [-105.373541563022, 20.75247628646066], [-105.37335284656116, 20.752510156772374], [-105.37332759596842, 20.752385672561886], [-105.3733671027528, 20.752140672337475], [-105.37346105900669, 20.751850955989855], [-105.37377648457144, 20.751376416827192], [-105.37385404478024, 20.751353133782814], [-105.3738878298319, 20.751364775178423], [-105.3738878026887, 20.75136572606643], [-105.37422095020302, 20.751489995379313], [-105.3746634211619, 20.751539944550185], [-105.37568468969484, 20.751543048667415], [-105.37604345993138, 20.751453391190307], [-105.37625371663634, 20.751373995609335], [-105.3765589021116, 20.751268480909808], [-105.37655937834751, 20.75146085218393], [-105.37632265838967, 20.75154269512502], [-105.37610413746762, 20.751625210849753], [-105.37570947019702, 20.751723839008996], [-105.37465162429612, 20.751720624119173], [-105.37417330376827, 20.751666628131527], [-105.37388231180627, 20.751558083897734], [-105.37363741439985, 20.751926518388625]]]}}, {"type": "Feature", "properties": {"id": "playa-libre-29", "kind": "playa_libre", "area_m2": 33445.5, "ancho_efectivo_m": 19.4}, "geometry": {"type": "Polygon", "coordinates": [[[-105.37315967129013, 20.751868388985447], [-105.37332643133554, 20.751533494849923], [-105.3732933556177, 20.751380325498886], [-105.37304081102211, 20.751315316496175], [-105.37276340278356, 20.751403691672774], [-105.3721775426798, 20.751362614895175], [-105.37176510937185, 20.751452740012056], [-105.371340234229, 20.751645715346516], [-105.37085710628284, 20.752182724767806], [-105.3708019210815, 20.752367383096235], [-105.37099363614115, 20.753015267657123], [-105.3709865812421, 20.753131767465913], [-105.37079988724554, 20.753564332005688], [-105.37107194816382, 20.753706724174506], [-105.3710650026436, 20.75394166636259], [-105.3710574095645, 20.753987188675445], [-105.37086567007759, 20.754606280408215], [-105.37083024354177, 20.75466978610257], [-105.37041535056484, 20.75514945062665], [-105.3703983972206, 20.75527082573324], [-105.37035610044751, 20.75571399732785], [-105.37027989207874, 20.755924337005073], [-105.36997543222397, 20.756451043058007], [-105.36983198733456, 20.75660334777354], [-105.36936094012016, 20.756928159097924], [-105.3684480135055, 20.757404617261837], [-105.36787840397035, 20.75758571508357], [-105.36763736031727, 20.75765327984025], [-105.36730268608314, 20.75774407112709], [-105.36739576314109, 20.757921635486415], [-105.36739576275211, 20.75792163548725], [-105.36749891695574, 20.758118424419266], [-105.36768023179576, 20.758476047125722], [-105.3676986435742, 20.758516587348154], [-105.36770166689469, 20.75852261586609], [-105.36754175179111, 20.758601983811964], [-105.36750739786952, 20.758554978239022], [-105.36732346681094, 20.758198659380312], [-105.36713992462059, 20.75784309305105], [-105.36703616958262, 20.757656039401336], [-105.36721128642243, 20.757580785960215], [-105.36758330376388, 20.75747986360683], [-105.36782018946234, 20.757413464404106], [-105.36837001012833, 20.75723865742412], [-105.36925712381465, 20.756775671435722], [-105.369718395455, 20.756457602222618], [-105.36982846731438, 20.75633464438265], [-105.37011050814614, 20.75583905090922], [-105.3701666984986, 20.755677374958946], [-105.37021424057778, 20.75517925104024], [-105.3702337919192, 20.755073007066297], [-105.37068121435934, 20.754555735545843], [-105.37087295454043, 20.753936644004828], [-105.3708766728091, 20.753810868063255], [-105.36997935547204, 20.75333716802249], [-105.36974911389352, 20.753415791179425], [-105.36959914067891, 20.753569803968627], [-105.36953742019928, 20.7535970584221], [-105.36944463298765, 20.753553345846317], [-105.36941273045308, 20.753469277862525], [-105.36943394311919, 20.75339192947857], [-105.36959172568717, 20.75318437757566], [-105.37009687148581, 20.753006923418127], [-105.37018819528849, 20.753013830697054], [-105.37024736553767, 20.75306730072336], [-105.3702533531976, 20.753242969339563], [-105.37063966450329, 20.75345513785701], [-105.3708085698671, 20.753063790553735], [-105.3706022682347, 20.75236761123272], [-105.37070831792983, 20.752013162411746], [-105.37023575884396, 20.751683467168444], [-105.36989394818444, 20.751713262004987], [-105.36972529194362, 20.751805967661948], [-105.36968575827652, 20.751922934868706], [-105.36962829098108, 20.751962011640217], [-105.36955070286287, 20.751943373206952], [-105.36951950673463, 20.751858147126743], [-105.36987407524985, 20.751644134146883], [-105.37028036835628, 20.751608537757892], [-105.37079156796507, 20.75197582327332], [-105.37121994474208, 20.7514996706975], [-105.37170081808229, 20.751281261793164], [-105.37216260608676, 20.751180351526926], [-105.37273875215725, 20.751220746444872], [-105.37303436648905, 20.7511265724082], [-105.37346822565125, 20.751236158639507], [-105.37348339489947, 20.751352526234427], [-105.37352682956602, 20.751553665607542], [-105.37333998330129, 20.751932217388937], [-105.37323497261376, 20.752269109911648], [-105.37328748903438, 20.752453117674097], [-105.37310193885779, 20.752499974265934], [-105.37303543513993, 20.752266957890562], [-105.37315967129013, 20.751868388985447]]]}}, {"type": "Feature", "properties": {"id": "playa-libre-30", "kind": "playa_libre", "area_m2": 17686.3, "ancho_efectivo_m": 18.6}, "geometry": {"type": "Polygon", "coordinates": [[[-105.36686179298886, 20.757957751743348], [-105.36680677294075, 20.757870842115153], [-105.36631005926522, 20.758221535902276], [-105.3663516706909, 20.75840780804371], [-105.36624821654165, 20.758625408247276], [-105.36606765823612, 20.75892625287402], [-105.36600405905521, 20.75909049587655], [-105.36599387405481, 20.759196969708732], [-105.36613705879486, 20.7592523638791], [-105.36594958835234, 20.759730311411452], [-105.36585099879353, 20.760100947854486], [-105.36585639637524, 20.760160288676495], [-105.36553850186192, 20.761045315124203], [-105.36526092339795, 20.76136676255165], [-105.36488947981599, 20.761636504743862], [-105.36438915645583, 20.762052072958205], [-105.3643544066511, 20.762133625723102], [-105.36397217294228, 20.76237197419724], [-105.36358734794338, 20.762532352299612], [-105.36313770691748, 20.76265830926121], [-105.36313725832827, 20.762470519053622], [-105.36350944213518, 20.762367159960483], [-105.36388553908671, 20.762209174211254], [-105.3641983373713, 20.76201412429055], [-105.36424819045709, 20.761897125678512], [-105.36391870949195, 20.761373418801444], [-105.36399581426353, 20.761338096439907], [-105.36404208555315, 20.761401468333883], [-105.36404417390841, 20.76146760930925], [-105.36422607137705, 20.761803816872284], [-105.36432440620287, 20.761864762458725], [-105.36476704956166, 20.76149710340751], [-105.36512584970173, 20.761236543376036], [-105.36536755131712, 20.760956642075403], [-105.36565195859768, 20.760164849510947], [-105.36560781412692, 20.760058818392988], [-105.36567949782295, 20.760001131556475], [-105.36576573022252, 20.75967694906381], [-105.36589270459883, 20.75935323457986], [-105.36578982783682, 20.75931343327594], [-105.36581495006276, 20.759050811343734], [-105.3658925550985, 20.75885039824376], [-105.36608090590572, 20.758536569971106], [-105.36617600286093, 20.7583346222533], [-105.36601975979467, 20.758200533615238], [-105.36661062095084, 20.757783369752882], [-105.36656438230372, 20.757629903744515], [-105.3668682721174, 20.757614771007784], [-105.3670281047017, 20.757867242320952], [-105.36719883506565, 20.758153007760917], [-105.36747025828257, 20.758587945121107], [-105.36751012247495, 20.75863336398478], [-105.3673439307954, 20.758739583194238], [-105.36730456513965, 20.758679425896737], [-105.36703314222457, 20.75824448827483], [-105.36686179298886, 20.757957751743348]]]}}, {"type": "Feature", "properties": {"id": "playa-libre-31", "kind": "playa_libre", "area_m2": 18343.3, "ancho_efectivo_m": 19.6}, "geometry": {"type": "Polygon", "coordinates": [[[-105.35405747738766, 20.761825163685366], [-105.3532981314306, 20.761683486987877], [-105.35253245384833, 20.76150978719089], [-105.35175556427822, 20.761211590351195], [-105.35160616625768, 20.761157840188126], [-105.35160616625836, 20.761157840487588], [-105.35121919677343, 20.761018616185915], [-105.35084510585978, 20.76087739762162], [-105.35062512484903, 20.761618822459937], [-105.35044003674723, 20.761570335454035], [-105.3506604670533, 20.760825919984033], [-105.35073379346798, 20.760640650836148], [-105.35128930428932, 20.76085035510163], [-105.3518261904728, 20.76104351594018], [-105.35259161029512, 20.761337310288337], [-105.35333936504945, 20.761506944448346], [-105.35409320795056, 20.761647594106417], [-105.35503877897223, 20.761807855034107], [-105.35542470858664, 20.761835287692243], [-105.35599453574426, 20.761919614538957], [-105.35655065796543, 20.76206920165105], [-105.35683752634728, 20.76221538410154], [-105.35737539432573, 20.762411754768817], [-105.35791913361113, 20.76259557437549], [-105.35833439192872, 20.762677954537946], [-105.35833482741836, 20.76286270251324], [-105.3578665666239, 20.76276983741243], [-105.35730812737384, 20.76258104692019], [-105.35675668064994, 20.762379719211395], [-105.35647761815724, 20.76223751515148], [-105.35595303480018, 20.762096411225674], [-105.355402501978, 20.762014939407617], [-105.35501443887351, 20.76198735569826], [-105.35405747738766, 20.761825163685366]]]}}, {"type": "Feature", "properties": {"id": "playa-libre-32", "kind": "playa_libre", "area_m2": 5849.0, "ancho_efectivo_m": 18.7}, "geometry": {"type": "Polygon", "coordinates": [[[-105.41456342789107, 20.897022119466293], [-105.4146244451636, 20.896846804099923], [-105.41466794494201, 20.896870143199845], [-105.41499697082727, 20.89704807569985], [-105.41532445810992, 20.89724453784178], [-105.41581512410654, 20.897535501334268], [-105.41599953885878, 20.897659477046307], [-105.41627618339953, 20.897996131473786], [-105.41645210807992, 20.898393059612523], [-105.41647325322775, 20.898613004510988], [-105.41646577801653, 20.89876588390122], [-105.41627324615615, 20.898766352913327], [-105.41628054957593, 20.898617005954158], [-105.41626323772479, 20.89843693834434], [-105.41610843691699, 20.89808766824086], [-105.41586463105753, 20.89779097662192], [-105.41570777552327, 20.89768552806068], [-105.41522140559442, 20.8973971118057], [-105.41489722060832, 20.89720263018821], [-105.41456342789107, 20.897022119466293]]]}}, {"type": "Feature", "properties": {"id": "playa-libre-33", "kind": "playa_libre", "area_m2": 3948.3, "ancho_efectivo_m": 17.9}, "geometry": {"type": "Polygon", "coordinates": [[[-105.41479020443568, 20.897656520274978], [-105.41456037584439, 20.897517440187663], [-105.41442172987509, 20.89741725556758], [-105.41442109630424, 20.897186491103], [-105.41443958428985, 20.897202197101453], [-105.4146730146866, 20.897370872800145], [-105.41491174383353, 20.89751444892497], [-105.41496654516042, 20.897568407387684], [-105.41516698363426, 20.897853041970496], [-105.4152536647644, 20.898206943860025], [-105.41534688427318, 20.898368156037115], [-105.41539565499191, 20.898521203212233], [-105.41537593056172, 20.898701279612414], [-105.41537115226281, 20.898768547546496], [-105.41517838576013, 20.898769015895542], [-105.41518428236957, 20.898686005272612], [-105.41520043521562, 20.898538534318085], [-105.41516838577775, 20.898437959443218], [-105.4150720922109, 20.898271430870242], [-105.41498799138168, 20.897927722886], [-105.41481421906158, 20.897680165032444], [-105.41479020443568, 20.897656520274978]]]}}, {"type": "Feature", "properties": {"id": "playa-libre-34", "kind": "playa_libre", "area_m2": 36334.1, "ancho_efectivo_m": 19.8}, "geometry": {"type": "Polygon", "coordinates": [[[-105.41291057610805, 20.908836572101823], [-105.41246334125776, 20.90964383836268], [-105.41199383149181, 20.910443228451747], [-105.41195217128241, 20.910523068703778], [-105.41195217159944, 20.910523068703014], [-105.41156855032617, 20.91125825969567], [-105.41150346438384, 20.91142770687781], [-105.41150346437676, 20.911427706877827], [-105.41133880246917, 20.911856392035627], [-105.41126205084264, 20.912363053787335], [-105.41124898757666, 20.91265024367569], [-105.41120495500483, 20.912824131625506], [-105.41123596794829, 20.913102632511613], [-105.41104931514539, 20.913417410112224], [-105.41091701019994, 20.913500437282057], [-105.41080982697979, 20.91374104384016], [-105.41067939255305, 20.913772368437133], [-105.41055417232928, 20.914135856712374], [-105.41041098109449, 20.91444018523673], [-105.41026051379481, 20.914636429612095], [-105.41016756795837, 20.91491921662932], [-105.40984935842972, 20.915102223264935], [-105.40944499840778, 20.915129916596488], [-105.40937689672158, 20.915570033243224], [-105.40959561491154, 20.91599564601108], [-105.40951791856055, 20.916228454719832], [-105.40951438940327, 20.91647422781341], [-105.40940979470625, 20.91658881819506], [-105.4089848437574, 20.916687090555026], [-105.40880253996592, 20.91703054681414], [-105.40831813143082, 20.916867423613475], [-105.40781765614113, 20.917486316718698], [-105.40766799624103, 20.91776053653275], [-105.40745088095323, 20.917762317794136], [-105.40765425554311, 20.917389678387288], [-105.40825029223846, 20.916652612524288], [-105.4087066520167, 20.91680629040948], [-105.4088524554798, 20.916531602751633], [-105.40930394907848, 20.91642719160798], [-105.40932301851382, 20.916406299960126], [-105.40932598665555, 20.916199596182043], [-105.40938932356063, 20.91600981770697], [-105.40917809819015, 20.915598784577796], [-105.40927690550006, 20.914960238468538], [-105.40978879240852, 20.914925181141797], [-105.41000523146047, 20.91480070464867], [-105.41008604880298, 20.914554819165993], [-105.41024319703914, 20.914349860356378], [-105.41037425371977, 20.91407132422674], [-105.41052906059564, 20.913621951492345], [-105.41066939993061, 20.913588248530825], [-105.41076198467483, 20.913380413918496], [-105.41090389999336, 20.91329135600339], [-105.41103835942965, 20.913064600330422], [-105.41101026269565, 20.91281228558947], [-105.41105762530992, 20.912625243827634], [-105.41107030883018, 20.912346422700306], [-105.41115118718818, 20.911812526024647], [-105.41139122784715, 20.91118759675126], [-105.41173770879627, 20.91052358569873], [-105.41173770931948, 20.91052358569747], [-105.4118232012134, 20.910359744592256], [-105.41229383245667, 20.90955844574386], [-105.41273719552531, 20.908758169239864], [-105.4131192131228, 20.907948046573974], [-105.41336704089018, 20.907262333215442], [-105.41364640210631, 20.9065870072353], [-105.41390636044692, 20.905909005363785], [-105.41390641773215, 20.9059088561381], [-105.4141677756538, 20.905229064126083], [-105.41429976001326, 20.904884429254373], [-105.41445023175805, 20.904549911746493], [-105.41459438778044, 20.904191778692805], [-105.41480019708585, 20.9041912792446], [-105.41462880550169, 20.904617079990825], [-105.41447893906607, 20.904950250783806], [-105.41434868884957, 20.9052903592777], [-105.4140872915515, 20.905970257363094], [-105.4138265204736, 20.906650378497492], [-105.41354780188864, 20.90732415269813], [-105.41329853950123, 20.908013838196105], [-105.41291057610805, 20.908836572101823]]]}}, {"type": "Feature", "properties": {"id": "playa-libre-35", "kind": "playa_libre", "area_m2": 151699.5, "ancho_efectivo_m": 20.0}, "geometry": {"type": "Polygon", "coordinates": [[[-105.40361466010918, 20.924639339587028], [-105.40347311827564, 20.92478872380164], [-105.4034655101926, 20.92510520685065], [-105.40324537308138, 20.925990159085092], [-105.40304715290401, 20.92649935168003], [-105.40295387836397, 20.92704310315865], [-105.40280357690676, 20.92737658711067], [-105.40250095223061, 20.92776550092431], [-105.4024550886822, 20.928214492841676], [-105.4022779005615, 20.9285445673312], [-105.40209322376872, 20.92905957194722], [-105.40190585994705, 20.929521687624224], [-105.40190585962748, 20.929521687625517], [-105.4018912999376, 20.929557597578437], [-105.40175244820628, 20.929944934449093], [-105.4013799212177, 20.930435464696025], [-105.40159300132017, 20.930952614160915], [-105.40144884735336, 20.93105980228119], [-105.40125383401498, 20.93100357260669], [-105.40112787514673, 20.930877481083858], [-105.40098104914838, 20.931086922344914], [-105.40095926094033, 20.931316050157033], [-105.4008709466618, 20.93134367144534], [-105.40069693905596, 20.931288365842082], [-105.40044997679301, 20.93112627101322], [-105.40030510717764, 20.931328271754676], [-105.40023947835661, 20.93157097610565], [-105.39999176835573, 20.93162063514647], [-105.39979728154329, 20.931754219735502], [-105.39951806588567, 20.93188569474871], [-105.39937976073976, 20.93183285678947], [-105.39932315158886, 20.931806380414685], [-105.39912190875013, 20.93193020267151], [-105.39881878772522, 20.931967110288102], [-105.39867485489695, 20.93191910446997], [-105.39852263908068, 20.932006884336708], [-105.39831798802416, 20.932021638177034], [-105.39808093427268, 20.93187749303605], [-105.3978355438137, 20.931865275284366], [-105.39769145157592, 20.931989556303275], [-105.39738761902764, 20.932152158491313], [-105.39721569856002, 20.93230984600596], [-105.3970206095854, 20.93228773536705], [-105.39692803302384, 20.932339654833207], [-105.39689541594153, 20.932436984900328], [-105.39678921441802, 20.932480602476588], [-105.39670701990504, 20.93234411173187], [-105.39659652717624, 20.93235159692945], [-105.39640919185582, 20.932574041158013], [-105.39595841097031, 20.933056472122136], [-105.39597476747184, 20.933258095176253], [-105.39574105650878, 20.93342864752313], [-105.39503357834876, 20.93349822286778], [-105.39463694001184, 20.933548828696217], [-105.39461094975601, 20.933773625705808], [-105.39437876933397, 20.93387542201199], [-105.39356606024407, 20.933797987331427], [-105.39306898336608, 20.933887680318154], [-105.39276785697716, 20.93432622766516], [-105.39234958052054, 20.93470575157452], [-105.39202617906831, 20.935389422992326], [-105.3916970028193, 20.93566573527672], [-105.39142752417553, 20.9360548590303], [-105.39113895683587, 20.936625123989625], [-105.39076876674059, 20.93686571515531], [-105.39043069122525, 20.937015426511394], [-105.39007805257856, 20.93697417776229], [-105.38991821700237, 20.936643967151657], [-105.38962165474167, 20.93629969568732], [-105.38880700144779, 20.9361149303093], [-105.38842311310123, 20.936431224071814], [-105.38803802820318, 20.936596149668976], [-105.3876646483817, 20.936938647181034], [-105.38760084317596, 20.937019028538444], [-105.38760084317659, 20.937019028779208], [-105.3872693571882, 20.9374366305431], [-105.3869271455083, 20.937873333666364], [-105.38648472404991, 20.938464729586663], [-105.38634774587005, 20.938593170304248], [-105.3863477459086, 20.938593170304163], [-105.38634646212412, 20.93859437403637], [-105.38616233219008, 20.93894569397108], [-105.38572837736417, 20.939546594969233], [-105.38565065067006, 20.939752324188767], [-105.38541138425951, 20.940242566734106], [-105.38518711002578, 20.940932562131852], [-105.38486936588585, 20.9416110995324], [-105.38474840149296, 20.94201247427646], [-105.38443469371751, 20.942596433790754], [-105.38418311899751, 20.942958775978255], [-105.3837456096919, 20.943279803545316], [-105.38310012041185, 20.943875709676213], [-105.38271884356695, 20.943947202607664], [-105.38228195676339, 20.944341142914865], [-105.3811251742093, 20.944417328153943], [-105.38076452045853, 20.944750907566227], [-105.38033720265547, 20.944765800732537], [-105.3799735501598, 20.94450936051695], [-105.37949471269583, 20.944249479289407], [-105.37823077312014, 20.944551934858822], [-105.37702041247239, 20.944907662893783], [-105.37668073743717, 20.945080543296193], [-105.3762782492687, 20.94536312858551], [-105.37563009257913, 20.945870769604145], [-105.37543477961663, 20.94617710835007], [-105.37520025839368, 20.946355300433623], [-105.37485935659514, 20.946770454941838], [-105.3744949913979, 20.947217221491165], [-105.37430185326318, 20.94745403547665], [-105.3739917678749, 20.947862950261698], [-105.37370263711716, 20.94805816645331], [-105.37344962550966, 20.948398978903736], [-105.3732670249129, 20.948588748509444], [-105.37318136501204, 20.948755131480027], [-105.37305400755714, 20.948897452644964], [-105.37286033741651, 20.94926920050085], [-105.37263982589862, 20.949402869193197], [-105.3725876044622, 20.9495799781156], [-105.37246030936569, 20.94974101044231], [-105.3724506816673, 20.94991732334657], [-105.37209661051799, 20.94997826745979], [-105.37170613884668, 20.950232999898535], [-105.37130683327052, 20.950554503584048], [-105.37104794624125, 20.950979835768933], [-105.37091178151528, 20.951127086234987], [-105.37067784679031, 20.951341337225603], [-105.37063035614821, 20.951697503766756], [-105.37045658197916, 20.95187989084259], [-105.37037158645367, 20.95231592362966], [-105.37030794652256, 20.95264070577647], [-105.36987599167205, 20.952713887739122], [-105.36962406158852, 20.952800678273903], [-105.36933153068878, 20.952987216755787], [-105.36902954450416, 20.953216427549584], [-105.36875675827844, 20.95347154829941], [-105.36846163453642, 20.95366276139047], [-105.36840615242949, 20.95372698170995], [-105.36840615243068, 20.953726982198543], [-105.36819693638839, 20.95396914779884], [-105.3680066681687, 20.954308177711543], [-105.3676231511276, 20.954238070252256], [-105.36739488756722, 20.95446876553769], [-105.36732654887432, 20.95476345926343], [-105.36720071121152, 20.95479658623994], [-105.36686930016943, 20.95439907079271], [-105.36660436736068, 20.954250485991135], [-105.36627087548854, 20.95417738469779], [-105.36604300334797, 20.95418622728192], [-105.36572261962736, 20.9541064357633], [-105.36557424703051, 20.954235002778315], [-105.36533594435566, 20.95430738224156], [-105.3646567176544, 20.95461559127943], [-105.36430912014434, 20.954723457010363], [-105.36387216439665, 20.95478408415055], [-105.363499089037, 20.95508024584078], [-105.36308969069574, 20.95486678810328], [-105.36281418470108, 20.954549436519002], [-105.36249304167112, 20.954158047392735], [-105.3621504131586, 20.953877960834973], [-105.36151207908578, 20.953866938129718], [-105.36113723518854, 20.95395504559313], [-105.360495160088, 20.954234376700327], [-105.36019700097371, 20.954468604872503], [-105.35970303435579, 20.954750404926138], [-105.35925412236752, 20.95509521393972], [-105.35879145939217, 20.955476517341843], [-105.3587914593915, 20.955476517060376], [-105.35876510994929, 20.955498232825096], [-105.3583494477787, 20.955883176883585], [-105.35811267519789, 20.956162568629505], [-105.35769495333733, 20.956629405639593], [-105.35728199750197, 20.95724023863449], [-105.35715807409768, 20.957381816220398], [-105.35693376248993, 20.957328737504145], [-105.35677496732048, 20.957205735267426], [-105.35647172741453, 20.95698324611366], [-105.35635376793678, 20.95689967424031], [-105.35645466876446, 20.956744813375586], [-105.35658683341296, 20.956838448203722], [-105.35689736952426, 20.957066318830368], [-105.35702274807228, 20.95716343807181], [-105.35712591319863, 20.957134019121476], [-105.35753943013208, 20.956522356755304], [-105.35796375828166, 20.9560481368465], [-105.3582061432787, 20.95576212309632], [-105.35863403019884, 20.955365858317222], [-105.35879088734261, 20.95523658502268], [-105.35879088734156, 20.955236584585542], [-105.35912975875435, 20.9549573040275], [-105.35959167270941, 20.954602508022862], [-105.36008472650983, 20.954321228858884], [-105.36039124687767, 20.954080433333008], [-105.361072892655, 20.953783886519087], [-105.36149011892422, 20.953685817121688], [-105.36222391475793, 20.953698488594473], [-105.36263374589689, 20.954033511119196], [-105.36296494243362, 20.954437152495895], [-105.36321539949269, 20.954725649718046], [-105.36347634237933, 20.954861704242628], [-105.36378984426274, 20.954612834403484], [-105.36426456227609, 20.95454696752571], [-105.36458439702868, 20.954447717009355], [-105.36526417464918, 20.95413925860338], [-105.3654748624088, 20.95407526649411], [-105.36566982110891, 20.953906331815656], [-105.36606415775218, 20.954004540938], [-105.3662890951731, 20.95399581215474], [-105.36667726168903, 20.954080898109844], [-105.3669986738212, 20.954261160121188], [-105.36719228783303, 20.95449339274537], [-105.3672181264833, 20.954381970248875], [-105.36755499638448, 20.954041511240383], [-105.3679031361382, 20.954105151626212], [-105.36803560539815, 20.95386911095752], [-105.36832966671163, 20.95352873738295], [-105.36863328858713, 20.953332018857243], [-105.36890088193674, 20.953081754399047], [-105.3692168556436, 20.95284192658895], [-105.36953559985997, 20.95263867355737], [-105.36982542259149, 20.952538828648056], [-105.37014283907304, 20.952485052604295], [-105.37018238946384, 20.952283210898525], [-105.3701823581243, 20.952283374510145], [-105.37027711045708, 20.951797289839078], [-105.37044694164382, 20.95161904165993], [-105.37049533462647, 20.95125610737509], [-105.37077177859454, 20.95100292398299], [-105.37089032368034, 20.950874728175275], [-105.37115635945962, 20.950437651607263], [-105.3715883735929, 20.950089812458252], [-105.37202103547274, 20.94980755632326], [-105.3722663574937, 20.94976533106144], [-105.37227117189627, 20.9496771606058], [-105.37241178376291, 20.94949928236268], [-105.37247398363121, 20.949288329797145], [-105.37271107189939, 20.949144613700884], [-105.37289158317436, 20.948798122956408], [-105.37301864814931, 20.948656129637], [-105.37310583976443, 20.948486770695464], [-105.37329877871115, 20.948286257944982], [-105.37356366041332, 20.947929456595997], [-105.37385359386685, 20.94773369764879], [-105.37414711491111, 20.9473466276636], [-105.37434666640843, 20.94710194877818], [-105.37470684612101, 20.946660315796684], [-105.37506173119544, 20.94622813224551], [-105.37528727910014, 20.946056758444787], [-105.37548183628687, 20.945751606990452], [-105.37615899219327, 20.945221253154834], [-105.37657679162214, 20.94492791907896], [-105.37694517505098, 20.94474042730392], [-105.37817827455183, 20.944378015503485], [-105.37896288530956, 20.944190263157157], [-105.37896288530959, 20.944190263165567], [-105.37952312547363, 20.94405619878887], [-105.38007978924854, 20.944358318606966], [-105.3803981790997, 20.94458284021651], [-105.38068276813085, 20.944572921443005], [-105.3810408432615, 20.94424172792457], [-105.3821990093143, 20.944165451625317], [-105.3826261374355, 20.94378031055087], [-105.3830062083604, 20.94370904461898], [-105.38361857905217, 20.943143711918765], [-105.384039484723, 20.942834867640787], [-105.38426812481882, 20.942505558900077], [-105.38455016671199, 20.941989497362695], [-105.3846879163441, 20.94154980757742], [-105.38500645609602, 20.940869570924328], [-105.3852311681464, 20.940178234787517], [-105.38547223187315, 20.93968430914519], [-105.38554241464516, 20.93949854756134], [-105.38554241460916, 20.93949854756142], [-105.38555534869647, 20.939464313326116], [-105.38599565618608, 20.938854615823598], [-105.38618798688263, 20.938487650502857], [-105.38633697966075, 20.938347944283763], [-105.38677098484739, 20.937767799010526], [-105.387114803425, 20.937329045992932], [-105.38751947064894, 20.93681925209121], [-105.38792767775918, 20.93644480731196], [-105.38831756499971, 20.93627782538724], [-105.3887551721661, 20.9359172726028], [-105.38973016688523, 20.936138404447505], [-105.3900831673185, 20.93654819188859], [-105.39020860675456, 20.936807343134756], [-105.39039911926427, 20.93682962826649], [-105.39067238938979, 20.936708614079702], [-105.39098728494152, 20.936503959527887], [-105.39125930376213, 20.935966399907706], [-105.39154973982184, 20.935547012523173], [-105.3918671917957, 20.935280542764776], [-105.39218901360867, 20.934600209383948], [-105.39261825716785, 20.934210735977096], [-105.39295193196682, 20.93372478750379], [-105.39355744330217, 20.9336155286635], [-105.39432456723213, 20.93368862010453], [-105.39432456723083, 20.933688619607203], [-105.39434545023616, 20.93369060978441], [-105.3944314238921, 20.933652916281034], [-105.39446196245302, 20.93338878422314], [-105.39501061820786, 20.93331878283304], [-105.39566642331937, 20.933254288804264], [-105.3957751161655, 20.93317497026769], [-105.39576046751219, 20.932994392464977], [-105.39626139751728, 20.932458292754703], [-105.39649822937058, 20.93217707578135], [-105.39683127574226, 20.932183459832554], [-105.39697591827102, 20.932102339303885], [-105.39715569269993, 20.93213815371785], [-105.3972654247925, 20.932012598683652], [-105.3975773712438, 20.931842636424207], [-105.39776500530328, 20.931680798948907], [-105.39814236200785, 20.931699587833656], [-105.39836800051721, 20.93183679131389], [-105.39846160553174, 20.931830042845014], [-105.3986525761006, 20.931719913436382], [-105.39883973782216, 20.931782337516232], [-105.39905343462667, 20.93175631806237], [-105.39931008428387, 20.931598404341084], [-105.3994589619028, 20.931668034598975], [-105.39950979243388, 20.931687453227422], [-105.39969673135337, 20.9315994294536], [-105.39991142970962, 20.931451961482452], [-105.40008247471567, 20.9314176719315], [-105.40012691218425, 20.931253338412134], [-105.4003230895832, 20.93099045790598], [-105.40041477628144, 20.930948611543233], [-105.40052669845458, 20.930956184614995], [-105.40078428994063, 20.931125256939687], [-105.40079377379782, 20.93102552189284], [-105.4009728985193, 20.930770011235342], [-105.40107188746177, 20.930676533563997], [-105.40128369103263, 20.93072906458751], [-105.40117161145294, 20.930407649567144], [-105.40157928049254, 20.92986182172033], [-105.40171021586119, 20.929496570246382], [-105.40191214308012, 20.928998536678694], [-105.40209999645047, 20.92847467895493], [-105.40226707745543, 20.92816343145351], [-105.40231453108501, 20.927698879309002], [-105.40263514956077, 20.927286840243568], [-105.4027676889847, 20.92699276807025], [-105.40286019146085, 20.92645352272917], [-105.40306073225862, 20.92593836952527], [-105.40327367064006, 20.925082359146945], [-105.40328242486252, 20.92471820358307], [-105.40344911723889, 20.924542276871833], [-105.4035968785762, 20.924203052591345], [-105.40390153463879, 20.92417071679827], [-105.40390338903076, 20.92391994126741], [-105.4042412294961, 20.923633690371336], [-105.40435538015039, 20.92322889532317], [-105.40463395174558, 20.922740348569263], [-105.4046748124443, 20.922625229947883], [-105.40465234723986, 20.922396566915076], [-105.40470170764715, 20.92228663624059], [-105.40491068081226, 20.922286140861733], [-105.40484830127306, 20.922425067760607], [-105.40487004699635, 20.922646404628253], [-105.40481122628618, 20.922812119836493], [-105.40453554105082, 20.923295605538673], [-105.4044125056732, 20.923731907958683], [-105.4040951336731, 20.924000817591438], [-105.40409268330241, 20.924332287502605], [-105.40373171935035, 20.924370600986393], [-105.40361466010918, 20.924639339587028]]]}}, {"type": "Feature", "properties": {"id": "playa-libre-36", "kind": "playa_libre", "area_m2": 8926.5, "ancho_efectivo_m": 19.1}, "geometry": {"type": "Polygon", "coordinates": [[[-105.35648474422379, 20.958280977773295], [-105.35667353792857, 20.95796623760905], [-105.35684241620223, 20.957603558265955], [-105.35665741097085, 20.957453090252834], [-105.35650289861638, 20.957345643466684], [-105.3563483843005, 20.95722062237047], [-105.35621662866448, 20.9571039937118], [-105.35631955918848, 20.956946202972237], [-105.35647719576404, 20.95708633768707], [-105.35662307381673, 20.957204371457436], [-105.35677778362687, 20.957311955968215], [-105.35707495149607, 20.957553646093157], [-105.35703871362458, 20.957631707000544], [-105.35703871394759, 20.957631706999866], [-105.35684596190349, 20.9580469168404], [-105.35665509219977, 20.958365120344357], [-105.35623736307505, 20.959166902968732], [-105.35592239060514, 20.959636618347798], [-105.35560387703627, 20.960211648178646], [-105.35545956424649, 20.960431726435626], [-105.35529575847639, 20.960336954102676], [-105.3554484807809, 20.96010066943619], [-105.35575538288744, 20.959546604925524], [-105.35606909043072, 20.959078777305347], [-105.35635151308448, 20.95853670060599], [-105.35635151271438, 20.958536700606764], [-105.35648474422379, 20.958280977773295]]]}}, {"type": "Feature", "properties": {"id": "playa-libre-37", "kind": "playa_libre", "area_m2": 19974.9, "ancho_efectivo_m": 19.5}, "geometry": {"type": "Polygon", "coordinates": [[[-105.35401364663241, 20.960052247461213], [-105.35428164995606, 20.96018406904445], [-105.35435053083535, 20.96023760076433], [-105.35441027295745, 20.959921378327543], [-105.35451446624104, 20.959611644954784], [-105.35438451074127, 20.959391752774533], [-105.35410972903092, 20.958986875336397], [-105.35400649449478, 20.95873616125505], [-105.3538161582115, 20.95833062726828], [-105.35385996147134, 20.95817785342129], [-105.35415756045832, 20.958085736080253], [-105.35428631632792, 20.958163226882267], [-105.35452278818067, 20.95857364934982], [-105.35458910037252, 20.95880485802351], [-105.35492725352674, 20.959085381887867], [-105.35515980924177, 20.9593965775815], [-105.35513747429775, 20.95986520108477], [-105.35491241550686, 20.960080598562502], [-105.35479058819581, 20.96038361657317], [-105.35473830596078, 20.960503388703078], [-105.35475065263384, 20.960573680460573], [-105.35492299202389, 20.960755879899505], [-105.35486667349043, 20.961098307510564], [-105.354872553993, 20.961139578745566], [-105.35469723871584, 20.961271432616005], [-105.35467230839963, 20.961096460254844], [-105.35471903874254, 20.960812332918053], [-105.35456988790865, 20.960654649129683], [-105.3545396049947, 20.960482245831038], [-105.35461156226731, 20.960317403221627], [-105.35474644363332, 20.959981914185324], [-105.35495572370601, 20.959778193897318], [-105.35496567897651, 20.959451335227616], [-105.35478285698574, 20.959206690238375], [-105.35441838908453, 20.958904335750333], [-105.35434288262347, 20.958641070770692], [-105.35413337123998, 20.95827744055944], [-105.35401711999233, 20.958316764364813], [-105.35418410194774, 20.95866654841444], [-105.3542822488919, 20.958904905079095], [-105.35454987629595, 20.959299240867516], [-105.35472285827677, 20.95959193329859], [-105.35459750317962, 20.95996457301055], [-105.3545301826612, 20.960320911084075], [-105.3544148143565, 20.960522100892096], [-105.3541745443167, 20.960335375168658], [-105.35397872474311, 20.96023905791376], [-105.3536835134714, 20.960276647633293], [-105.35339452546992, 20.960178987785284], [-105.35289707438423, 20.959988553559352], [-105.3525480403015, 20.959761251376907], [-105.35224458791843, 20.959485407423298], [-105.35208458102636, 20.959265719185176], [-105.35184690867911, 20.958815099262655], [-105.3520192951785, 20.95873487541985], [-105.35225097933075, 20.959174140732216], [-105.35239237196069, 20.959368271338782], [-105.35267055076615, 20.959621141076777], [-105.35298928871062, 20.959828712429132], [-105.35346342341022, 20.960010220608403], [-105.35370433232377, 20.96009163294466], [-105.35401364663241, 20.960052247461213]]]}}, {"type": "Feature", "properties": {"id": "playa-libre-38", "kind": "playa_libre", "area_m2": 6843.7, "ancho_efectivo_m": 18.9}, "geometry": {"type": "Polygon", "coordinates": [[[-105.31547313036218, 20.51269324735373], [-105.31543890723408, 20.512896401253553], [-105.31544653336674, 20.5131002652178], [-105.31549913744709, 20.513205046578545], [-105.31555404542881, 20.51325741099381], [-105.31567437457319, 20.513315925619505], [-105.31598963281584, 20.51331369919251], [-105.31611336434041, 20.513356423134454], [-105.31619207749269, 20.513452119757137], [-105.31630466958599, 20.51356234421131], [-105.31633205967483, 20.513625735525995], [-105.31615439333363, 20.513693871261374], [-105.31614089876547, 20.513662640130384], [-105.31604674240909, 20.513570464951464], [-105.31599554098096, 20.51350821482884], [-105.31595628451193, 20.513494659932576], [-105.31562846650206, 20.513496976013073], [-105.31543899311428, 20.51340483738191], [-105.3153397067005, 20.513310150978537], [-105.31525622387534, 20.513143858496974], [-105.31524655253162, 20.51288531744578], [-105.31528874801914, 20.51263483720844], [-105.31535057080477, 20.5125259913027], [-105.31549249937275, 20.512299320492854], [-105.31549865780492, 20.51228996330399], [-105.31525075374785, 20.512180134132386], [-105.31493200208584, 20.511941327792588], [-105.31464070812682, 20.511736585807466], [-105.3147554103826, 20.511591734029977], [-105.31504907564737, 20.511798143193506], [-105.31535262990376, 20.512025563494277], [-105.31565001668157, 20.512157315273193], [-105.31575364716505, 20.512223872502062], [-105.31575077891692, 20.51224982023948], [-105.31565663951677, 20.512392860578768], [-105.3155178151752, 20.512614574116146], [-105.31547313036218, 20.51269324735373]]]}}, {"type": "Feature", "properties": {"id": "playa-libre-39", "kind": "playa_libre", "area_m2": 7221.0, "ancho_efectivo_m": 18.2}, "geometry": {"type": "Polygon", "coordinates": [[[-105.31530689816582, 20.521472743602335], [-105.3152911546799, 20.521561840534606], [-105.31522407480416, 20.521565655462783], [-105.31515218894529, 20.521603867581483], [-105.31507452515474, 20.521688534544534], [-105.3149859399006, 20.521787103382145], [-105.31490196759395, 20.52185352619551], [-105.31486647861001, 20.52192440340187], [-105.31486597395232, 20.52201814246516], [-105.31486627842195, 20.522118247761316], [-105.314907081945, 20.52216402441008], [-105.31492110080741, 20.522205136470262], [-105.3148863193898, 20.522232285155653], [-105.31480494765684, 20.522256758774954], [-105.31479882296286, 20.52218196678028], [-105.31478182913033, 20.522097853944747], [-105.31473004245858, 20.52203528562516], [-105.3146865070532, 20.522017067507775], [-105.31460601824452, 20.52198588189786], [-105.31451034091761, 20.52197480549796], [-105.3144515500248, 20.521991808574914], [-105.31439065095726, 20.521951544982894], [-105.31431393147676, 20.52196297724947], [-105.31423188967103, 20.522048712602853], [-105.31417110372624, 20.522112758152016], [-105.3140902443701, 20.522095031262978], [-105.31400031908235, 20.522073585243074], [-105.31392100111808, 20.52198198579351], [-105.31389600345116, 20.5219754509748], [-105.31387392065041, 20.521982070979067], [-105.31383386914763, 20.522012370824182], [-105.31377282532561, 20.52204737845869], [-105.31356219708357, 20.52204304698395], [-105.31331882421809, 20.522137861891345], [-105.31319742340509, 20.52220337468373], [-105.31304512553214, 20.522248948179907], [-105.31291162645702, 20.52234349209447], [-105.31295594381012, 20.522086015638813], [-105.31311983752599, 20.52203697313677], [-105.31323414724216, 20.52197528641432], [-105.31352611197991, 20.521861540945704], [-105.31372096296992, 20.521865548592523], [-105.31372347400614, 20.521864108223657], [-105.31378168230215, 20.521820072397734], [-105.31389226298427, 20.521786922407824], [-105.31403108300525, 20.521823215671834], [-105.31410628891155, 20.52191006503892], [-105.31421690658969, 20.521794467164025], [-105.31443732934065, 20.521761622963666], [-105.3144849470827, 20.5217931049884], [-105.3144931430958, 20.52179073443338], [-105.31465507491619, 20.521809481570433], [-105.31470268237561, 20.52182792634384], [-105.314728468793, 20.52177642650359], [-105.31474640865386, 20.521740596751187], [-105.31485008293188, 20.521658589930485], [-105.31492874522468, 20.52157106224837], [-105.31502885995236, 20.521461920206626], [-105.31510162341547, 20.521423242091995], [-105.31509487651819, 20.521370204613362], [-105.31520251174913, 20.521256830785575], [-105.31533580391772, 20.521226607862246], [-105.31535773457767, 20.521233832078533], [-105.31537389273663, 20.521209079176515], [-105.31536958347715, 20.521126780361392], [-105.31556118240165, 20.52111787664005], [-105.31556460036862, 20.521183164000053], [-105.31558128311738, 20.521212681530514], [-105.3155593044739, 20.52127003444755], [-105.31552487317789, 20.521322782649708], [-105.31548911370477, 20.52140703382534], [-105.31546366577045, 20.52147190651198], [-105.31532579097559, 20.52141476018817], [-105.31530559464764, 20.52141933931601], [-105.3152933447539, 20.521432241561193], [-105.31530689816582, 20.521472743602335]]]}}, {"type": "Feature", "properties": {"id": "playa-libre-40", "kind": "playa_libre", "area_m2": 24048.6, "ancho_efectivo_m": 19.8}, "geometry": {"type": "Polygon", "coordinates": [[[-105.30519586972122, 20.52632323150772], [-105.30531316626377, 20.52627664575521], [-105.30561659785381, 20.526019393630158], [-105.30576681513396, 20.525905074077123], [-105.30594211904278, 20.525825122135426], [-105.30622505531103, 20.525762994304163], [-105.30637365120309, 20.525753913628943], [-105.30640526513749, 20.52574331452588], [-105.30662308117836, 20.525601943775218], [-105.30686427702442, 20.52546009495311], [-105.30728368104869, 20.525282381479155], [-105.3075556028788, 20.52519985947145], [-105.30768622495361, 20.525093860875405], [-105.30783600388644, 20.525022019691058], [-105.30820281497347, 20.524894376624374], [-105.30845561048032, 20.524831497228835], [-105.30849112730887, 20.524873706511205], [-105.30861218136894, 20.524812587316344], [-105.30874572133096, 20.524787493322695], [-105.30899971107692, 20.524806082733708], [-105.30905841316222, 20.52482044396542], [-105.30906091648588, 20.524819893728004], [-105.3091590727338, 20.52465134922819], [-105.30932063136311, 20.524560966395153], [-105.30945294664967, 20.52456381711903], [-105.30950203788143, 20.52453820270107], [-105.30958443622164, 20.52443556790437], [-105.30982652329885, 20.52432753262106], [-105.31001538845942, 20.5242287628109], [-105.31010070042997, 20.524223345923545], [-105.31017671963153, 20.524166875674315], [-105.31038776770879, 20.524084010806035], [-105.31049328817979, 20.52401564588974], [-105.31052163903789, 20.523968299563684], [-105.31057097057658, 20.52385135617362], [-105.3107080477363, 20.523812460819048], [-105.31080479115295, 20.523800507218382], [-105.31081959010793, 20.52378758626244], [-105.3109236438559, 20.5236034619984], [-105.31113161533446, 20.523428845195834], [-105.31129296526987, 20.52341482907549], [-105.31136454667886, 20.52342959201864], [-105.31137718497617, 20.52342495372079], [-105.31162085721658, 20.523279303267877], [-105.31166523764736, 20.523284721975468], [-105.31181179360883, 20.523030851984583], [-105.31196702206016, 20.5228882967126], [-105.3120706105517, 20.52280922389056], [-105.31222364055775, 20.522776142262444], [-105.31224362707938, 20.522768714802748], [-105.31225093159966, 20.522745282929208], [-105.31237290675783, 20.52256579898693], [-105.31253771812808, 20.522389171796885], [-105.31267302694474, 20.52226963768223], [-105.31272090161939, 20.522259125597312], [-105.31272149919548, 20.522252049294227], [-105.31280333941532, 20.52219409091926], [-105.31290587549731, 20.52234756491362], [-105.31290101538484, 20.52240514053519], [-105.3127667006204, 20.522434634234962], [-105.31267568918486, 20.522515035690596], [-105.31252660853812, 20.522674803223808], [-105.31242726851038, 20.522820981200585], [-105.31240126009723, 20.522904407267525], [-105.31228061246026, 20.522949243589558], [-105.31215684243826, 20.522975999796575], [-105.31209462898383, 20.523023490442945], [-105.3119664640579, 20.523141190497977], [-105.31188344258912, 20.523285003903155], [-105.3119575695555, 20.523369311581472], [-105.3119942472644, 20.52349087534033], [-105.31195373925252, 20.52354193589496], [-105.31184135929819, 20.523590195263576], [-105.31178284837989, 20.523500086341613], [-105.31174418058069, 20.523476593436065], [-105.31166502811762, 20.52346692883673], [-105.3114642058296, 20.523586967454094], [-105.31138015905334, 20.523617811982973], [-105.31128097823306, 20.52359735797277], [-105.31121210999171, 20.523603339605817], [-105.31107686927106, 20.523716891505995], [-105.31097371882383, 20.523899415762205], [-105.31089035404554, 20.523972204167105], [-105.31074844833154, 20.52398973715899], [-105.3107150228452, 20.52399922163058], [-105.31069511156308, 20.524046423656497], [-105.31063856573319, 20.524140857648796], [-105.31048000955559, 20.524243582278594], [-105.31027482493646, 20.524324144326545], [-105.31017828787618, 20.52439585716857], [-105.3101766399806, 20.524399654351644], [-105.31007103807968, 20.524406359942535], [-105.30991423128445, 20.5244883639852], [-105.30970906911577, 20.524579921295192], [-105.309630530455, 20.524677747504143], [-105.30950047127028, 20.52474560900277], [-105.30937126467349, 20.5247428250611], [-105.3093020645006, 20.524781539617457], [-105.30920197552084, 20.52495340115872], [-105.30915545460134, 20.524984687356966], [-105.30905596008711, 20.52500655839549], [-105.30896792509103, 20.524985021478336], [-105.30875727065683, 20.524969604258256], [-105.30867767010932, 20.52498456233275], [-105.30863252477994, 20.525007354769567], [-105.30864307784202, 20.525057644191097], [-105.30846196267687, 20.525129968296365], [-105.30838324002853, 20.525036412579066], [-105.30826066927749, 20.525066899396048], [-105.30791302437633, 20.52518787429904], [-105.3077938916708, 20.525245016449823], [-105.3076513843476, 20.525360658693735], [-105.30735265101625, 20.525451317432143], [-105.30695483218668, 20.52561988454074], [-105.30672834825216, 20.52575308075786], [-105.30649334259759, 20.52590560810041], [-105.30641276969529, 20.52593262365947], [-105.30625322772062, 20.525942373388297], [-105.30600647905126, 20.525996555285378], [-105.30587023431868, 20.526058693427817], [-105.30574112757306, 20.526156946813103], [-105.30541747369082, 20.52643134451947], [-105.30529324658853, 20.526480682271114], [-105.305098727299, 20.52662175918549], [-105.30500027237154, 20.52672134784924], [-105.30478848696698, 20.52693557177347], [-105.30463911519638, 20.52705487418749], [-105.3043690319237, 20.527189715286177], [-105.30422298941087, 20.527231109015847], [-105.30413904983564, 20.527216991915832], [-105.30389391876952, 20.527285432300182], [-105.30361082256276, 20.527337929631855], [-105.30361045939237, 20.527153808116907], [-105.30384803495268, 20.527109752496877], [-105.30412806801968, 20.52703156705136], [-105.30421159681808, 20.527045614397377], [-105.30429578447564, 20.527021752514898], [-105.3045309124693, 20.526904363684803], [-105.30465580486378, 20.52680461228651], [-105.30485988611062, 20.526598181196498], [-105.30496914295541, 20.526487667108004], [-105.30519586972122, 20.52632323150772]]]}}, {"type": "Feature", "properties": {"id": "playa-libre-41", "kind": "playa_libre", "area_m2": 9691.3, "ancho_efectivo_m": 19.2}, "geometry": {"type": "Polygon", "coordinates": [[[-105.30125919043584, 20.52928665118045], [-105.30135917218027, 20.52913930103488], [-105.30144224243448, 20.529049034739693], [-105.30147620169426, 20.528940980474534], [-105.3016985620434, 20.52859901942685], [-105.30194876490202, 20.528274494376824], [-105.3020715765338, 20.528023633175412], [-105.30228243623976, 20.527676267963688], [-105.30258005888716, 20.52746136150891], [-105.30301269808412, 20.527284236098417], [-105.30343925612952, 20.527185556776935], [-105.30348067989641, 20.527362063161483], [-105.30307424488319, 20.527456087294944], [-105.30267809558295, 20.527618274041465], [-105.30242979694353, 20.52779756491918], [-105.30224227227657, 20.5281064891436], [-105.30211507186661, 20.52836631644487], [-105.3018582138943, 20.528699474606196], [-105.30165298255005, 20.529015093991667], [-105.30161440196046, 20.52913785255529], [-105.30151328424347, 20.52924772871347], [-105.30141393001341, 20.52939415527412], [-105.30137857092298, 20.529433528953216], [-105.30122586576971, 20.52958183091908], [-105.30104184074473, 20.529748145360887], [-105.30075745698245, 20.52995500673938], [-105.30049534890587, 20.530100738146032], [-105.30038560120255, 20.53017551994149], [-105.30034284009668, 20.530248189610475], [-105.30017505066071, 20.53016057471963], [-105.30023853318967, 20.530052688268857], [-105.30039014870566, 20.52994937863358], [-105.30064965997407, 20.52980509042569], [-105.30091645074948, 20.52961102678034], [-105.30109056446223, 20.52945367084603], [-105.30123632373991, 20.52931211382114], [-105.30125919043584, 20.52928665118045]]]}}, {"type": "Feature", "properties": {"id": "playa-libre-42", "kind": "playa_libre", "area_m2": 13380.7, "ancho_efectivo_m": 19.4}, "geometry": {"type": "Polygon", "coordinates": [[[-105.29858961065622, 20.53091540814418], [-105.298486899887, 20.5309242451036], [-105.29841672209793, 20.53092368636475], [-105.2983110894393, 20.530863201875686], [-105.29791922793191, 20.530830422224465], [-105.29772070926298, 20.530814035605214], [-105.29759020293655, 20.530810863851652], [-105.29726194797011, 20.530726093979467], [-105.29716926504176, 20.530721074259603], [-105.29707034685526, 20.53072483013913], [-105.29698696155516, 20.530710310157335], [-105.296877506438, 20.530691250776773], [-105.29667928602733, 20.53071151086248], [-105.29656663449326, 20.530738574041322], [-105.29648492008336, 20.530770799868247], [-105.29636079804322, 20.530827223481257], [-105.29621182314665, 20.530905929886792], [-105.29606848962115, 20.531047135216763], [-105.29600604711686, 20.531134435171058], [-105.29598060699867, 20.531174051971924], [-105.29592766711166, 20.531263679630552], [-105.29593089319634, 20.53133861369998], [-105.29589307097682, 20.53143141973238], [-105.2958760021221, 20.531492082554536], [-105.29587270692966, 20.53154034700612], [-105.29588512108437, 20.531619093068592], [-105.29587184486061, 20.531795934939844], [-105.29586071087007, 20.5318616731212], [-105.29582000863721, 20.531979303363336], [-105.29579252737408, 20.532110390118813], [-105.29578461140773, 20.532208494449527], [-105.2957957692162, 20.532274885858474], [-105.29591876884865, 20.532380308324075], [-105.29603531158114, 20.53254082999101], [-105.29606366150469, 20.53269329111062], [-105.29612023969516, 20.532816268191247], [-105.29594421356845, 20.53288813147895], [-105.29587860878425, 20.532745534409603], [-105.29585350990776, 20.53261055336957], [-105.29577307438863, 20.532499764952394], [-105.29561681907462, 20.532365838839556], [-105.29559161689272, 20.532215874352417], [-105.29560210110421, 20.53208594791555], [-105.2956340328479, 20.53193362972887], [-105.29567363723439, 20.53181917124631], [-105.29568107133932, 20.5317752840336], [-105.29569227331183, 20.531626075239625], [-105.29567994957041, 20.53154790550818], [-105.29568575638055, 20.53146285553718], [-105.2957102727093, 20.531375722480117], [-105.29573760166933, 20.53130866543609], [-105.29573379336625, 20.531220220749262], [-105.29581465852895, 20.5310833176983], [-105.29584432674174, 20.531037115463935], [-105.29591853036727, 20.530933373380915], [-105.29609297869726, 20.530761515371996], [-105.2962721047385, 20.530666879414486], [-105.29640613443176, 20.530605952532913], [-105.2965055597857, 20.530566741416038], [-105.29664506364782, 20.530533227596493], [-105.29688474752909, 20.530508729150174], [-105.29702183254138, 20.53053259989319], [-105.29708408861936, 20.530543440432147], [-105.29717091181074, 20.530540143519925], [-105.29729315801063, 20.530546766161322], [-105.29761844809477, 20.530630769389543], [-105.2977315666204, 20.530633519172795], [-105.2979360849811, 20.530650400590474], [-105.29837255991443, 20.53068691215339], [-105.29847119966112, 20.53074339302247], [-105.29847896563551, 20.530743454655916], [-105.29861319486645, 20.530731905932846], [-105.29871929310386, 20.530766369231287], [-105.29903227417167, 20.530634366186092], [-105.29907986036481, 20.53057870610488], [-105.29927774657234, 20.530526941481337], [-105.2994297582065, 20.530454097033093], [-105.29954786680318, 20.53044962082883], [-105.29959437505742, 20.53041341798536], [-105.29975100713577, 20.53030568522537], [-105.29987213298065, 20.530227197447207], [-105.29998085703298, 20.53037609337211], [-105.29986195466789, 20.530453139745813], [-105.29971214590546, 20.530556180140216], [-105.299620208753, 20.530627746370648], [-105.29947936721533, 20.53063308416374], [-105.29934759722457, 20.530696227857067], [-105.29919059889747, 20.53073729744126], [-105.29915275924718, 20.530781557126115], [-105.29872846025391, 20.530960509205755], [-105.29858961065622, 20.53091540814418]]]}}, {"type": "Feature", "properties": {"id": "playa-libre-43", "kind": "playa_libre", "area_m2": 145835.4, "ancho_efectivo_m": 19.9}, "geometry": {"type": "Polygon", "coordinates": [[[-105.30074390062289, 20.703836159293143], [-105.30096840111663, 20.704439964811648], [-105.30109867684972, 20.7047799934838], [-105.30123013354425, 20.70511960974407], [-105.30143340631646, 20.70562691247679], [-105.30178172257234, 20.706469089264573], [-105.3020697656161, 20.70713955403173], [-105.3023516182727, 20.707813516949635], [-105.30265165456974, 20.708478316632682], [-105.30294562201092, 20.709146859104656], [-105.30322526572228, 20.709820256789843], [-105.30328284661586, 20.709992906550166], [-105.3033525468358, 20.710156687023296], [-105.3033525463527, 20.710156687024146], [-105.30349950838676, 20.710502015305764], [-105.30377303471933, 20.71117775036269], [-105.30402282254754, 20.711862628641757], [-105.30429850518922, 20.712537534829185], [-105.30456426105845, 20.71321626395876], [-105.3048887828872, 20.714068078749804], [-105.30517401271234, 20.71473907011196], [-105.30551163598048, 20.715574382503668], [-105.3055116366002, 20.71557438250257], [-105.30551593738438, 20.715585024525], [-105.30573434769843, 20.71608522475073], [-105.30590088893992, 20.716456982998707], [-105.3059099732461, 20.71647726114084], [-105.30590997322167, 20.716477261140884], [-105.30595816621963, 20.716584838555917], [-105.30632562259979, 20.71741967588947], [-105.30663683960546, 20.718080902841535], [-105.30694318762524, 20.718747087670785], [-105.30710352964621, 20.7190727942631], [-105.30736761366857, 20.719558225552593], [-105.30778763569525, 20.72040058898332], [-105.30814040006025, 20.721043181640137], [-105.30848992850233, 20.72168747351457], [-105.30885329544472, 20.722324502056527], [-105.30911248100405, 20.722796631167668], [-105.30911248075957, 20.72279663116811], [-105.30920606213034, 20.72296709680301], [-105.30969675344153, 20.723745791631618], [-105.310068598524, 20.724407326262856], [-105.31066655007005, 20.725304590056343], [-105.31115658843143, 20.726082071628955], [-105.31156331029725, 20.726696345480214], [-105.31208852369602, 20.72747469478772], [-105.31261044850258, 20.72821181602082], [-105.31261044898089, 20.72821181601995], [-105.31262101006537, 20.7282267321624], [-105.31313937647337, 20.72898777959925], [-105.3135642680615, 20.72959368875398], [-105.3140075660878, 20.73018070179507], [-105.31444324440275, 20.730776153453956], [-105.31503897649662, 20.731511395192673], [-105.31549852265503, 20.732091379749583], [-105.31596766593385, 20.732664086895713], [-105.3164470191609, 20.733229052791867], [-105.31692448485046, 20.73379545202798], [-105.31741588617282, 20.734351283860626], [-105.31789249496485, 20.734918335128437], [-105.31838110035896, 20.735476289926304], [-105.31888668575161, 20.7360353521041], [-105.31912723121607, 20.736317528427406], [-105.31939349058894, 20.73657871252271], [-105.32001823767102, 20.737265067015933], [-105.32050673240941, 20.737823381609495], [-105.32102640937622, 20.738356235052127], [-105.32127451168766, 20.738632245232832], [-105.32178086867681, 20.739175978601914], [-105.32241914089751, 20.739855314840636], [-105.32280634269839, 20.74025302731412], [-105.32332844908036, 20.74079906842357], [-105.32397731664044, 20.74146544481487], [-105.32425169895242, 20.7417440014813], [-105.3242516986397, 20.74174400148189], [-105.32449962346482, 20.741995697160505], [-105.32515663034133, 20.74265485289781], [-105.32567696558556, 20.74318685817638], [-105.32621066246891, 20.743707004068767], [-105.3267353423006, 20.744235154826136], [-105.32726419434286, 20.744759603937588], [-105.327893573212, 20.745350936087668], [-105.32860939167878, 20.74605025653659], [-105.32915810991305, 20.74655707431003], [-105.3294798730124, 20.746842724046328], [-105.3294798730127, 20.746842724181835], [-105.32973009810532, 20.747064863972604], [-105.33028714741145, 20.747562949701106], [-105.3309898124823, 20.74817906897148], [-105.3317070990057, 20.748787455839498], [-105.33228234925907, 20.7492597567488], [-105.3323670323651, 20.74933072196419], [-105.33236703236577, 20.74933072226933], [-105.33285622137514, 20.7497406667387], [-105.33343405071699, 20.750217535296517], [-105.33403795297286, 20.750693786448206], [-105.33462568637411, 20.75116133107432], [-105.33523172049841, 20.751605992739012], [-105.33585350800267, 20.752030955022256], [-105.33650613904278, 20.752456649770668], [-105.33713215251535, 20.752880287034763], [-105.33779198530726, 20.75325084884492], [-105.33833113180803, 20.75363286177357], [-105.33840062197179, 20.753726590579372], [-105.3384175529453, 20.753886364223604], [-105.33867405996078, 20.75395657583479], [-105.33910972699675, 20.7541613967707], [-105.33969277523171, 20.754659335501223], [-105.3397603621161, 20.754854257470917], [-105.33933323256936, 20.75517528796945], [-105.3389520812833, 20.755386654276176], [-105.33885450732961, 20.755230979321862], [-105.33922393306652, 20.75502611593516], [-105.33953642848262, 20.75479124515767], [-105.33906109883762, 20.754363642265897], [-105.33906109969136, 20.75436364227168], [-105.33900736823722, 20.754315305571954], [-105.33860370093706, 20.754125529191985], [-105.33836387153278, 20.754059882061746], [-105.3382263768773, 20.753904287996914], [-105.33823032331019, 20.753808058106856], [-105.33819106808794, 20.75375986976769], [-105.33768463386508, 20.753401035816182], [-105.33702661656555, 20.75303149199358], [-105.33639529223457, 20.752604261275216], [-105.33574229049141, 20.752178324681765], [-105.33511614072962, 20.751750380566364], [-105.33450452778011, 20.751301625301583], [-105.33391420758706, 20.750832022422955], [-105.33330896857697, 20.750354716249486], [-105.33272897000106, 20.749876057872694], [-105.33236756213316, 20.749573195297256], [-105.33236756213401, 20.749573195687272], [-105.33215528157288, 20.749395301624098], [-105.33157959814791, 20.748922644219725], [-105.33140635592731, 20.748775705551896], [-105.33140635592176, 20.74877570473106], [-105.33085997968605, 20.748312279767156], [-105.33015546667973, 20.747694539791542], [-105.32959798709983, 20.74719606954418], [-105.32948041217213, 20.747091691008684], [-105.32948041217213, 20.74709169101146], [-105.32902486799362, 20.746687274122394], [-105.32847287051753, 20.746177427069316], [-105.32775648413373, 20.745477551442463], [-105.32762278524248, 20.745351935648813], [-105.32762278551644, 20.745351935648287], [-105.3271265980186, 20.744885742673535], [-105.32659546943157, 20.744359035807232], [-105.32607135856105, 20.74383145732499], [-105.32553714480925, 20.74331080688396], [-105.32501586814642, 20.74277783975108], [-105.32435909428054, 20.74211891616893], [-105.32399028259728, 20.741744494164045], [-105.32399028247872, 20.741744494164273], [-105.32383602800162, 20.74158789227137], [-105.32318620077258, 20.740920529544297], [-105.32266409061967, 20.74037448349879], [-105.32227632477425, 20.739976191667495], [-105.32224289689923, 20.739940614335673], [-105.32224289780864, 20.739940614333975], [-105.32163664809998, 20.739295360298414], [-105.32112890684616, 20.73875013999274], [-105.32088222855248, 20.738475713637914], [-105.32036168918243, 20.73794197495836], [-105.3198711042836, 20.737381271160793], [-105.31925109496484, 20.736700121015694], [-105.3189826921552, 20.736436833524582], [-105.31873856583778, 20.736150455655295], [-105.31823379988059, 20.735592300535572], [-105.31774300331826, 20.73503184283483], [-105.31731975300208, 20.734528275126163], [-105.31731975310863, 20.734528275125967], [-105.3172666739516, 20.734465123161037], [-105.31677536136803, 20.733909391041774], [-105.31629593353412, 20.733342506166366], [-105.31581650927977, 20.732775618967956], [-105.3153454259367, 20.73220054396934], [-105.3148855776401, 20.73162017734542], [-105.31428765133099, 20.730882225629777], [-105.3138501432582, 20.730284272186218], [-105.3134057504914, 20.72969580958268], [-105.31297832964633, 20.72908629301819], [-105.31246019585868, 20.72832558352104], [-105.31237993694931, 20.728212234651924], [-105.31237993772201, 20.728212234650524], [-105.31192748356624, 20.72757322800052], [-105.31140069938266, 20.72679254980191], [-105.31099243451088, 20.726175944400648], [-105.31050253927889, 20.725398688904463], [-105.30990585322442, 20.724503321598977], [-105.3095291362161, 20.7238341646135], [-105.30904083115992, 20.723059255559402], [-105.30868332546217, 20.722408700266016], [-105.30838993273247, 20.721894344015315], [-105.30838993311839, 20.72189434401463], [-105.3083197411887, 20.721771287731876], [-105.30796952399882, 20.72112572449786], [-105.30761529301283, 20.720480458598637], [-105.30719512223774, 20.719637794119006], [-105.30693082461768, 20.719151968982853], [-105.30676786950934, 20.718820954711767], [-105.30646087870035, 20.71815337015744], [-105.3061490508049, 20.717490844617476], [-105.30578093529456, 20.716654506317806], [-105.3057016983022, 20.716477631119776], [-105.30570169820821, 20.716477631119936], [-105.30555735166683, 20.71615541503994], [-105.30533827036336, 20.71565369775558], [-105.30499506418016, 20.71480474716183], [-105.30471044386834, 20.714135187508813], [-105.30438345306949, 20.713277243205802], [-105.3041187384983, 20.712601189279248], [-105.3038422835169, 20.711924392959848], [-105.30359240272257, 20.711239256154585], [-105.30332059686386, 20.710567768245216], [-105.30310179844761, 20.710053639990043], [-105.3030439762105, 20.70988026682087], [-105.3029796016361, 20.709725227168505], [-105.30278398622502, 20.709254102672766], [-105.30278398681472, 20.709254102671732], [-105.3027681445531, 20.709215947693398], [-105.30247417774855, 20.70854740491579], [-105.30217483178657, 20.70788415336103], [-105.3018910397165, 20.707205726221712], [-105.30160318742705, 20.706535725263066], [-105.3012540508385, 20.705691560752992], [-105.30105003740398, 20.705182411267177], [-105.30078741376511, 20.704500448108227], [-105.30053806214363, 20.703829802316623], [-105.30053321098373, 20.703816755672925], [-105.30041194908478, 20.703484971704228], [-105.30034821664809, 20.703310593600886], [-105.30017191205803, 20.702933569423962], [-105.30038157073228, 20.702933203916462], [-105.30052723502313, 20.703244703528533], [-105.30054694747902, 20.703298638691184], [-105.30054694780407, 20.703298638562437], [-105.30063603103542, 20.70354237929437], [-105.30071466586058, 20.7037575305262], [-105.30073090299852, 20.703801201360275], [-105.30074390089023, 20.703836159292678], [-105.30074390062289, 20.703836159293143]]]}}, {"type": "Feature", "properties": {"id": "playa-libre-44", "kind": "playa_libre", "area_m2": 141042.5, "ancho_efectivo_m": 14.4}, "geometry": {"type": "Polygon", "coordinates": [[[-105.30034571209859, 20.71294826267424], [-105.3001382111926, 20.712202035835706], [-105.299758965371, 20.711453246085274], [-105.29932158033087, 20.710346152665142], [-105.29927129699675, 20.710163829522514], [-105.29927129684926, 20.710163829522767], [-105.29915434738572, 20.709739778260253], [-105.2990194955135, 20.7092606807837], [-105.29901949587664, 20.709260680783068], [-105.29896419800195, 20.70906421877779], [-105.29887993136572, 20.708896793175], [-105.29875909182005, 20.708717299431402], [-105.29854176696918, 20.708246634968933], [-105.29838281215915, 20.707770958073475], [-105.29830231390703, 20.707720654819585], [-105.29823650341618, 20.707588092495286], [-105.29811485640076, 20.707169557651586], [-105.29804872877973, 20.706883403249087], [-105.29798904375122, 20.706880519277295], [-105.2979073125025, 20.706607294118406], [-105.29785551800865, 20.706431092155366], [-105.29782139569393, 20.70643937290196], [-105.29780144882719, 20.70637298926188], [-105.29791366700942, 20.70633159614529], [-105.29782011059696, 20.706129050950008], [-105.29770955962239, 20.70589008438889], [-105.29755027736225, 20.70546197462442], [-105.29730133000508, 20.70504094909362], [-105.29710578190597, 20.704647910924514], [-105.29689310502928, 20.704220441939], [-105.2967283522921, 20.703843124112755], [-105.29672835208271, 20.703843124113117], [-105.29671990793429, 20.7038237847318], [-105.2965330284616, 20.70356593280544], [-105.29633827309375, 20.703172611277143], [-105.29620945097159, 20.702848509266502], [-105.2960454817847, 20.702435979267005], [-105.29590791150669, 20.701841563135947], [-105.29543885633161, 20.701228413274166], [-105.29510727330486, 20.700650804135694], [-105.29488279858013, 20.700093418498362], [-105.29485860227871, 20.69970692959422], [-105.29480702943191, 20.699399368905105], [-105.29472963408955, 20.699104766441998], [-105.2946781793835, 20.698792000821424], [-105.29467646285569, 20.69859091937158], [-105.29467879580429, 20.698481796332448], [-105.2946232001894, 20.698123998425434], [-105.2945721401408, 20.697791534748667], [-105.29463399452031, 20.697521607742154], [-105.29463399393408, 20.69752160774316], [-105.29465064670181, 20.697448938940905], [-105.29474474765499, 20.697038284381804], [-105.2946070707618, 20.696618066004845], [-105.29460707113371, 20.69661806600421], [-105.29455642775669, 20.6964634908881], [-105.2945373258274, 20.696438392056677], [-105.2939477331651, 20.69591057508268], [-105.29379971115767, 20.69566352728418], [-105.29360294907643, 20.69533513105867], [-105.29342336520637, 20.695033402746276], [-105.29319701866643, 20.694653105501164], [-105.293254435515, 20.69408646795841], [-105.29347197519749, 20.693477974586337], [-105.29349904106869, 20.693230653432277], [-105.29366648886695, 20.69315897743022], [-105.29367073015736, 20.693085097344262], [-105.29358321253719, 20.693048886089134], [-105.29358242985876, 20.692521344567034], [-105.29358166885257, 20.692038489035085], [-105.29359137086357, 20.691888683756336], [-105.29363260391654, 20.691561232579076], [-105.29366636206292, 20.691317929047276], [-105.29365712896261, 20.691315166247485], [-105.2936614657173, 20.69129889245792], [-105.2936720507706, 20.69130113248655], [-105.29370842440115, 20.691198071351064], [-105.29370842360844, 20.691198071352414], [-105.29379102873068, 20.690964019498647], [-105.29393789320248, 20.690548266536283], [-105.29390881022495, 20.690538917013246], [-105.29392255073151, 20.6905003880571], [-105.2939464155125, 20.69050806399717], [-105.2939613122497, 20.690474091669703], [-105.29397777864772, 20.69033479619272], [-105.2943126897416, 20.689933228211995], [-105.29447255045797, 20.68966635764497], [-105.29500679550564, 20.689198271474492], [-105.29549197853397, 20.688788387507266], [-105.29638033324231, 20.68810804473777], [-105.29640723218937, 20.688141021929887], [-105.29592632487987, 20.688550505344054], [-105.29504353277963, 20.689262079644905], [-105.29529110425892, 20.68981907666637], [-105.29549250830198, 20.690291432900185], [-105.29549250851585, 20.69029143289982], [-105.29565128228084, 20.69066380585545], [-105.29595834189935, 20.691369553229965], [-105.29609895076413, 20.691705986859763], [-105.29623746087596, 20.692043247132222], [-105.29635561004858, 20.69238851826576], [-105.29654847235678, 20.692704389899973], [-105.29668449352052, 20.69304262900942], [-105.29687022918475, 20.693361304601677], [-105.2970440984545, 20.693684651198666], [-105.2970576337138, 20.693878808919603], [-105.2972722271848, 20.694182527784054], [-105.297420418867, 20.69451597789605], [-105.29757078328916, 20.694844012520946], [-105.29769476703221, 20.69519155043807], [-105.29781267447261, 20.695536919295648], [-105.29794991690926, 20.69585116216442], [-105.29808117190838, 20.696191039204564], [-105.29819274346373, 20.69653697802759], [-105.29843769218974, 20.697222142826416], [-105.29855773249258, 20.69751485261049], [-105.29835202214923, 20.697515208982455], [-105.29825700406255, 20.697283512950587], [-105.29800980151433, 20.696592041134895], [-105.2978989008106, 20.696248181994104], [-105.29777077127068, 20.69591639826847], [-105.29763215174142, 20.695598999595855], [-105.29739126687215, 20.694908667860712], [-105.29724365115734, 20.694586629966945], [-105.29710213296481, 20.694268193958752], [-105.2968693506111, 20.693938730472347], [-105.29685502931837, 20.69373330996185], [-105.29670030961346, 20.693445574939798], [-105.29650963843895, 20.693118431098256], [-105.29637429591348, 20.692781878585752], [-105.29617901020605, 20.692462036037803], [-105.29605634379507, 20.692103564794845], [-105.29592002215625, 20.691771630884425], [-105.2957801101387, 20.691436864839176], [-105.2956747518397, 20.691194708685142], [-105.2956747513908, 20.691194708685913], [-105.29547330100851, 20.690731690494534], [-105.29528573337082, 20.69029178733552], [-105.29528573371903, 20.690291787334925], [-105.29511339388826, 20.689887594786743], [-105.29495167938221, 20.68952376070709], [-105.29489812617334, 20.689380129367215], [-105.29451071701831, 20.689694647936182], [-105.29435271701391, 20.689958412436088], [-105.29407295052212, 20.690293861185634], [-105.29407295080415, 20.69029386118515], [-105.29402398416605, 20.690352573176124], [-105.29400827933743, 20.690485427482226], [-105.2939937812697, 20.690518490123427], [-105.29398453833336, 20.690559444776138], [-105.29383646048946, 20.69097831180419], [-105.29371353039804, 20.6913269369498], [-105.2936802487276, 20.691566815077703], [-105.29363903846642, 20.691894081894247], [-105.29362968196148, 20.692039778873653], [-105.29363051027637, 20.692523102347792], [-105.29363117917958, 20.693019379004276], [-105.29372046407836, 20.693056320936375], [-105.29371286043984, 20.693188761983922], [-105.29354398017388, 20.693261051296936], [-105.29351918668796, 20.693487609549777], [-105.29330170544168, 20.694095939330072], [-105.29324623854892, 20.69464334250152], [-105.29346493657266, 20.69501104133028], [-105.29364480613319, 20.695312998623983], [-105.29384142666179, 20.695641158303275], [-105.29398602977027, 20.695882500320575], [-105.29457371303887, 20.696408608130675], [-105.29460000924145, 20.696443158835553], [-105.29479432789269, 20.697036261355596], [-105.29469805788527, 20.697457380486078], [-105.29468331592314, 20.697521523384722], [-105.2946833156187, 20.697521523385245], [-105.29462095311537, 20.697792859067167], [-105.29467153886651, 20.698119341789248], [-105.2947269265426, 20.69847681293672], [-105.29472448086986, 20.698591192338217], [-105.29472447484115, 20.698590557126444], [-105.29472616394061, 20.69878834414172], [-105.29477675685483, 20.699095871317514], [-105.29485413487595, 20.699390410537358], [-105.29490639465467, 20.69970206870858], [-105.29493029776178, 20.700083866680966], [-105.29515103839441, 20.700631979714746], [-105.29547963167659, 20.701204381102396], [-105.29595270443579, 20.70182278373219], [-105.29609166261277, 20.702423193645508], [-105.29625321164671, 20.702829633068305], [-105.29638258873324, 20.70315513194029], [-105.29657490022194, 20.70354351771641], [-105.29676240946974, 20.703802239570255], [-105.29678022282931, 20.70384303474209], [-105.29678022232291, 20.70384303474296], [-105.29693707574977, 20.704202260966643], [-105.2971495137503, 20.70462881859075], [-105.29734545354893, 20.705022249094156], [-105.29759422542968, 20.70544336251228], [-105.29775429265081, 20.705873581657247], [-105.29786367869687, 20.7061100301012], [-105.29797747734965, 20.706356585579318], [-105.29789264701512, 20.706387876253967], [-105.2979542382115, 20.706597709918015], [-105.29802591114641, 20.70683706164016], [-105.29808785025354, 20.706840054646086], [-105.29816150722533, 20.70715879197836], [-105.29828166930163, 20.70757221957901], [-105.29834469614484, 20.707695619824076], [-105.29842326293145, 20.707741384076392], [-105.29858677636176, 20.708230700799547], [-105.29880283321626, 20.7086976970375], [-105.29892795639728, 20.708883320472452], [-105.29901532983011, 20.709057629598394], [-105.29907145426189, 20.70926059055054], [-105.29907145452265, 20.709260590550084], [-105.29920082587415, 20.709728430691083], [-105.29936744190486, 20.710332572457542], [-105.29980323086039, 20.71143562318457], [-105.30018351423439, 20.712186462168198], [-105.30039232494774, 20.71293739615512], [-105.30058228978857, 20.713701090612965], [-105.30075903288099, 20.714078208772133], [-105.30085513714627, 20.71464694557305], [-105.3008362342163, 20.715167087857843], [-105.30109731762188, 20.715310555431586], [-105.30162710795985, 20.71548370828294], [-105.30169273697602, 20.715582608167367], [-105.30169273724051, 20.71558260817375], [-105.30197169900687, 20.71600298926835], [-105.3023395259626, 20.71660983581023], [-105.30240835592186, 20.71673133839037], [-105.30254438612826, 20.71694615356154], [-105.30266846417103, 20.71726177100315], [-105.3026618672665, 20.717492421809737], [-105.30286604687332, 20.717732765125067], [-105.30284542862405, 20.718981123112513], [-105.30244062584951, 20.719836758130253], [-105.30210135910505, 20.72029818131624], [-105.30203735813113, 20.721127433030894], [-105.302067447135, 20.72144092685878], [-105.30225387356364, 20.721905229170137], [-105.3022538736846, 20.721905229169924], [-105.30238284534613, 20.722226436616403], [-105.30247676499236, 20.72257376583949], [-105.30245039410812, 20.722718620654927], [-105.30222998057155, 20.72302942440798], [-105.30188403834094, 20.723407203133018], [-105.30172091117419, 20.723847360486413], [-105.30100058556206, 20.724594416124525], [-105.30048489422022, 20.72495595055032], [-105.30018855762583, 20.725255192756972], [-105.29980526785036, 20.725903175295695], [-105.29948285891906, 20.7264482303463], [-105.29981649740861, 20.726551639286882], [-105.3003023510979, 20.726702224702308], [-105.30057679319758, 20.726856180753945], [-105.30062806070484, 20.727170318049254], [-105.30072213166235, 20.727436589043435], [-105.30076880919074, 20.72748397274163], [-105.30080620182535, 20.727400441497494], [-105.30094321302691, 20.727356954584817], [-105.30099331545222, 20.727082550527022], [-105.30105778380752, 20.72699797250042], [-105.30126531359974, 20.72688932827542], [-105.30135442466575, 20.726875960033208], [-105.30145182638519, 20.72690823623663], [-105.3019243701386, 20.727241082439686], [-105.30198836013511, 20.727338352127276], [-105.30197457653566, 20.727465200677383], [-105.30176064957135, 20.727751120301157], [-105.30165305581139, 20.727808049517932], [-105.30152722333872, 20.727791951333845], [-105.30150051210072, 20.72777594958058], [-105.30140442300608, 20.727983542885454], [-105.30168132136384, 20.728087955623113], [-105.30182657128472, 20.728024373212655], [-105.30206734234002, 20.7278111169011], [-105.30219469023474, 20.72753859913143], [-105.30277838501004, 20.7274499362511], [-105.30326299878773, 20.728127762110482], [-105.3033216728698, 20.728228440834666], [-105.30332167297883, 20.728228440834478], [-105.30361547687404, 20.728732576106406], [-105.30320911344893, 20.729009231833736], [-105.30294693927169, 20.72897535925102], [-105.30278388162743, 20.729060049133885], [-105.3027762076485, 20.729101177513538], [-105.30281458273652, 20.729132917942756], [-105.30281458221481, 20.729132917943677], [-105.30305950197595, 20.72933549583193], [-105.3031472792488, 20.729365548916725], [-105.30316572097327, 20.72913580281141], [-105.30382473648588, 20.729098867518747], [-105.30395633925237, 20.729138283444176], [-105.30437000226861, 20.729450381041552], [-105.30444124478524, 20.729606470178755], [-105.30441890676012, 20.729856097606483], [-105.30423558178337, 20.730440581508564], [-105.30416866361402, 20.730531894007548], [-105.30401788556581, 20.73056651926689], [-105.30383715707575, 20.730536205223054], [-105.3037245123235, 20.73047436405201], [-105.30367967911067, 20.730340833877545], [-105.3037322128279, 20.729831702717572], [-105.303410649376, 20.730017150540533], [-105.30358050562229, 20.73011781466791], [-105.30363499909144, 20.730179083593868], [-105.30365673159365, 20.73028645152989], [-105.30363322831796, 20.730427324666465], [-105.30357482777832, 20.730525637330697], [-105.30333824568584, 20.730587272395], [-105.30332016671076, 20.73063695077262], [-105.30359543629417, 20.7307793345019], [-105.30387776959836, 20.731219570753183], [-105.30352549422419, 20.73144366779977], [-105.30340942815371, 20.73139025206294], [-105.30316309773004, 20.731595175405573], [-105.30296429941272, 20.731627510646366], [-105.30287956268904, 20.731595517564223], [-105.30275969597885, 20.731443012058], [-105.30273832553677, 20.731204958974207], [-105.30244570755418, 20.73125344668278], [-105.3023463768723, 20.731351670944388], [-105.30231685250766, 20.731596837073834], [-105.30260029946822, 20.73194461063655], [-105.30325509536657, 20.732314678751653], [-105.30349913244444, 20.732798927003202], [-105.3040386460432, 20.732950852571157], [-105.30462595420293, 20.732617195537827], [-105.30477761355941, 20.731393317658494], [-105.30453831878467, 20.731221830100267], [-105.30448000170205, 20.730993316723463], [-105.3045646757609, 20.730798059656856], [-105.30500416987759, 20.730538574275748], [-105.3050419550021, 20.730521360886073], [-105.30556300994304, 20.73034714612926], [-105.3057764295427, 20.730403474072354], [-105.30612969349073, 20.730812530671695], [-105.30602192339404, 20.731088780712184], [-105.30665743194842, 20.73158018076308], [-105.30716497191153, 20.73197262599411], [-105.30755902979436, 20.73227732140885], [-105.30785223495474, 20.73264454453749], [-105.30792074119317, 20.732919297371748], [-105.30808312630703, 20.73304610917945], [-105.30849884750063, 20.733312692889942], [-105.30916120862442, 20.733737430310985], [-105.30928131245727, 20.733814446027196], [-105.30928131245615, 20.73381444547709], [-105.3097948391899, 20.734143739494215], [-105.31031633531241, 20.734478140881], [-105.31034185379042, 20.734541004997457], [-105.31034185422382, 20.734541004996675], [-105.31047433668311, 20.734867372288342], [-105.31084229385847, 20.735284166657376], [-105.31084229359686, 20.735284167262545], [-105.31084229386032, 20.73528416756096], [-105.31078653935359, 20.735413143232762], [-105.3106200001801, 20.735798395949374], [-105.31029591129621, 20.735930051864777], [-105.3103503703673, 20.736042298769885], [-105.3105772061844, 20.736160640010777], [-105.31099117658154, 20.73590148731671], [-105.31151336981041, 20.73599403976049], [-105.31180041496214, 20.736322011734035], [-105.31185746424303, 20.736523999076372], [-105.31201430478458, 20.73662131873924], [-105.31230035447568, 20.736660538291094], [-105.31246126055089, 20.736924087651996], [-105.31250011020269, 20.737256637528812], [-105.31272095572966, 20.737647491864305], [-105.31291231958734, 20.737913298546513], [-105.31318879392884, 20.738269644411503], [-105.31303449330012, 20.738377296178268], [-105.31275491695696, 20.738016898623528], [-105.31255614676415, 20.73774084143386], [-105.3123131831254, 20.737310842292256], [-105.31227469169627, 20.736981354865318], [-105.31218026915975, 20.73682669920268], [-105.31194425385259, 20.736794339984947], [-105.31169059735262, 20.736636945740187], [-105.31162550522103, 20.73640647662979], [-105.31140934529144, 20.736159497895112], [-105.3110324800601, 20.736092703802292], [-105.31058629068411, 20.736372024907745], [-105.31020187877076, 20.73617147624097], [-105.31003973468268, 20.735837273980998], [-105.31047166724568, 20.7356618079976], [-105.31062100077126, 20.735316357747692], [-105.3103048899229, 20.734958289313415], [-105.31024380998724, 20.73479768776533], [-105.31024382651249, 20.7348057969595], [-105.31016005676247, 20.734596599612328], [-105.30968699845208, 20.734292907383296], [-105.30928175592439, 20.73403274943039], [-105.30928175372982, 20.734031669124338], [-105.3090529762384, 20.73388451666177], [-105.30840185142979, 20.733454025457316], [-105.30796937705786, 20.73319214664986], [-105.30774844119861, 20.73301961065003], [-105.3076743120928, 20.732722301715835], [-105.30742472681754, 20.73240653079575], [-105.30701612477075, 20.732104468775233], [-105.30651950788074, 20.73171468277614], [-105.30579497579427, 20.731146004271594], [-105.30591172760309, 20.730846732260247], [-105.30562733933495, 20.730517428763488], [-105.30510628388859, 20.730691642814428], [-105.30466678951146, 20.73095112845509], [-105.30470913760122, 20.73111706797144], [-105.3049810913556, 20.731311959854878], [-105.30480585622998, 20.732726102060745], [-105.30406509474207, 20.733146938549638], [-105.30336216812059, 20.732948997172215], [-105.30310639382941, 20.732441457860002], [-105.30247003762668, 20.73208181032748], [-105.3021172925023, 20.731648619604606], [-105.30216276063202, 20.731271055008325], [-105.30235011537896, 20.731085788476662], [-105.30272525407057, 20.731023626397306], [-105.30292535787551, 20.731140946095106], [-105.30295110943663, 20.731427803933528], [-105.30303584608102, 20.73145979698205], [-105.30337842781087, 20.73117480293091], [-105.30351001390099, 20.731235362153765], [-105.30361905888564, 20.73116599319722], [-105.30345918812264, 20.73091670995556], [-105.30318686896496, 20.730785406881385], [-105.30311128588721, 20.73065299697207], [-105.3031893287116, 20.730438551085392], [-105.30344815899932, 20.73037111935399], [-105.30346609861697, 20.730263597390277], [-105.30318385747167, 20.730096329274954], [-105.30317927226425, 20.7299386177054], [-105.30370807216714, 20.729633655365422], [-105.3039399160359, 20.729689175101377], [-105.3038864869745, 20.7302069886356], [-105.3038708748521, 20.73035829419735], [-105.30405160313855, 20.730388609112506], [-105.30409481243788, 20.730253235544964], [-105.30422801540686, 20.72983590491315], [-105.30424982315614, 20.72959136110275], [-105.30383615999692, 20.729279264126824], [-105.303344634115, 20.729306812408463], [-105.30332860312954, 20.729506518245255], [-105.30321405765498, 20.729580723658085], [-105.30295982542961, 20.72949368107998], [-105.30256835842926, 20.72916988931993], [-105.3026105726993, 20.72894363537214], [-105.30290991178781, 20.728788162993617], [-105.30315891622236, 20.72882033389928], [-105.30336556192889, 20.72867964852876], [-105.30309874878154, 20.728221826363242], [-105.30268761855652, 20.727646780893686], [-105.30232847904189, 20.727701334550932], [-105.30222746562067, 20.72791749751232], [-105.30193569259313, 20.72817592787398], [-105.30168700244707, 20.728284790552657], [-105.30088490328552, 20.72798233410304], [-105.30085345194591, 20.72785242206731], [-105.30107619201264, 20.7278006953473], [-105.30110455700249, 20.72786764738377], [-105.30123696061433, 20.727892319326013], [-105.30136709342169, 20.727605702270207], [-105.30140991389935, 20.727507436585213], [-105.3016157924472, 20.72763076566855], [-105.30180261239317, 20.7273810741784], [-105.30134147916662, 20.727056265830633], [-105.30117757197978, 20.727142073419202], [-105.30115385059969, 20.72727752787474], [-105.30129343885189, 20.72745561580305], [-105.30126290343031, 20.72753879810767], [-105.3010659175474, 20.72755170088515], [-105.3009533144, 20.727537420635738], [-105.30092378971189, 20.727603375184664], [-105.3009645965905, 20.727623309170603], [-105.3009011471424, 20.727763394361375], [-105.30078186650661, 20.72776308876474], [-105.30055296629203, 20.72753072543407], [-105.30044065749526, 20.7272128309899], [-105.30040066593686, 20.72696778279011], [-105.30022214440704, 20.726867635649526], [-105.29975416645922, 20.72672257230707], [-105.29942614293402, 20.72662089017024], [-105.29924138696127, 20.726490307471792], [-105.29962442530308, 20.725799455161727], [-105.30003196891658, 20.72514820673947], [-105.30035478403263, 20.724822226699786], [-105.30087512607244, 20.72445700694], [-105.30101318431642, 20.724328923667148], [-105.3015540299889, 20.723757871009234], [-105.3017143228, 20.723315509509987], [-105.30207019627689, 20.72292912511763], [-105.30229061000004, 20.722618321563353], [-105.30219934755443, 20.72228081676472], [-105.30204868561638, 20.721905589386473], [-105.30204868608969, 20.721905589385642], [-105.30187849883228, 20.721481729926165], [-105.30184464741217, 20.72112902617639], [-105.30191357753313, 20.72023591856736], [-105.30227059123189, 20.719750359644085], [-105.30240655109286, 20.71943487811851], [-105.30265398043683, 20.718941493367115], [-105.30267364862816, 20.717750734277132], [-105.30261386544912, 20.717491206844585], [-105.30262021274086, 20.71726926884606], [-105.30250087808746, 20.716965715835773], [-105.30236651750923, 20.716753538877327], [-105.30229747265103, 20.71663165534493], [-105.30193045999353, 20.71602615272393], [-105.30163520583903, 20.71558121897224], [-105.3016352060087, 20.71558121897634], [-105.30159534838957, 20.715521155192775], [-105.30107714087107, 20.71535178789119], [-105.30078726384893, 20.71519249821449], [-105.30080698953894, 20.714649745883015], [-105.30071258693364, 20.71409108196464], [-105.30053655183208, 20.713715476027435], [-105.30034571209859, 20.71294826267424]]]}}, {"type": "Feature", "properties": {"id": "playa-libre-45", "kind": "playa_libre", "area_m2": 6418.2, "ancho_efectivo_m": 5.0}, "geometry": {"type": "Polygon", "coordinates": [[[-105.29980701027507, 20.71244262424071], [-105.30002237969806, 20.713184258387283], [-105.30009963858105, 20.713449818610297], [-105.30006908656837, 20.71352207107133], [-105.30020483644992, 20.713874168690538], [-105.30014971647265, 20.713940688280136], [-105.30021844741944, 20.71403781142891], [-105.30041116178907, 20.71421459070658], [-105.30051624622682, 20.714581180841073], [-105.30039073992324, 20.714754678671547], [-105.30042195239825, 20.715017431164576], [-105.30042629489961, 20.7151663462298], [-105.30035416601848, 20.715432523803987], [-105.30007731840509, 20.715609457860683], [-105.30007626703345, 20.715610069613508], [-105.29965562677141, 20.71555015544443], [-105.29944977792549, 20.715452321884534], [-105.29929605363603, 20.71532551796501], [-105.29918492926541, 20.71500803300966], [-105.29906712558477, 20.71451025356598], [-105.2989829936063, 20.713775215238478], [-105.29890668490451, 20.713508457412036], [-105.29870287517927, 20.713190548321908], [-105.29867537937778, 20.713161836570873], [-105.29867537937803, 20.71316183669216], [-105.29842570812087, 20.712901123370283], [-105.2981715666561, 20.712685276838148], [-105.29783546158058, 20.712434292109265], [-105.2977132603361, 20.712263551307554], [-105.29771326033472, 20.712263550594887], [-105.29766618088989, 20.71219777032206], [-105.29762509157617, 20.71199002289279], [-105.29764079467823, 20.711781158037898], [-105.29771199945606, 20.711617995031585], [-105.29771199945517, 20.711617994577452], [-105.29779054290515, 20.711438015307262], [-105.29812740432189, 20.71116113021401], [-105.2986152698548, 20.710954293397993], [-105.29886997885153, 20.71092785982769], [-105.29911884390405, 20.71105161113111], [-105.29941428929999, 20.711449639602748], [-105.29964231690602, 20.711902656030254], [-105.29980701027507, 20.71244262424071]], [[-105.298459723023, 20.71286914885233], [-105.29874162188207, 20.71316351447963], [-105.29895129630408, 20.713490571183264], [-105.29903033492319, 20.713766875149823], [-105.29911458046747, 20.71450290177798], [-105.29923128225215, 20.714996027830153], [-105.29933756419427, 20.715299674629435], [-105.2994768594226, 20.715414576283596], [-105.29967041541772, 20.71550656784379], [-105.3000644820948, 20.71556269709503], [-105.30031218685225, 20.715404716003587], [-105.30037810953054, 20.71516128258247], [-105.30037400700152, 20.715020565328434], [-105.30034104458558, 20.714743081108764], [-105.30046414216223, 20.714572912712587], [-105.30036817588848, 20.71423813453701], [-105.30016179216156, 20.714045044925815], [-105.30015169502002, 20.71402660950288], [-105.30010918184291, 20.713964909076402], [-105.3001045861856, 20.713925256001076], [-105.30015064229589, 20.713866091150432], [-105.30001772086239, 20.713521330192073], [-105.30004908160232, 20.71344716434308], [-105.29997606462857, 20.71319618690503], [-105.29997605495916, 20.713196153489207], [-105.29976172968286, 20.712457951995464], [-105.29959724330568, 20.71191866197401], [-105.29937261624555, 20.71147240201154], [-105.29908613162699, 20.711086445174644], [-105.29886058257733, 20.710974287931553], [-105.29867113143587, 20.71099394947367], [-105.29867113143646, 20.71099394978051], [-105.29862807710059, 20.710998417691624], [-105.2981535723091, 20.711199590321513], [-105.29783052836872, 20.711465140474722], [-105.29771223067159, 20.71173637660203], [-105.29771223067148, 20.711736376541023], [-105.29768814715861, 20.711791595724545], [-105.2976734232297, 20.711987441829656], [-105.29771156787982, 20.71218030053018], [-105.2978711368756, 20.71240325365932], [-105.29820261103458, 20.712650780184607], [-105.298459723023, 20.71286914885233]]]}}, {"type": "Feature", "properties": {"id": "playa-libre-46", "kind": "playa_libre", "area_m2": 28333.8, "ancho_efectivo_m": 8.4}, "geometry": {"type": "Polygon", "coordinates": [[[-105.29896733024837, 20.715602401996122], [-105.29908689270322, 20.715727661693982], [-105.29966486255876, 20.715989136450425], [-105.29974489632453, 20.715969767011508], [-105.29976713266677, 20.715930045529316], [-105.2998921346508, 20.715944020437615], [-105.29985999503255, 20.716004319369567], [-105.29988410328167, 20.716012988843097], [-105.29992399236315, 20.715932270735017], [-105.30004511265521, 20.715928765205042], [-105.2999945893064, 20.716028987692795], [-105.30002290997254, 20.716040181652545], [-105.30009285173458, 20.715910934672], [-105.30020245956526, 20.715892628490494], [-105.30021083286383, 20.71587445453174], [-105.30034965926826, 20.715857597253375], [-105.30049265000314, 20.71579941614961], [-105.30059614736365, 20.715688886898498], [-105.30087185976438, 20.715721826176868], [-105.30121514025993, 20.715806473751677], [-105.30123396507398, 20.715815784239393], [-105.301234869986, 20.71581601904231], [-105.30153089212824, 20.715962639749137], [-105.30156208539347, 20.71599858485526], [-105.30156208539373, 20.71599858498134], [-105.30173405386365, 20.71619675063073], [-105.30192038188135, 20.71648430442164], [-105.30192038188109, 20.71648430442164], [-105.30200171017297, 20.716609815240133], [-105.3021111931941, 20.716883507962404], [-105.3021509408273, 20.71739501923588], [-105.30212774519829, 20.717795949965204], [-105.30209538610102, 20.71807324113302], [-105.3021077450814, 20.718443146279554], [-105.30207550870598, 20.718707815933275], [-105.30212395685669, 20.719170302285427], [-105.30203451379106, 20.719604474614513], [-105.30176142190174, 20.719957586661213], [-105.30154746440269, 20.72067627549434], [-105.30141778893959, 20.720768648409884], [-105.30061041199977, 20.720412987118298], [-105.3006429117247, 20.72022775868568], [-105.30138428937951, 20.720554346915993], [-105.3015857778867, 20.719877544111835], [-105.30185406975697, 20.719530639348363], [-105.30193005498798, 20.71916179460736], [-105.30188234749032, 20.718706374737398], [-105.30191532132952, 20.718435657934936], [-105.30190297711637, 20.71806618375352], [-105.30193623746862, 20.71778116628762], [-105.30210304882424, 20.717398313728836], [-105.30206383573353, 20.716893306415013], [-105.30195835263285, 20.716629708729528], [-105.30186420057578, 20.716484402944737], [-105.30186420050553, 20.716484402944857], [-105.30169477317831, 20.716222923151356], [-105.3015622271216, 20.71607020625241], [-105.30156265213195, 20.7162849806625], [-105.30140686757937, 20.71610546349182], [-105.30114520332309, 20.71597604818726], [-105.30083526010661, 20.71589962177846], [-105.30067296058616, 20.715880231551825], [-105.30063677186672, 20.715918879658428], [-105.30056889142203, 20.71596528615804], [-105.30042590056239, 20.716023467325563], [-105.30037424488049, 20.716036827518636], [-105.30026812913195, 20.71606206544827], [-105.30022061392698, 20.716073137723928], [-105.30019407719506, 20.716122176402795], [-105.30008896694498, 20.7162098746203], [-105.29994851823174, 20.716206793290826], [-105.29983458121345, 20.716186782179253], [-105.2997536990096, 20.71615423582773], [-105.29964857665846, 20.716169008127565], [-105.2995816275617, 20.716152003509052], [-105.29896939112795, 20.71587502644504], [-105.29879431602198, 20.71569160886371], [-105.29876333979986, 20.715586226836336], [-105.29891265650905, 20.715585967643523], [-105.29879691179073, 20.715193382618832], [-105.2987248734243, 20.714763940302284], [-105.29870688718695, 20.714655966816927], [-105.29870003409975, 20.71411114633745], [-105.29867708495286, 20.714032178168246], [-105.29867708495335, 20.714032178420712], [-105.29855095741678, 20.713598170900752], [-105.29822702034697, 20.713159174850794], [-105.29794594068048, 20.712922275017224], [-105.29771416541956, 20.712726928510293], [-105.29771416541841, 20.71272692791963], [-105.29765189005846, 20.712674440250108], [-105.29725037088217, 20.71242933593507], [-105.29707265060061, 20.712101210823956], [-105.29702848170744, 20.711900080093965], [-105.29705599821611, 20.71167654777156], [-105.2973557273152, 20.71132768260195], [-105.2978990364999, 20.71105990636418], [-105.29804568489202, 20.710923300537846], [-105.29833923951291, 20.710712064134395], [-105.29848650306873, 20.71050352056963], [-105.29854573260694, 20.7103996139112], [-105.2985586379429, 20.71027712850447], [-105.2985456451226, 20.710165089179537], [-105.29854564495317, 20.710165089179824], [-105.29850451021258, 20.709810374605123], [-105.2984272981971, 20.70926170810418], [-105.29842729850148, 20.709261708103654], [-105.29841304633678, 20.709160431745154], [-105.29837265717477, 20.708844350439875], [-105.29803531771518, 20.708331566540327], [-105.29786721839653, 20.70796068848262], [-105.2976852538305, 20.707800868634283], [-105.29743939654895, 20.707801293455518], [-105.29712561090726, 20.70805138133345], [-105.2966715958978, 20.708148783692963], [-105.29666955883765, 20.708149177551697], [-105.29610977804082, 20.708245689861904], [-105.29610654643209, 20.708246139983235], [-105.29578481402376, 20.708280544763706], [-105.29578481402396, 20.708280544865882], [-105.2957161106242, 20.708287891551425], [-105.29570156725305, 20.708287358108628], [-105.29547605985618, 20.708246301288987], [-105.29544472377908, 20.708226278263805], [-105.2954276271309, 20.70817829461902], [-105.29534414599865, 20.708024949176252], [-105.29510989574236, 20.707446838461284], [-105.2950935424853, 20.707453381344184], [-105.29506981765226, 20.70739834838891], [-105.29505828545996, 20.707402520128735], [-105.29492446270027, 20.707087751810544], [-105.2947496779755, 20.7066274928839], [-105.29469401569334, 20.706480916127287], [-105.2946034754898, 20.706244324964224], [-105.29450202561661, 20.706072987756496], [-105.2943890138073, 20.705790275153458], [-105.29423695279033, 20.70540987643638], [-105.29407654342211, 20.70508815268199], [-105.29393829019426, 20.704755521699237], [-105.29377520629495, 20.704295994319637], [-105.2938663533789, 20.704104315412817], [-105.2940685437158, 20.70399847471648], [-105.29460340188491, 20.703810991640424], [-105.29510440651204, 20.703621258061776], [-105.29571211148257, 20.703391113084272], [-105.2957752700006, 20.703360594415248], [-105.2957752700007, 20.70336059446354], [-105.29582592458935, 20.703336117800127], [-105.2958667004839, 20.703271526224366], [-105.2957273653849, 20.702946660302764], [-105.2956544468743, 20.70285946824707], [-105.29547887440098, 20.70250811781025], [-105.29504602159248, 20.70202534125612], [-105.29490363540079, 20.702074772767798], [-105.29482529571943, 20.702092764469402], [-105.29443271560847, 20.701898279197106], [-105.2942659168222, 20.70149088009258], [-105.29406106234201, 20.701613709391406], [-105.2938513074655, 20.701618580774316], [-105.29385156868625, 20.701754153665426], [-105.29380770350839, 20.701755171837345], [-105.29380414963906, 20.70161967594049], [-105.29380414963356, 20.70161967594062], [-105.29380296500982, 20.70157451034], [-105.29404651001947, 20.701568853954353], [-105.29428956636747, 20.701422936907726], [-105.29447191894573, 20.701868597107293], [-105.29483954325478, 20.702048867307138], [-105.29506100170534, 20.701971984069864], [-105.29551964130397, 20.702483521805174], [-105.29569556764392, 20.702835580005566], [-105.29576933030764, 20.70292378170837], [-105.29577678977202, 20.70294117379365], [-105.29577679004122, 20.702941173793192], [-105.29592012474906, 20.703275365049475], [-105.29586014996947, 20.703370369117305], [-105.29573208489926, 20.703432250735123], [-105.29512300468653, 20.70366291589524], [-105.29481577651227, 20.703779265646475], [-105.29481577651212, 20.703779265565892], [-105.29463767603684, 20.703846713253117], [-105.29463767591612, 20.703846713253327], [-105.29462074958377, 20.703853123339712], [-105.29408871076534, 20.704039617649727], [-105.2939076552496, 20.70413221547661], [-105.29382667480523, 20.704298379640427], [-105.2939834489501, 20.704740129725995], [-105.29412068536561, 20.70507031097721], [-105.29428122784647, 20.705392301924643], [-105.29443377823128, 20.705773443417836], [-105.29454571026324, 20.706053935917982], [-105.29464732588991, 20.7062255538319], [-105.29473921259854, 20.70646566213793], [-105.29479494972539, 20.706610698136245], [-105.29496937694901, 20.707071755496017], [-105.29508527239034, 20.70734435519368], [-105.29509659249439, 20.70734026062037], [-105.29511968547429, 20.707393827230362], [-105.29513699638836, 20.70738690048664], [-105.29538807820137, 20.70800654908861], [-105.29546531610289, 20.708148426058315], [-105.29550735368757, 20.708178135236224], [-105.29548518156484, 20.708201944837718], [-105.29571068889824, 20.70824300164638], [-105.29610112363267, 20.708201250093307], [-105.29666090427436, 20.708104738716234], [-105.29710299458486, 20.708009732488254], [-105.29742163166374, 20.707756144813786], [-105.29770414456178, 20.707755656654598], [-105.2979074044968, 20.7079341800288], [-105.29807805979159, 20.70831069652049], [-105.2984190903405, 20.70882909063259], [-105.29846101985349, 20.70915393765806], [-105.29847609948769, 20.709261623522632], [-105.29847609962263, 20.709261623522398], [-105.29855218351202, 20.709804948146758], [-105.29859396073417, 20.710165005403624], [-105.29859396034395, 20.710165005404303], [-105.29860692825235, 20.710276770078224], [-105.29859472401928, 20.710405634494148], [-105.29859302790152, 20.710408698373442], [-105.29859257383984, 20.710413007871306], [-105.29852773408254, 20.71052677607159], [-105.29852739936089, 20.71052725013349], [-105.29850411311637, 20.710569314484843], [-105.29837483074613, 20.710743330698712], [-105.2980748556035, 20.710959187469708], [-105.29792779696633, 20.711096690387674], [-105.29771118900524, 20.711203040331334], [-105.29771118900518, 20.711203040305296], [-105.2973861867845, 20.7113626087192], [-105.29710369670515, 20.7116817460307], [-105.29707705664478, 20.7118981611073], [-105.2971173320323, 20.712085846857377], [-105.29729310898014, 20.712408738996707], [-105.29768164844799, 20.712638867030766], [-105.29771404677362, 20.712666185859042], [-105.29771404677223, 20.712666185149576], [-105.29797616389115, 20.712887206951965], [-105.29826326993579, 20.713129071441465], [-105.29859503052505, 20.713578530933546], [-105.29867674698211, 20.713859717917096], [-105.29867674698393, 20.713859718845395], [-105.29874801067847, 20.714104937685708], [-105.29875457696508, 20.71465180979908], [-105.29877177675843, 20.71475442999525], [-105.29884369936914, 20.715183547201413], [-105.29896733024837, 20.715602401996122]]]}}, {"type": "Feature", "properties": {"id": "playa-libre-47", "kind": "playa_libre", "area_m2": 22069.1, "ancho_efectivo_m": 19.5}, "geometry": {"type": "Polygon", "coordinates": [[[-105.2991092442807, 20.72600497170883], [-105.2987797530211, 20.72630808767605], [-105.29776118642195, 20.726456103729607], [-105.29715977246428, 20.726660666714864], [-105.29650317612021, 20.726883997083526], [-105.29606629379498, 20.72682222667433], [-105.29582019167528, 20.72650521613054], [-105.29581959161521, 20.72619626169343], [-105.29617470469971, 20.726654808296843], [-105.29648361654007, 20.726698485117566], [-105.29710303093675, 20.72648780234471], [-105.2977134233057, 20.726280184368687], [-105.29868952034987, 20.726138340618792], [-105.29895589166843, 20.72589329130034], [-105.29928217630999, 20.725358287350204], [-105.29986863845609, 20.72477159094872], [-105.30025601425166, 20.724384056634886], [-105.30096207654442, 20.723736758547087], [-105.30107878331808, 20.723489424026056], [-105.30124854975465, 20.723023661591125], [-105.30144300009096, 20.722810235979782], [-105.30144299986951, 20.722810235980166], [-105.3015741615334, 20.72266627479629], [-105.30156588161883, 20.722628382120224], [-105.30141493014536, 20.721906700427102], [-105.30141493038602, 20.721906700426675], [-105.30136402865114, 20.721663343039992], [-105.30119213635366, 20.721119453640593], [-105.30112306127117, 20.721089247483548], [-105.30083083961372, 20.72093736256389], [-105.30061121525708, 20.720820094106173], [-105.30061080483837, 20.72061208685977], [-105.30092372280177, 20.720779180365874], [-105.30121008834917, 20.720928021264275], [-105.30135158452012, 20.72098989594985], [-105.30155073941576, 20.721620046042773], [-105.30161062623112, 20.721906357600126], [-105.30161062643562, 20.721906357599767], [-105.30175419528315, 20.72259273906313], [-105.30178126824269, 20.72271663991667], [-105.30141832066894, 20.723115006802335], [-105.30125775654804, 20.72355552249456], [-105.301122622589, 20.723841911579203], [-105.30039594407756, 20.72450786104848], [-105.3000050711322, 20.72490014829741], [-105.2994375083525, 20.725466684021946], [-105.2991092442807, 20.72600497170883]]]}}, {"type": "Feature", "properties": {"id": "playa-libre-48", "kind": "playa_libre", "area_m2": 3151.4, "ancho_efectivo_m": 17.1}, "geometry": {"type": "Polygon", "coordinates": [[[-105.30097001629356, 20.728613229427893], [-105.30097410888412, 20.72908952492204], [-105.30085598778922, 20.729488044890598], [-105.30062881007115, 20.729735032755674], [-105.30062826602642, 20.729459446909384], [-105.3006825292652, 20.72940045196692], [-105.30078180428973, 20.72906551773572], [-105.30077819640412, 20.728645648401912], [-105.300642621451, 20.728293406206838], [-105.30062596251169, 20.72829255160754], [-105.30082360126376, 20.728232826260278], [-105.30097001629356, 20.728613229427893]]]}}, {"type": "Feature", "properties": {"id": "playa-libre-49", "kind": "playa_libre", "area_m2": 60946.5, "ancho_efectivo_m": 19.8}, "geometry": {"type": "Polygon", "coordinates": [[[-105.300839632475, 20.7312472384176], [-105.30063156570577, 20.731130830163607], [-105.30063115013041, 20.73092033831956], [-105.30091651097155, 20.731079991566418], [-105.30095908858331, 20.73103214159726], [-105.30095908847969, 20.731032141001418], [-105.30109585613931, 20.73087843793179], [-105.3006927687884, 20.730615016270143], [-105.3006567473259, 20.730427814165807], [-105.30079771636879, 20.730350705310144], [-105.30094773831493, 20.730344853397163], [-105.30154826694037, 20.730543643972982], [-105.30159700234408, 20.730399616739042], [-105.30125792957588, 20.73020595830364], [-105.30107629827418, 20.730002241558868], [-105.30124336834142, 20.729603662879317], [-105.30160629552677, 20.729091543437296], [-105.30175351993732, 20.72917373734712], [-105.30196231897797, 20.72959401737988], [-105.30256800678359, 20.730147759254585], [-105.30266515981333, 20.730448050777788], [-105.30251856945578, 20.730685882449112], [-105.30190441003597, 20.73110481270202], [-105.30194229814802, 20.731690495274158], [-105.30198907117868, 20.731848132811038], [-105.30229403000921, 20.7323208094246], [-105.30256968356483, 20.73254562890421], [-105.30283514461966, 20.73292659968164], [-105.30270569476417, 20.733330003751117], [-105.30268947358873, 20.733624510145724], [-105.30314136015704, 20.733728461469905], [-105.30321511687036, 20.73384296007698], [-105.30313563586593, 20.734018996209905], [-105.30239468617697, 20.734279020574625], [-105.301980978664, 20.734424203180545], [-105.30202591289319, 20.734555806216857], [-105.30202591347664, 20.73455580621583], [-105.3020427161131, 20.734605019299135], [-105.30242486329638, 20.73479021409742], [-105.30293116705535, 20.73465935634952], [-105.30331559917765, 20.735053134620145], [-105.303436404426, 20.735205902733583], [-105.3034358164742, 20.735456908349047], [-105.30343581570027, 20.73545690835041], [-105.30343577198278, 20.735475547542098], [-105.30318641270094, 20.73576118880351], [-105.30315331653419, 20.735926151969547], [-105.30326655482223, 20.736099342749544], [-105.30358859469649, 20.736041798349902], [-105.30378511053306, 20.735696036872497], [-105.3037916516059, 20.735065988379105], [-105.30422477609386, 20.734704272162617], [-105.3047044557402, 20.734668882816305], [-105.3050641360408, 20.734760479507493], [-105.3053470576732, 20.735140029141586], [-105.30524556470048, 20.735382169850666], [-105.30521659836047, 20.73565359978133], [-105.3051059485969, 20.735962966961758], [-105.3048382387816, 20.7363092979433], [-105.30463475587304, 20.73631370286528], [-105.30456040729511, 20.736587685238714], [-105.30464126954647, 20.737018030674992], [-105.30459253777767, 20.73724312901335], [-105.30471966416329, 20.737680337381562], [-105.30439789094612, 20.7379764772252], [-105.30407192711846, 20.73803915613019], [-105.3038747547254, 20.73792295322953], [-105.3038592684383, 20.737750304080777], [-105.30372085834725, 20.737754514361914], [-105.30374475042701, 20.738048681488998], [-105.30352671702758, 20.738092069700738], [-105.30349692147374, 20.738204222582855], [-105.30384172896353, 20.73844975703416], [-105.30413907077441, 20.73849794005516], [-105.30430722853487, 20.738425299978154], [-105.30470332190161, 20.738096355108922], [-105.30515833504222, 20.73810632638639], [-105.30561436246596, 20.73817271256006], [-105.30624102921233, 20.73806545408746], [-105.30640847550535, 20.738109648826626], [-105.30640847550247, 20.73810964738908], [-105.30685637721801, 20.738227863400233], [-105.3074775341361, 20.73797245884184], [-105.3074004551089, 20.737775949003453], [-105.30677427448869, 20.73771876507813], [-105.30640724414081, 20.737497931267022], [-105.306406811811, 20.737283153110024], [-105.30683884279989, 20.73754309552101], [-105.30742091240303, 20.737596252183764], [-105.30751811927148, 20.737630748891146], [-105.30758078965425, 20.737713666148228], [-105.30767128540172, 20.73794438052236], [-105.3076687276777, 20.738034264466982], [-105.30760187864854, 20.738118556370264], [-105.3073692078739, 20.73821422506727], [-105.30736920787618, 20.738214226190383], [-105.30687049379364, 20.73841928389612], [-105.30623181016557, 20.738250714905845], [-105.30561693862121, 20.738355954571567], [-105.3051413371706, 20.738286718902344], [-105.30477406049617, 20.73827867038625], [-105.3043873946947, 20.738589528881736], [-105.30416513198767, 20.738685541019457], [-105.30376305393044, 20.738620384917272], [-105.3033413057073, 20.738320062641723], [-105.3033111257563, 20.738250005057775], [-105.30330520592038, 20.738180522740326], [-105.30334996378981, 20.73801204938081], [-105.30340405836607, 20.737952277736944], [-105.30346885474482, 20.73791886910676], [-105.30354038703622, 20.737904634342335], [-105.30352931313173, 20.73776828152943], [-105.30357011919698, 20.737635514742013], [-105.30371464935978, 20.737573892764946], [-105.3038530592851, 20.73756968158719], [-105.30398980025365, 20.737614745626445], [-105.30405069164057, 20.73773510910097], [-105.30406159722477, 20.7378566894962], [-105.30430399014732, 20.73781008051871], [-105.30450455579647, 20.737625491338104], [-105.30440724203228, 20.737290808396725], [-105.30440429963404, 20.73720706411293], [-105.30444574052648, 20.737015643520127], [-105.30437123784989, 20.736619142182224], [-105.30437427447636, 20.736542985541114], [-105.30444862336974, 20.73626900324284], [-105.30450996842441, 20.73617833936966], [-105.30463033713848, 20.736133033836076], [-105.30473878061517, 20.736130686709334], [-105.30493326665557, 20.73587908542139], [-105.3050276217786, 20.7356152778895], [-105.30505708529606, 20.735339187326066], [-105.30513043783812, 20.73516418407531], [-105.30494679280567, 20.73491781796539], [-105.30468634118493, 20.734851490213966], [-105.30430408270047, 20.73487969269238], [-105.30398290998447, 20.735147914535712], [-105.30397720184243, 20.73569780107425], [-105.30395451704742, 20.735781245498877], [-105.30371586779235, 20.736201140136966], [-105.30333799419918, 20.736276538653833], [-105.30310292856703, 20.73619402215469], [-105.30295077124178, 20.73596130669638], [-105.30300676086875, 20.735682232186996], [-105.30324382323253, 20.73541067803566], [-105.30324416428365, 20.735265571905256], [-105.30316739770325, 20.735168494305423], [-105.30286899530525, 20.73486283803011], [-105.30240411808362, 20.7349829885079], [-105.30211814858293, 20.734846364074755], [-105.30188385374319, 20.734730673062124], [-105.30174199137842, 20.734315190451177], [-105.30232842463933, 20.734109393470682], [-105.30298576621205, 20.733878709639388], [-105.30248940538068, 20.733764527134472], [-105.302515060644, 20.7332987615446], [-105.30262533068047, 20.732955126355357], [-105.30242366978757, 20.732665717085574], [-105.30214544083341, 20.73243879564478], [-105.30181115020481, 20.731920654912617], [-105.30175179551381, 20.731720612524864], [-105.30170626292372, 20.731016750937314], [-105.3023728270695, 20.730562075686315], [-105.30245704759294, 20.730425434092606], [-105.30239864580868, 20.730244916667612], [-105.30180320000322, 20.72970053814759], [-105.30163933426059, 20.729370701103935], [-105.3014145569099, 20.729687880705804], [-105.30129693224495, 20.729968496828366], [-105.30138472488989, 20.73006696383193], [-105.30182589600105, 20.730318933738722], [-105.30167137510603, 20.730775586862062], [-105.30088005277835, 20.73051397991533], [-105.30086089422431, 20.730527598801658], [-105.3012037676294, 20.730728930915728], [-105.30128420532816, 20.730842927175352], [-105.30124549387972, 20.730991755579723], [-105.30104280347994, 20.7312195821584], [-105.30094731160551, 20.731258369294206], [-105.300839632475, 20.7312472384176]]]}}, {"type": "Feature", "properties": {"id": "playa-libre-50", "kind": "playa_libre", "area_m2": 36972.4, "ancho_efectivo_m": 19.8}, "geometry": {"type": "Polygon", "coordinates": [[[-105.3005369543772, 20.73584026899695], [-105.30054079035831, 20.735525826123478], [-105.30038184496497, 20.735445012558234], [-105.30009701529181, 20.7355163289449], [-105.29975509855794, 20.735415890910705], [-105.29943648922605, 20.73505728944228], [-105.29912846828357, 20.734909413303637], [-105.29912846809668, 20.73490941354173], [-105.29896661987898, 20.734831712023468], [-105.29866731164132, 20.73446608811728], [-105.2982265226925, 20.733878796058036], [-105.2979071208095, 20.733076794491463], [-105.2978162582433, 20.73283853218007], [-105.29789137781424, 20.732237022783732], [-105.29807045716142, 20.731424429514554], [-105.29804712212376, 20.730617122138447], [-105.29772447187106, 20.730058583574888], [-105.29787691036468, 20.72953183648266], [-105.29828661432154, 20.729385786997522], [-105.29864630299623, 20.72952372046517], [-105.29869236160457, 20.729442609800245], [-105.29819792180363, 20.729056100874697], [-105.29740740088033, 20.728784673372957], [-105.29720246136385, 20.72921197918385], [-105.29695255890641, 20.729257867269677], [-105.29678554975466, 20.72902453080397], [-105.29678554975501, 20.729024530989772], [-105.29656647393712, 20.728718448157142], [-105.29651879909278, 20.728112496273884], [-105.2959749081168, 20.727213786896222], [-105.29663050330612, 20.72718047142867], [-105.29678181181689, 20.72710639310046], [-105.29678220841858, 20.72730992120963], [-105.29668233580067, 20.727358817418818], [-105.29629561550867, 20.727378469861208], [-105.29670716857787, 20.72805850407279], [-105.29675427983682, 20.728657286930247], [-105.29704076059507, 20.729057544904393], [-105.29706820468836, 20.72905250522128], [-105.29730567630784, 20.728557369107925], [-105.29829506867088, 20.728897080573297], [-105.29893559738268, 20.729397787966796], [-105.29873414485346, 20.729752558781247], [-105.29828404889535, 20.72957995632088], [-105.29803653609872, 20.729668189214717], [-105.29792943042843, 20.7300349208443], [-105.29821590251696, 20.730530830162735], [-105.2982391459345, 20.730612210025953], [-105.29826308983304, 20.731440530962544], [-105.29808118207528, 20.732265964729855], [-105.29801230841926, 20.73281746085809], [-105.29808747987876, 20.733014576648827], [-105.29839772529472, 20.73379358490487], [-105.2988219392063, 20.734358792821077], [-105.29898756358781, 20.73456111378659], [-105.29898756429571, 20.73456111378536], [-105.29909244221983, 20.734689229497327], [-105.29924413787843, 20.73476205565548], [-105.29924413754348, 20.734762056082193], [-105.29955873678291, 20.734913089670126], [-105.29986627094561, 20.7352592263156], [-105.30010126745863, 20.735328255996798], [-105.3004061114707, 20.735251928620986], [-105.30073420997444, 20.73541874597421], [-105.30072835493948, 20.735898754151364], [-105.30053850853022, 20.736150699567578], [-105.30040271727277, 20.736527810519835], [-105.29998869532035, 20.73655260542881], [-105.29915747544848, 20.73559333515221], [-105.29909176645289, 20.735568487919807], [-105.29897105049294, 20.735693405840433], [-105.29871960379451, 20.735714684457758], [-105.29871960379413, 20.735714684730283], [-105.2983458702072, 20.735746310884647], [-105.29832865963289, 20.735566321596874], [-105.29887927025638, 20.73551972671116], [-105.2990394757941, 20.73535394431796], [-105.29927507919038, 20.735443036338484], [-105.30007513922183, 20.736366346303967], [-105.30026209494262, 20.73635514995544], [-105.30035302899621, 20.736102792057338], [-105.30036508268353, 20.736068360749417], [-105.3005369543772, 20.73584026899695]]]}}, {"type": "Feature", "properties": {"id": "playa-libre-51", "kind": "playa_libre", "area_m2": 25492.6, "ancho_efectivo_m": 19.8}, "geometry": {"type": "Polygon", "coordinates": [[[-105.30794333994555, 20.73646571000285], [-105.30775914127095, 20.736352830670366], [-105.30748561124018, 20.736258290930937], [-105.30749214678588, 20.736090550771657], [-105.30780920675485, 20.73600598845388], [-105.30786879297887, 20.73586358377923], [-105.30781901548609, 20.735662084418294], [-105.30830570417415, 20.73552572147592], [-105.30868116856345, 20.735913299616307], [-105.30877198358218, 20.735822861473224], [-105.30868319984957, 20.735454669840546], [-105.30850477220594, 20.735116941488865], [-105.30846849944685, 20.734993516566785], [-105.30856060691156, 20.734826318647904], [-105.30872090119048, 20.73489794722031], [-105.30881455184388, 20.734552233644546], [-105.30915408899504, 20.73466051727919], [-105.30926493409748, 20.734927015055302], [-105.3091148408206, 20.735409228831237], [-105.30936730904709, 20.735874193313325], [-105.30966036099076, 20.736208665715086], [-105.31005759050872, 20.73680543608703], [-105.31052914614031, 20.736875862750644], [-105.31085903882433, 20.73677455989195], [-105.31114558507082, 20.73675783695762], [-105.31112518396102, 20.73696282084555], [-105.31097293532292, 20.73721506286821], [-105.31067970780819, 20.737433208854473], [-105.31023987228647, 20.73761015253083], [-105.30991063093647, 20.737615414865317], [-105.30986117272252, 20.73743743314078], [-105.30990736710417, 20.737434725010598], [-105.31019895991622, 20.737430063699918], [-105.3105806306695, 20.737276520424782], [-105.31082438505355, 20.73709518018545], [-105.31091042877686, 20.73695262458521], [-105.31054474831585, 20.737061172929693], [-105.31002746925743, 20.736983917230067], [-105.30989477425709, 20.7369013457062], [-105.30950417655797, 20.736314536774564], [-105.30920293921538, 20.735967726846035], [-105.30892549712766, 20.735455843256076], [-105.30893048140065, 20.73535844523931], [-105.30906215099976, 20.734935425904787], [-105.30900776521264, 20.734804671245637], [-105.308949446237, 20.734786071827052], [-105.30890705131455, 20.73494257533465], [-105.30882646033872, 20.735056147702355], [-105.30869796356319, 20.73507657341765], [-105.30885522531983, 20.735374238561853], [-105.30897475164345, 20.735882642569273], [-105.30879737853736, 20.73606015185603], [-105.30867719184029, 20.736098879171788], [-105.30856492216458, 20.7360615954656], [-105.3082449535711, 20.735731304192786], [-105.3080470343979, 20.735786758316635], [-105.30806943924578, 20.73587745056471], [-105.30796100219553, 20.736133066827797], [-105.3078616044421, 20.736179851555303], [-105.30786399552377, 20.736201409473676], [-105.30801819859542, 20.736295906610568], [-105.30819147534261, 20.7363304627962], [-105.30828354188381, 20.736375870922732], [-105.30848527222275, 20.736555112608322], [-105.30855063006305, 20.73685263373887], [-105.30854454644492, 20.73696223478057], [-105.30847391076567, 20.737036428145977], [-105.30818947088542, 20.737228623149683], [-105.30810312219876, 20.737241307821524], [-105.3074799406418, 20.737230866116747], [-105.30708196816177, 20.737073206106846], [-105.30675397722301, 20.737181325832317], [-105.30662990458153, 20.737182283473775], [-105.30640646826572, 20.737112480476004], [-105.30640608473082, 20.73692193902598], [-105.30669044899113, 20.73701077761627], [-105.30708830124918, 20.736879627480267], [-105.30752037765237, 20.737050799233725], [-105.3081065428303, 20.737060620385506], [-105.30836250312173, 20.736889206570456], [-105.3083093878443, 20.73664741628827], [-105.30815163683066, 20.736507250570806], [-105.30794333994555, 20.73646571000285]]]}}, {"type": "Feature", "properties": {"id": "playa-libre-52", "kind": "playa_libre", "area_m2": 16610.8, "ancho_efectivo_m": 20.6}, "geometry": {"type": "Polygon", "coordinates": [[[-105.3115858726013, 20.73823557831718], [-105.31146792112742, 20.73844474989749], [-105.31158902114755, 20.738590286529675], [-105.31201925540527, 20.738786731507115], [-105.31222661031399, 20.738996326965612], [-105.31258903191808, 20.739084537799545], [-105.31280757902036, 20.73915573761426], [-105.31288038543896, 20.739158718026886], [-105.31298504804543, 20.739232374664915], [-105.3130726923988, 20.739190360321814], [-105.31309947536123, 20.739120130337962], [-105.31309036093111, 20.739037018268867], [-105.31259207576981, 20.738734667923325], [-105.31248054296388, 20.738678272903883], [-105.3122691900885, 20.738481609843042], [-105.31234765001187, 20.738348006461358], [-105.31231147705043, 20.7380944266384], [-105.31218414682728, 20.737940934028043], [-105.31235353506675, 20.737773174618066], [-105.31254335030242, 20.73783980334366], [-105.31279721416665, 20.738183172121623], [-105.31296419738749, 20.738409025986975], [-105.31298629180061, 20.738436815214722], [-105.3128304169074, 20.73854089690001], [-105.31280648702908, 20.738512212829715], [-105.31264003560622, 20.73828707619394], [-105.31250714336404, 20.73810733041638], [-105.31254648879799, 20.738383138879847], [-105.31250763605622, 20.738449296583497], [-105.31259592121877, 20.738531445275516], [-105.31268977155854, 20.738578899796703], [-105.31327198916682, 20.738932177422864], [-105.31329504912954, 20.739142469480278], [-105.31322779000197, 20.73931883839951], [-105.31296572320669, 20.739444464307972], [-105.31281279131396, 20.739336837636984], [-105.3127712113393, 20.73933513590886], [-105.31253344922455, 20.739257676615043], [-105.3121241925517, 20.739158066138284], [-105.31190308122387, 20.738934564979356], [-105.31146514761653, 20.73873460517109], [-105.3112642487209, 20.73848879144658], [-105.3113819527578, 20.73821156804531], [-105.311339188381, 20.738046250115197], [-105.31123555327565, 20.738106503314757], [-105.31074797991032, 20.738389979388774], [-105.31062471685016, 20.738402618166297], [-105.3105220668953, 20.738349019577672], [-105.31027917415591, 20.738035835271667], [-105.30986724907396, 20.738026351109326], [-105.30987194996088, 20.73784568938174], [-105.31037854778553, 20.737857352947408], [-105.31066450636226, 20.738226065806945], [-105.31113455821622, 20.73795277793034], [-105.31104839414498, 20.737693942632923], [-105.31108127527978, 20.737577711373703], [-105.3112062202219, 20.73749495484449], [-105.3113836017088, 20.737601506848847], [-105.31149374824167, 20.737879440939988], [-105.3115858726013, 20.73823557831718]]]}}, {"type": "Feature", "properties": {"id": "playa-libre-53", "kind": "playa_libre", "area_m2": 29536.0, "ancho_efectivo_m": 19.7}, "geometry": {"type": "Polygon", "coordinates": [[[-105.34169503738228, 20.756391932869267], [-105.34231551333704, 20.75681845044721], [-105.34265251689075, 20.75706916887563], [-105.34265251730831, 20.7570691688748], [-105.34292064903532, 20.757268648395222], [-105.34352598603706, 20.757645211156362], [-105.34405579939833, 20.75798152395981], [-105.34452347443035, 20.75830243709561], [-105.3450361568152, 20.75855518752299], [-105.34586374840124, 20.759011077831403], [-105.34670830809769, 20.759429459372246], [-105.34763922086191, 20.759772607250675], [-105.34839681510861, 20.760041159654012], [-105.34872181085217, 20.760126945131365], [-105.34872181085152, 20.76012694485001], [-105.3491369905247, 20.76023653440758], [-105.3500702597998, 20.760450897157654], [-105.3505923000014, 20.760584943962733], [-105.3506208040973, 20.760812119253643], [-105.35039942363699, 20.76155992141407], [-105.35021433185759, 20.761511445013387], [-105.35042556022078, 20.760797941890292], [-105.35042048597714, 20.760757499981736], [-105.35041668103915, 20.76072717826201], [-105.35002216184353, 20.760625874409044], [-105.34908823027304, 20.760411360055127], [-105.34872224162582, 20.7603147552824], [-105.34872224162557, 20.760314755169382], [-105.3483368671608, 20.760213032301387], [-105.34757028754173, 20.759941294638256], [-105.34662824208117, 20.75959404312218], [-105.34577421628148, 20.759170971705537], [-105.34494265404241, 20.758713106501038], [-105.34441024139329, 20.7584484319703], [-105.3439454082967, 20.758129468190027], [-105.34391587024238, 20.758110718218056], [-105.34391587024594, 20.758110718417775], [-105.34341925418553, 20.75779547807178], [-105.34280786111205, 20.757415147356618], [-105.34234363887907, 20.757069784385777], [-105.34234363941866, 20.7570697843847], [-105.34219919658563, 20.756962323924178], [-105.34157793045738, 20.756535263552646], [-105.34094936055033, 20.756057766763316], [-105.34052798729364, 20.755680397529158], [-105.34004093432446, 20.755266569458378], [-105.33988909253326, 20.75531115417113], [-105.33908964728668, 20.755649991199853], [-105.33901071874087, 20.75548523021728], [-105.33982075379004, 20.75514190442485], [-105.34008835171801, 20.755063330370966], [-105.3406586434917, 20.755547881826512], [-105.34107616836496, 20.755921805809653], [-105.34169503738228, 20.756391932869267]]]}}, {"type": "Feature", "properties": {"id": "playa-libre-54", "kind": "playa_libre", "area_m2": 13384.5, "ancho_efectivo_m": 19.4}, "geometry": {"type": "Polygon", "coordinates": [[[-105.29285431488398, 20.531850862782342], [-105.29271742934448, 20.531873661428452], [-105.2925896395157, 20.53192590305101], [-105.2924618495991, 20.53197814458013], [-105.29235386308042, 20.53202089278921], [-105.29227300399582, 20.532017426413383], [-105.29217821507461, 20.53198470576023], [-105.29190799660968, 20.531805842188653], [-105.29163769283943, 20.531619596778405], [-105.29129389318025, 20.531464935226424], [-105.29093802466521, 20.53120900269316], [-105.29078942063259, 20.531163315350447], [-105.29056699096382, 20.531176050396667], [-105.29025709563722, 20.53127388221923], [-105.29004961540456, 20.53136760431762], [-105.28988038645214, 20.53124362346818], [-105.2901848651762, 20.531106086118356], [-105.29053005778107, 20.530997110770528], [-105.29081422954887, 20.53098084035633], [-105.29102853237228, 20.5310467259699], [-105.29139450642593, 20.531309926210255], [-105.29173651055136, 20.531463780054743], [-105.29201978548504, 20.5316589618159], [-105.29226788978502, 20.5318231888452], [-105.29231125711631, 20.53183815896914], [-105.29231939587252, 20.531838507595957], [-105.29238649810674, 20.5318119441431], [-105.29251326520959, 20.531760120053285], [-105.29266178019307, 20.53169940564779], [-105.29282091357096, 20.53167290174889], [-105.29302698425845, 20.531638579926142], [-105.29324743779603, 20.531759454821998], [-105.29338309341861, 20.53184231547769], [-105.29344525383978, 20.531858676700043], [-105.29350250502532, 20.531849431716093], [-105.29385635170352, 20.531993489707457], [-105.29414224165694, 20.532158750580603], [-105.29414609390176, 20.53215974162638], [-105.29414609391586, 20.532159741753233], [-105.29422259850037, 20.53217942609258], [-105.29439618057832, 20.53216825932413], [-105.29469871937987, 20.532152956155443], [-105.29488743358647, 20.5321760070965], [-105.29513173278099, 20.532275792249596], [-105.29536452435865, 20.532450525379215], [-105.29543582632348, 20.532545127011705], [-105.29543162237687, 20.53267572495592], [-105.29540591481191, 20.532787096482924], [-105.29540361214819, 20.532799826776177], [-105.29543804818336, 20.532825060914313], [-105.29547924506068, 20.532859362946915], [-105.29535219150824, 20.532994771325207], [-105.29531550351933, 20.53296422419501], [-105.29527593890435, 20.532935231637325], [-105.29520464848417, 20.53288769418322], [-105.29519801132788, 20.532860582878662], [-105.29521752430587, 20.532752702613514], [-105.29524039990349, 20.532653599659508], [-105.29524211632035, 20.53260028585687], [-105.29522378091387, 20.532575959499724], [-105.29503207476803, 20.53243206409512], [-105.29483593579535, 20.53235195063791], [-105.29469146764109, 20.53233430391968], [-105.29440785900235, 20.532348649650565], [-105.29420332516658, 20.53236180717899], [-105.29416754164431, 20.532352600382936], [-105.29416754165855, 20.532352600510976], [-105.29415254242012, 20.532348741207542], [-105.29412385307725, 20.532341359674515], [-105.2941238530768, 20.532341359436497], [-105.29406525839029, 20.532326283000494], [-105.29376767859523, 20.53215426567518], [-105.29347872975963, 20.532036628439176], [-105.29343516249631, 20.532043663537674], [-105.29330327707528, 20.532008948760243], [-105.29314693932811, 20.53191345536798], [-105.2929912003815, 20.5318280640286], [-105.29285431488398, 20.531850862782342]]]}}, {"type": "Feature", "properties": {"id": "playa-libre-55", "kind": "playa_libre", "area_m2": 8192.0, "ancho_efectivo_m": 19.1}, "geometry": {"type": "Polygon", "coordinates": [[[-105.29190825049508, 20.53205194675658], [-105.29195823304413, 20.53214242824582], [-105.29195176960181, 20.532199988834105], [-105.29176863939594, 20.532401537135094], [-105.29155226698738, 20.532659042664843], [-105.29134748327202, 20.532925633179364], [-105.29134764230966, 20.53296200753466], [-105.29137088476898, 20.53299300641379], [-105.29128053893679, 20.533110962994467], [-105.291236034231, 20.53310388209647], [-105.29119873051457, 20.533127213477538], [-105.29096988578283, 20.533424655976987], [-105.29091598862827, 20.533521845997875], [-105.2909304696448, 20.533545366036012], [-105.29076451129455, 20.5336360301987], [-105.2906970163899, 20.533526398719964], [-105.29080632805636, 20.533329284651654], [-105.2910637330648, 20.53299471951057], [-105.29115568497768, 20.532937208813703], [-105.29115537934679, 20.53286744017022], [-105.2913992707775, 20.532549939210167], [-105.29162049756587, 20.532286656185], [-105.29174300054304, 20.532151833753865], [-105.29168478152754, 20.532096944604465], [-105.2915763628675, 20.532028219808808], [-105.29145376066508, 20.531969373500147], [-105.2910811182797, 20.531821282233288], [-105.29096644644211, 20.53178276874258], [-105.2907097812936, 20.531711855946803], [-105.29058500614958, 20.531679980757293], [-105.29039811379646, 20.531672201130466], [-105.29005889395533, 20.5317777704852], [-105.28999871474235, 20.53160617076405], [-105.29037138585609, 20.53149019201189], [-105.2906147069966, 20.531500319561385], [-105.29076188979737, 20.53153791855063], [-105.29102570369864, 20.531610808111918], [-105.29115067159394, 20.53165277864181], [-105.29153469865186, 20.53180539395391], [-105.29167381931062, 20.531872169572665], [-105.29180733272301, 20.53195680161882], [-105.29190825049508, 20.53205194675658]]]}}, {"type": "Feature", "properties": {"id": "playa-libre-56", "kind": "playa_libre", "area_m2": 59467.4, "ancho_efectivo_m": 9.3}, "geometry": {"type": "Polygon", "coordinates": [[[-105.2930728020559, 20.6872027361572], [-105.29346165046087, 20.688078887284668], [-105.29472473650418, 20.687701128137025], [-105.29544969861367, 20.687521147984043], [-105.29568113224138, 20.687414429417554], [-105.2957078088161, 20.687468566442842], [-105.29559653941791, 20.687522041946416], [-105.29449674688304, 20.68784810526413], [-105.29383336900483, 20.688089567764735], [-105.29386532122865, 20.688223909462742], [-105.29395238713653, 20.688465213445284], [-105.29408382239446, 20.688862302581537], [-105.29404898402005, 20.688874775528813], [-105.29399333716495, 20.68873785841127], [-105.2939068506112, 20.688729198648588], [-105.29371567613823, 20.68876345613545], [-105.29351035988626, 20.688911203841183], [-105.2934067738055, 20.689093830148167], [-105.29337702543211, 20.68921520112757], [-105.29340204816107, 20.689521123587483], [-105.29350284879204, 20.68978875030946], [-105.29349392613267, 20.689884944380363], [-105.29344383110606, 20.689933151203746], [-105.29291679654537, 20.689998985132], [-105.29288364038626, 20.68997607587732], [-105.29288114640008, 20.689948903784348], [-105.29281947995986, 20.68994927965418], [-105.29281702338581, 20.68920046091934], [-105.29281482999755, 20.688532223720216], [-105.2921991075779, 20.688548563814443], [-105.29216972177318, 20.688740399456393], [-105.29214257986847, 20.68877320327337], [-105.29206550703215, 20.68879049396265], [-105.29170906367003, 20.688785761975247], [-105.29165458212533, 20.688832431478232], [-105.29160849483613, 20.688833432031736], [-105.29157500040868, 20.68880310824], [-105.29122878335696, 20.6888391775836], [-105.29115612535222, 20.688925378031733], [-105.2910819084497, 20.68898116808909], [-105.29098079687839, 20.68899011901266], [-105.29092982559216, 20.68903125691575], [-105.29090022820264, 20.68902834762457], [-105.29085016423483, 20.688980282585018], [-105.29060410030422, 20.68899701288829], [-105.29059373238871, 20.689080460537973], [-105.29041295451341, 20.689132709884667], [-105.2900147993092, 20.6891414449099], [-105.28996738562306, 20.689181235617923], [-105.28994006539907, 20.68918162765863], [-105.2898988053954, 20.689150494338577], [-105.28956362699871, 20.689127510314382], [-105.28944513011932, 20.689113952234155], [-105.28909181192807, 20.688852949955017], [-105.28911458285508, 20.68881264421682], [-105.28893976752177, 20.68864418853937], [-105.2886397062964, 20.68821965300643], [-105.2884231210377, 20.68786715774074], [-105.28827455279057, 20.68763360894532], [-105.28830991434734, 20.687536582027747], [-105.2882393553909, 20.687461682267955], [-105.28801251629142, 20.687064435255333], [-105.28818590042663, 20.6868573120462], [-105.2883440941206, 20.686718996193523], [-105.28857407671183, 20.686694948989643], [-105.28875007968398, 20.686862205857345], [-105.2889025968739, 20.686867313070813], [-105.28916786836392, 20.68675584420416], [-105.28927883920372, 20.68657887889134], [-105.28918710271414, 20.68628586964038], [-105.28925199121308, 20.686098602121977], [-105.28892426355029, 20.685685806694224], [-105.28871484004944, 20.685589944333113], [-105.28848459877898, 20.685572758650896], [-105.28800382833595, 20.685488427373027], [-105.28769148197976, 20.685498564096143], [-105.28756254598693, 20.685577250577253], [-105.28752095095338, 20.68563152810443], [-105.28741734322612, 20.685870602714335], [-105.28733552760481, 20.685941274218532], [-105.28734611530848, 20.68607981838398], [-105.28729229026135, 20.686237760654436], [-105.28718305186321, 20.686346555952554], [-105.28679159021087, 20.686241198667947], [-105.28644215465224, 20.686376179645457], [-105.28635474626692, 20.68648019700885], [-105.28637098516855, 20.686613792825405], [-105.28678307537491, 20.68692045450416], [-105.28674529914333, 20.687372741209163], [-105.2869341477377, 20.687530424908896], [-105.28719840849456, 20.68758767620874], [-105.2873735106812, 20.687506252860697], [-105.28750292191502, 20.687678939727302], [-105.28760890904086, 20.687920826296736], [-105.28776082277079, 20.688244962118006], [-105.28789487756623, 20.688556544239656], [-105.28806537315381, 20.688812776526678], [-105.28806537315488, 20.688812777086454], [-105.28838113581496, 20.689287324807825], [-105.28862250265168, 20.689529783762957], [-105.28905348706724, 20.689729007564445], [-105.28921305046966, 20.689899868741715], [-105.28939872261105, 20.690301774242744], [-105.28939872290348, 20.69030177424225], [-105.28948884966086, 20.690496862197477], [-105.28943085156268, 20.691007322811508], [-105.2894534841162, 20.69120527102412], [-105.28945348381127, 20.691205271024632], [-105.2894714298834, 20.691362232186627], [-105.2897270950786, 20.691519384768622], [-105.28987193038415, 20.69150835234238], [-105.28994291464821, 20.691380668791748], [-105.29006693474459, 20.691204239502063], [-105.29006693453371, 20.691204239502415], [-105.29030742060154, 20.690862126205996], [-105.29087459098459, 20.6908270322035], [-105.29095002372651, 20.690918900560522], [-105.29095002372569, 20.690918900124476], [-105.29102145272205, 20.69100589268276], [-105.2910651293827, 20.691180495246158], [-105.29105258869392, 20.691202577543873], [-105.29105258831363, 20.691202577544516], [-105.29098624566448, 20.69131939347528], [-105.29023158643402, 20.69210936799643], [-105.28961161921909, 20.692496959060968], [-105.28924542490083, 20.69308043484626], [-105.28932268847197, 20.69336952754616], [-105.28940474605027, 20.693676938727783], [-105.2895106831999, 20.69386840192977], [-105.28956968770868, 20.69406391882605], [-105.28958936670902, 20.694251979422535], [-105.28963022157832, 20.69436288495802], [-105.28970686214566, 20.694722640890394], [-105.2896662368673, 20.69473274083185], [-105.28975920192704, 20.695267395834275], [-105.28978450771797, 20.69526045618463], [-105.28983220508455, 20.695466024508168], [-105.28980290292846, 20.695473597073715], [-105.28984650399116, 20.695627132824782], [-105.28983584923587, 20.695630286200114], [-105.28994634395838, 20.695922898102378], [-105.29000575047974, 20.695978598301085], [-105.29013288783976, 20.696263031686183], [-105.29024018464834, 20.696624616018486], [-105.29022748205105, 20.696832423822226], [-105.2903712158604, 20.697152687019926], [-105.29047912749138, 20.69731911408612], [-105.29073175411142, 20.6975282372315], [-105.29073175329718, 20.697528237232866], [-105.29073964554992, 20.697534770408808], [-105.2906917814367, 20.697591906433317], [-105.29080320213556, 20.697669463100215], [-105.29086567779869, 20.69758722329299], [-105.29104649341909, 20.697716702060745], [-105.29116090355299, 20.69795567038558], [-105.29177948717566, 20.698254043008074], [-105.29221823931142, 20.698248283519828], [-105.29227517572144, 20.698231258214882], [-105.29245586558802, 20.698204479154867], [-105.29323290747267, 20.69805489127606], [-105.29384431303811, 20.697988084582537], [-105.29384431303826, 20.697988084668822], [-105.29393450173427, 20.69797822980929], [-105.29402945818016, 20.698004755232777], [-105.29407714362502, 20.69802787164683], [-105.29413955319203, 20.698084505891146], [-105.29417329596113, 20.698375215564546], [-105.29417464629564, 20.6985580506076], [-105.29417663343794, 20.698827095854874], [-105.29426619376234, 20.699327502408366], [-105.29427618989126, 20.69952789743787], [-105.2942757940551, 20.69988316252505], [-105.29422683825695, 20.70001672228798], [-105.29432856407915, 20.700243282099347], [-105.29443716944321, 20.700359783975337], [-105.29446768209056, 20.70044712589204], [-105.29447616484357, 20.70092338418293], [-105.29439717227407, 20.70117546647365], [-105.29416664670777, 20.70130417604036], [-105.29406115053499, 20.70141590854852], [-105.29377666715028, 20.701478155975305], [-105.2937657925559, 20.701434150841237], [-105.29403539955698, 20.701375158248823], [-105.29413571689447, 20.701268911242416], [-105.29435645131507, 20.70114566798417], [-105.29442803391763, 20.70091723351176], [-105.29441979681096, 20.700454729204747], [-105.29439461826735, 20.70038265421276], [-105.29428663564083, 20.700266389793285], [-105.29417585151383, 20.700015428685298], [-105.29422758571545, 20.699875535463914], [-105.29422817408256, 20.699528920993703], [-105.29421836679758, 20.699332304441477], [-105.29412862032201, 20.698827410059888], [-105.29412666546371, 20.698562613425217], [-105.29412530086896, 20.69837783117421], [-105.29409371038918, 20.698105671182688], [-105.29404694952667, 20.698064055851596], [-105.29401147474793, 20.69804685877622], [-105.29393026809716, 20.698024175432547], [-105.29324050262163, 20.69809954359453], [-105.29288438938777, 20.698168053108915], [-105.29288438938671, 20.698168052560384], [-105.29246210684018, 20.698249290128246], [-105.29228624475543, 20.69827535439861], [-105.29222601072571, 20.698293364790192], [-105.29176821388081, 20.698299375223648], [-105.29112403551575, 20.69798865582051], [-105.29101259808463, 20.69775153390192], [-105.29087596837631, 20.69765136608461], [-105.29081388158536, 20.69773309380794], [-105.29062342492807, 20.69760052181244], [-105.29067377722652, 20.69754041784002], [-105.29065921049667, 20.69752835963849], [-105.29065921005301, 20.69752835963924], [-105.29044193860368, 20.697348503638153], [-105.29032837267845, 20.697173353803056], [-105.2901789068469, 20.696840319874553], [-105.29019179204226, 20.696629526311273], [-105.29019061490244, 20.69662556154228], [-105.29019061553186, 20.696625561541218], [-105.29008745751909, 20.696277924319894], [-105.28996516034205, 20.69600431948797], [-105.28990474567826, 20.695947673107753], [-105.28977392967528, 20.695601246921562], [-105.28978825150251, 20.695597009401467], [-105.28974420774888, 20.695441913882], [-105.2897755859107, 20.695433804717794], [-105.2897485689005, 20.695317369496898], [-105.28972057482927, 20.69532504556832], [-105.2896118141519, 20.69469954141372], [-105.28965090279249, 20.694689823575462], [-105.289583787421, 20.694374778327386], [-105.2895421420652, 20.69426172537594], [-105.28952232719254, 20.694072371063413], [-105.28946583516543, 20.69388517740054], [-105.28935955696289, 20.693693096689167], [-105.28927546213467, 20.69337824604759], [-105.28919442718959, 20.69307313089879], [-105.28957587923433, 20.692465061006175], [-105.29019994940836, 20.692074905100146], [-105.29094664696063, 20.691293265304612], [-105.29095072384115, 20.691286086785304], [-105.29095072383915, 20.691286085734802], [-105.29099809861106, 20.691202669569424], [-105.29099809792771, 20.691202669570576], [-105.29101424273891, 20.691174243419667], [-105.29097710228835, 20.691025771528786], [-105.29095016494453, 20.69099296523987], [-105.29095016494402, 20.69099296496382], [-105.29085223083672, 20.6908736924089], [-105.29033432841172, 20.690905737760772], [-105.2899843153597, 20.691403663227188], [-105.28990219786527, 20.691551372784446], [-105.28971459338793, 20.691565664105354], [-105.28942612786311, 20.691388348803414], [-105.28938256472887, 20.691007337040936], [-105.28943976209449, 20.690503927586086], [-105.28917202067602, 20.689924374252], [-105.28902373583833, 20.689765590466067], [-105.28859346157813, 20.6895666952124], [-105.2883429149336, 20.689315015090802], [-105.2880655343022, 20.68889814993421], [-105.28806553430245, 20.688898150060158], [-105.28785195473937, 20.688577167167235], [-105.28771659802689, 20.68826255925861], [-105.28756650166804, 20.687942301281304], [-105.28746058741213, 20.6877008410584], [-105.28735795058401, 20.68756388261762], [-105.2872043246676, 20.68763531893445], [-105.28691144288817, 20.687571866974125], [-105.28669556536238, 20.687391614085925], [-105.28673320554859, 20.686940941428148], [-105.28632169903779, 20.686633177185332], [-105.2863047956856, 20.6864668020519], [-105.28640577475358, 20.68634088716755], [-105.28678877257697, 20.68619344956079], [-105.28710039179134, 20.68627731798722], [-105.28710039179114, 20.686277317879785], [-105.2871681967522, 20.686295566759835], [-105.28724990415773, 20.68621419159605], [-105.28729756332059, 20.686074342246464], [-105.2872859774613, 20.685922747392503], [-105.28737695188782, 20.68584416507698], [-105.28747865905837, 20.68560947516518], [-105.28752887079978, 20.685543952561094], [-105.28767652625565, 20.685453842407206], [-105.28800744243215, 20.685443103615217], [-105.28849091272605, 20.685527908364737], [-105.28872768127002, 20.685545580983057], [-105.28895574667315, 20.68564997720113], [-105.28930566267509, 20.686090719487435], [-105.28923707950011, 20.686285633976297], [-105.28932984866866, 20.68659150225118], [-105.28920143096754, 20.68679121942951], [-105.28891201138241, 20.686912835473954], [-105.28872935540902, 20.68690671975514], [-105.28855630071305, 20.6867422644795], [-105.2883651561825, 20.686762251012368], [-105.28822130816464, 20.68688802276201], [-105.28806970127354, 20.68706913232172], [-105.28827899623248, 20.687435654946256], [-105.28836440860935, 20.687526321866095], [-105.28832720153846, 20.687628411077707], [-105.2884645010113, 20.68784424575238], [-105.28868051516974, 20.68819581122626], [-105.28897725483516, 20.68861564727027], [-105.28917344510393, 20.688804699596247], [-105.2891530695689, 20.688840764394357], [-105.28946423204492, 20.68907062468722], [-105.28956827166193, 20.689082529082533], [-105.28990847253213, 20.68910585795322], [-105.28993930262195, 20.689136453111743], [-105.28996854423822, 20.689136067777817], [-105.29000914922663, 20.689096377079046], [-105.29040520153404, 20.689087688080296], [-105.29054968503272, 20.68904592825523], [-105.29056102706872, 20.688954643946126], [-105.29086888412043, 20.688933712550295], [-105.29089551523313, 20.68898338577004], [-105.29092654939843, 20.688986959485238], [-105.29096111766017, 20.688946481789703], [-105.29106314221303, 20.688937450723735], [-105.29112189880908, 20.68889328073991], [-105.29120360745226, 20.688796344834877], [-105.2915920748989, 20.688755873159895], [-105.29162099683519, 20.688789736814652], [-105.29164327893068, 20.688788433180733], [-105.29169077315564, 20.688740334283533], [-105.29206019783709, 20.688745239486263], [-105.2921150522681, 20.688732933609987], [-105.29212606679174, 20.688711835116724], [-105.2921573539077, 20.688504474409072], [-105.29286268793936, 20.688485755766585], [-105.29286463343071, 20.689197832801373], [-105.29286734216845, 20.689903806546145], [-105.2929251639212, 20.689903454362778], [-105.29292959975372, 20.689951780682122], [-105.29292963532852, 20.689951805018545], [-105.29342108873924, 20.689890415850712], [-105.29344759069313, 20.68986491301943], [-105.29345411362425, 20.68979459458597], [-105.29335466813491, 20.689530566328784], [-105.29332859334336, 20.689211779452844], [-105.29336142196323, 20.689077839740843], [-105.29347291455336, 20.688881273887425], [-105.29369553576407, 20.688721073294808], [-105.29390485670939, 20.688683564494628], [-105.29397675866453, 20.688690763637943], [-105.2939067301908, 20.688479196640916], [-105.29381903203765, 20.688236140750746], [-105.29378651742135, 20.68809943531082], [-105.29366469417029, 20.688207787150255], [-105.29351981591614, 20.688251116165784], [-105.29328444369757, 20.688148533052352], [-105.29290221075041, 20.68728728672647], [-105.29249696782398, 20.6866974208312], [-105.29190076615988, 20.68591810021741], [-105.2914463523168, 20.685105732009365], [-105.29101639686446, 20.684298171652742], [-105.2906372710762, 20.68362726188443], [-105.29057149906656, 20.683510869369073], [-105.2901779234862, 20.68289691531201], [-105.28980010111894, 20.682338276854438], [-105.28949637992028, 20.681795515651945], [-105.28897273985015, 20.681020286530867], [-105.28855460577745, 20.6804012471725], [-105.28784834381615, 20.67930635242509], [-105.28751890833493, 20.67855825696012], [-105.28751890785041, 20.678558256960926], [-105.28748801360055, 20.678488099524852], [-105.28747240111551, 20.67845162593693], [-105.28713154374076, 20.677655312305593], [-105.28713154398557, 20.677655312305184], [-105.28705730503614, 20.67748187340017], [-105.28688544004456, 20.676996961272486], [-105.28674715020306, 20.676389358714317], [-105.2866519106099, 20.67597089627339], [-105.28648728337333, 20.67556436892246], [-105.28640907536114, 20.675473869619896], [-105.28623998166454, 20.67541045992288], [-105.28586735656775, 20.67541530960808], [-105.28582493352232, 20.67544157773667], [-105.28560650293734, 20.675576826774527], [-105.28546468819464, 20.67573560290571], [-105.285343108293, 20.675971662064224], [-105.28517031127011, 20.675892838582087], [-105.28530231609162, 20.675636537224268], [-105.28547754449338, 20.675440352375443], [-105.28573281464169, 20.67528229275665], [-105.28580864591946, 20.675235338498226], [-105.286275549821, 20.675229261690063], [-105.28652654216512, 20.675323383865347], [-105.28665572941217, 20.675472872410737], [-105.28683659225122, 20.67591949110687], [-105.28694289024507, 20.676386536457944], [-105.28707097479746, 20.676949298908145], [-105.28723761341799, 20.67741946211873], [-105.28733841973079, 20.67765496765842], [-105.2873384200172, 20.677654967657947], [-105.28748697511936, 20.678002023989475], [-105.28766577699142, 20.678419740088046], [-105.28802011883346, 20.679224392746363], [-105.28871773020593, 20.6803058748373], [-105.28914400662548, 20.680936966684357], [-105.28966264322642, 20.68170478883721], [-105.28997001433947, 20.682254071140026], [-105.29033983051433, 20.682799737226365], [-105.29073592173704, 20.683417507049736], [-105.2910505403604, 20.683973869098104], [-105.29105054100327, 20.68397386909702], [-105.29118703124253, 20.68421523397137], [-105.29120875351309, 20.68425603318666], [-105.2915391691933, 20.684876632638527], [-105.291539169066, 20.68487663263874], [-105.29161718200704, 20.685023158622844], [-105.29206445223323, 20.685822754507875], [-105.29265562952004, 20.68659550586644], [-105.2930728020559, 20.6872027361572]]]}}, {"type": "Feature", "properties": {"id": "playa-libre-57", "kind": "playa_libre", "area_m2": 4728.0, "ancho_efectivo_m": 5.0}, "geometry": {"type": "Polygon", "coordinates": [[[-105.29126746928081, 20.693756997908043], [-105.29124576693656, 20.693857657285307], [-105.29116018166651, 20.693858296192158], [-105.29114352552442, 20.693934908869], [-105.29117637948059, 20.693974748583244], [-105.29102685608463, 20.694157511581377], [-105.29097960352904, 20.694376102529993], [-105.29107603383196, 20.694578148248578], [-105.29118278429894, 20.694696732802527], [-105.29121152015158, 20.6947583234115], [-105.29123611289972, 20.694851786960335], [-105.29121485388345, 20.694973500985814], [-105.29117631693283, 20.69504082380119], [-105.29096988567392, 20.695175051785778], [-105.29083464848213, 20.69523541843332], [-105.29071510552586, 20.69526956979793], [-105.29040468744913, 20.6952815688635], [-105.29027189567584, 20.695233416328602], [-105.29021586677388, 20.695194992554388], [-105.29017676728458, 20.694989539971584], [-105.29011243381085, 20.694754954805703], [-105.29004099406725, 20.694386179727342], [-105.28994274793638, 20.694096439599672], [-105.28995877062736, 20.694088883938257], [-105.28989857279939, 20.693908428392948], [-105.28986547036659, 20.693772494932727], [-105.28978882941344, 20.693213775175852], [-105.29048610875512, 20.692416160120683], [-105.29055249029868, 20.692396275877943], [-105.29084286445128, 20.692074021752823], [-105.29107468064849, 20.692146924004945], [-105.29121217702289, 20.692211675969], [-105.29129183304553, 20.692317751833095], [-105.29147157691544, 20.692651848805166], [-105.29183003636147, 20.693257109840804], [-105.29191473457799, 20.69326378575148], [-105.2919148213333, 20.693309130378175], [-105.29180054612834, 20.69330012360338], [-105.29142917404361, 20.692673057266596], [-105.29125058951658, 20.692341116060152], [-105.29117991819977, 20.69224700567471], [-105.29105623660334, 20.692188759682008], [-105.29085871160062, 20.692126640782913], [-105.29085846755596, 20.69212656438983], [-105.29058019264902, 20.692435391594138], [-105.29051418056977, 20.6924551640833], [-105.28983910650484, 20.69322737997749], [-105.28991278946165, 20.69376453874164], [-105.28994494833684, 20.69389659919322], [-105.29001681920866, 20.69411204641313], [-105.29000097016572, 20.694119519561117], [-105.29008767386222, 20.694375216517518], [-105.29015935712164, 20.69474524624995], [-105.29022370903832, 20.69497990003952], [-105.29025972803622, 20.695169168210374], [-105.29029506147083, 20.69519339894062], [-105.29041266306427, 20.695236042584956], [-105.29070701721662, 20.695224665171867], [-105.29081729011533, 20.695193161612735], [-105.29094579204462, 20.69513580084381], [-105.29113952243632, 20.695009832363446], [-105.2911687778348, 20.694958723867277], [-105.29118713504019, 20.69485362722056], [-105.29116590453097, 20.694772940141725], [-105.29114163194181, 20.69472091640428], [-105.29103501524602, 20.69460247978753], [-105.29095104210863, 20.69442653665184], [-105.2909294742516, 20.694381346669942], [-105.29098202486229, 20.694138246893857], [-105.29111569802531, 20.693974858347552], [-105.29109206455279, 20.693946199407442], [-105.29112093441279, 20.693813408988607], [-105.29120645436176, 20.69381277021189], [-105.29121144854642, 20.69378960732033], [-105.29115957133772, 20.693776480010943], [-105.29117448005492, 20.693690936506414], [-105.29124892790423, 20.6936427840584], [-105.29126871234074, 20.693599322352405], [-105.2913316150369, 20.693602917106677], [-105.29138278972299, 20.693550397149245], [-105.29153515170258, 20.69337023498592], [-105.2918469614802, 20.693402156800538], [-105.29191513996297, 20.69347566839616], [-105.29191527169418, 20.69354451979557], [-105.29182312222439, 20.69344516189856], [-105.29155625080934, 20.69341784098173], [-105.29141931290435, 20.69357976525399], [-105.29135154127889, 20.69364931881923], [-105.29129953753767, 20.693646346291114], [-105.29128758464124, 20.693672603089343], [-105.29121854683953, 20.693717256752112], [-105.29121397905348, 20.693743463112465], [-105.29126746928081, 20.693756997908043]]]}}, {"type": "Feature", "properties": {"id": "playa-libre-58", "kind": "playa_libre", "area_m2": 361.3, "ancho_efectivo_m": 3.7}, "geometry": {"type": "Polygon", "coordinates": [[[-105.29191649924852, 20.69418610695953], [-105.29187631937617, 20.694518718087224], [-105.29191725019743, 20.694578581943816], [-105.29191741041254, 20.69466231538376], [-105.29182668102807, 20.694529618118878], [-105.29189068571097, 20.69399978109537], [-105.2919157458345, 20.69379233440877], [-105.29191649924852, 20.69418610695953]]]}}, {"type": "Feature", "properties": {"id": "playa-libre-59", "kind": "playa_libre", "area_m2": 3694.9, "ancho_efectivo_m": 5.0}, "geometry": {"type": "Polygon", "coordinates": [[[-105.29227220110523, 20.695875823691715], [-105.29217991554643, 20.695625553498207], [-105.29210583210745, 20.695478208118274], [-105.29218835483913, 20.69534258057461], [-105.29258588933594, 20.695152064798737], [-105.2928644741878, 20.695231890651055], [-105.2929469952665, 20.695321858875584], [-105.29313344134381, 20.695713968240067], [-105.29315657418341, 20.695856040683868], [-105.29311600466194, 20.69594067199182], [-105.29310184005767, 20.696045200557922], [-105.2932647310822, 20.696371253252128], [-105.29341995847008, 20.6965243106568], [-105.2935759314883, 20.696604598905274], [-105.29368623796431, 20.696696081703777], [-105.29372689301495, 20.69672276221123], [-105.29384199019047, 20.696782224428627], [-105.2938419900414, 20.696782224684124], [-105.29402602320651, 20.69687730131373], [-105.29406655774305, 20.69700180888103], [-105.2939855558801, 20.69735615806164], [-105.29385492003689, 20.69752293836817], [-105.2938549196543, 20.697522938368824], [-105.29384344522636, 20.697537587488696], [-105.29384344522721, 20.697537587930068], [-105.29384324502306, 20.69753784308329], [-105.29373302304963, 20.69758486400066], [-105.29363964969227, 20.69760037513275], [-105.293571732006, 20.697598909603165], [-105.29337822381828, 20.697561944560626], [-105.29334156486891, 20.69752381323133], [-105.29334156433617, 20.697523813232245], [-105.29320293680976, 20.697379617030865], [-105.2931269512573, 20.69742322155925], [-105.29288241091403, 20.6971376166634], [-105.29288241091335, 20.697137616313224], [-105.29278233546191, 20.69702073508613], [-105.29241902386488, 20.69660351679949], [-105.29229353941024, 20.69658872927462], [-105.29225598553872, 20.6965636651053], [-105.29219682740155, 20.696496308990717], [-105.29226056821378, 20.69639892601297], [-105.29227220110523, 20.695875823691715]], [[-105.29356250752161, 20.696653688351347], [-105.29354819684917, 20.696641819769166], [-105.29350570259733, 20.69661994582527], [-105.29350570329956, 20.696619945824075], [-105.2933903734734, 20.6965605786512], [-105.29322460357574, 20.69639712621651], [-105.29305244602479, 20.69605252503174], [-105.29306928642114, 20.695928253941734], [-105.29310696182945, 20.695849659017952], [-105.29308696478137, 20.69572684663263], [-105.29290604625074, 20.69534636061316], [-105.29283720186675, 20.69527130362803], [-105.2925904254885, 20.695200592426815], [-105.29222290579186, 20.695376723690362], [-105.29215994716103, 20.69548019732614], [-105.29222442512278, 20.695608438147083], [-105.29232038360279, 20.69586866866103], [-105.29230829732565, 20.69641215669857], [-105.2922540826579, 20.69649117166235], [-105.2922889458728, 20.696530274022216], [-105.29231147646158, 20.6965453112585], [-105.29244385326537, 20.69656091024016], [-105.29249633629794, 20.69662166243339], [-105.29249633658497, 20.696621662432904], [-105.29281574142564, 20.696991391220664], [-105.29288227791818, 20.69706834699486], [-105.29288227791808, 20.697068346938824], [-105.29313791318071, 20.697364012482755], [-105.29321187477306, 20.697321568890303], [-105.29340324186553, 20.697520623353086], [-105.29341924866358, 20.697523680940343], [-105.2934192483745, 20.697523680940836], [-105.29357710053002, 20.697553834013753], [-105.29363599035555, 20.697555104393043], [-105.29371871293723, 20.697541362575187], [-105.29381202121246, 20.697501557650465], [-105.29394078533169, 20.69733716694464], [-105.29401699088845, 20.697003800952956], [-105.29398582640358, 20.69690807563264], [-105.2937015345042, 20.696761201602456], [-105.29365653646148, 20.696731671346974], [-105.29356250752161, 20.696653688351347]]]}}, {"type": "Feature", "properties": {"id": "playa-libre-60", "kind": "playa_libre", "area_m2": 4174.9, "ancho_efectivo_m": 5.2}, "geometry": {"type": "Polygon", "coordinates": [[[-105.29062517283606, 20.696288136757147], [-105.29054728090878, 20.696106848421074], [-105.29048282875655, 20.695856889985652], [-105.2905925900238, 20.69575061008845], [-105.29079433517131, 20.695704427057255], [-105.29103098369391, 20.695713195282416], [-105.29125637910194, 20.695642039053304], [-105.29135516282757, 20.695650302509616], [-105.29149021690914, 20.695668411489255], [-105.29158076787942, 20.69570755260328], [-105.29158666934386, 20.69588174717231], [-105.29161345367524, 20.696058525894475], [-105.29147058345006, 20.69632072958192], [-105.29149177359213, 20.696483110067554], [-105.29163768603556, 20.696623118066917], [-105.29194803483642, 20.696622592439542], [-105.2920765622295, 20.696569877034978], [-105.29209864468508, 20.696622337155205], [-105.29209864495938, 20.696622337154736], [-105.29214190466269, 20.69672510747729], [-105.2921056500284, 20.69681037639193], [-105.29209541503555, 20.69686225969381], [-105.29210484665867, 20.696904847874784], [-105.2921181976885, 20.696937704092324], [-105.29218725331093, 20.697019554162033], [-105.29216169963097, 20.697039047229], [-105.29239885491882, 20.697311084774956], [-105.29275042959053, 20.69772766157189], [-105.29273376977729, 20.69775061119346], [-105.29226137077856, 20.697841790104427], [-105.29205539162254, 20.697858512430205], [-105.29192931923554, 20.69780698847728], [-105.2916272065009, 20.69752672376778], [-105.29162720640544, 20.697526723767936], [-105.29159953334685, 20.697501051786812], [-105.29150197375839, 20.6974370359419], [-105.29126740815803, 20.697468961568973], [-105.29115114237611, 20.6974052518392], [-105.2910605729026, 20.697396143100665], [-105.29089339250028, 20.696956492867233], [-105.29069744246152, 20.696456234924202], [-105.29062517283606, 20.696288136757147]], [[-105.29153876485802, 20.69588566668237], [-105.29153372640646, 20.695736936474606], [-105.29147652478011, 20.69571221169072], [-105.29134964644355, 20.695695198481765], [-105.2912621301982, 20.69568787739282], [-105.2910378997753, 20.69575866661223], [-105.29079915767534, 20.695749819704446], [-105.29061738091976, 20.695791432144226], [-105.29053573978292, 20.69587048380435], [-105.29059311159135, 20.696092980564043], [-105.2906696831203, 20.696271198003725], [-105.29074223346086, 20.69643994626173], [-105.290938522328, 20.696941070122172], [-105.29109563000446, 20.697354232385592], [-105.29116644204234, 20.69736135407608], [-105.29127710358348, 20.697421992940154], [-105.29151387522627, 20.69738976719079], [-105.29163033925073, 20.697466186206547], [-105.29195665431624, 20.69776890381633], [-105.29206337173207, 20.69781251712275], [-105.29225446034562, 20.697797004652987], [-105.29267855643941, 20.69771514882224], [-105.29236149162, 20.697339462111593], [-105.29209395025012, 20.6970325677227], [-105.29212009939064, 20.69701262005488], [-105.29207371292101, 20.69695644944806], [-105.29205758159432, 20.696912880483623], [-105.29204648200071, 20.696862764625404], [-105.29205142166956, 20.696837727768944], [-105.29205931048584, 20.6967977405679], [-105.29209022707774, 20.69672502341747], [-105.29205021441625, 20.696629967833097], [-105.29192127673807, 20.696682851924642], [-105.29192127673817, 20.69668285198079], [-105.2917191082946, 20.696765771519093], [-105.2914461009325, 20.69650381173238], [-105.29142113161342, 20.696312463179034], [-105.29156376843493, 20.696050689130885], [-105.29153876485802, 20.69588566668237]]]}}, {"type": "Feature", "properties": {"id": "playa-libre-61", "kind": "playa_libre", "area_m2": 5358.0, "ancho_efectivo_m": 5.0}, "geometry": {"type": "Polygon", "coordinates": [[[-105.29632879940397, 20.70397746787369], [-105.29644868481799, 20.704292002583173], [-105.29659482416074, 20.70457912233683], [-105.29682448108096, 20.70503032403557], [-105.29675087739025, 20.70515294652128], [-105.29708651986587, 20.70590912719299], [-105.29728866415745, 20.70593329086991], [-105.29737432899898, 20.706129541151682], [-105.29751323433817, 20.70655417490943], [-105.29755858293719, 20.7067176601934], [-105.2975853538657, 20.707006955910593], [-105.29760929295313, 20.707266270084244], [-105.29750706953604, 20.70746734291119], [-105.29730731039098, 20.70762678508333], [-105.29704849297507, 20.707660829775524], [-105.29680780694252, 20.707584126371984], [-105.29663618542418, 20.707444398691575], [-105.29651425868809, 20.70725796291978], [-105.29629904503402, 20.706666233794675], [-105.29615137892831, 20.706332499557625], [-105.29600115172823, 20.705995005233742], [-105.29586961965175, 20.705659960795543], [-105.29559386641805, 20.704985257035172], [-105.29525435660277, 20.704158629034332], [-105.29521337365229, 20.70401434041736], [-105.29526655714854, 20.703920984613728], [-105.2953270675462, 20.703856301504103], [-105.29556084916635, 20.703743296376278], [-105.29574359163949, 20.70370231043078], [-105.29577593627037, 20.703704103628503], [-105.2957759362706, 20.703704103741973], [-105.29588804281721, 20.70371031931426], [-105.29610305365594, 20.703772867474903], [-105.2961975974195, 20.703824661163434], [-105.29621420988059, 20.703844009112892], [-105.29621420982075, 20.703844009113002], [-105.29632879940397, 20.70397746787369]], [[-105.29557762776571, 20.703785978334366], [-105.29535709839709, 20.703892577821158], [-105.29530624314063, 20.703946960663213], [-105.29526469776894, 20.704020057985648], [-105.2953000679069, 20.704144582115397], [-105.29563982510028, 20.704968425649376], [-105.2957790517874, 20.7053102800711], [-105.29577905178843, 20.705310280595196], [-105.2959147369057, 20.705643438000937], [-105.29604584842308, 20.70597847047715], [-105.29619613705617, 20.70631640289573], [-105.29633402142973, 20.70662644200444], [-105.29634369230939, 20.706649881569888], [-105.29655793597269, 20.7072385410183], [-105.29667310112032, 20.70741463691993], [-105.29683202823213, 20.707544101823256], [-105.29705313787862, 20.707614390066173], [-105.29728686961396, 20.707583855736406], [-105.29746818169438, 20.70743913686625], [-105.29756032200761, 20.707257898943855], [-105.29753786112313, 20.707014914535442], [-105.29751109845338, 20.706725376634722], [-105.2974670371442, 20.70656653083882], [-105.29732908253837, 20.70614480043292], [-105.2972548726987, 20.705974794008128], [-105.29705291566246, 20.705950652558876], [-105.29669752038448, 20.70514996806053], [-105.2967703679218, 20.70502860559654], [-105.29655188770664, 20.704599361619803], [-105.29640431786314, 20.70430943142553], [-105.29628634464372, 20.703999914628227], [-105.29616573962025, 20.703859449830475], [-105.29608361636434, 20.703814541792536], [-105.29587942645955, 20.70375509962369], [-105.29577602407772, 20.703749373996025], [-105.2957760240779, 20.703749374090652], [-105.29574783704966, 20.703747813204618], [-105.29557762776571, 20.703785978334366]]]}}, {"type": "Feature", "properties": {"id": "playa-libre-62", "kind": "playa_libre", "area_m2": 5371.2, "ancho_efectivo_m": 5.0}, "geometry": {"type": "Polygon", "coordinates": [[[-105.29465507013693, 20.705762527321944], [-105.29433311587248, 20.705020304097005], [-105.29410569742879, 20.70448462966795], [-105.29412202286204, 20.70431394491882], [-105.29429192087875, 20.704191120163202], [-105.29476559968406, 20.70406099780452], [-105.29481635407429, 20.70407800266043], [-105.29481635407356, 20.704078002283524], [-105.29491698748063, 20.704111719029335], [-105.2950011557633, 20.704171387829447], [-105.29539396076865, 20.705084323210386], [-105.29568500971796, 20.70576075308505], [-105.29578033374098, 20.705971135060285], [-105.29578033374159, 20.705971135373666], [-105.29583171862973, 20.706084542721566], [-105.29600391092448, 20.70652884585897], [-105.29598429182153, 20.706541363532757], [-105.29607086826758, 20.706746337929232], [-105.2962900538733, 20.70725644856591], [-105.29630834256015, 20.70725211060559], [-105.29641860088233, 20.7074957573162], [-105.2963955292058, 20.707503776600014], [-105.29653991588016, 20.70785199257217], [-105.29649669696678, 20.707918567343597], [-105.2962890379463, 20.707985869672356], [-105.29603184304429, 20.708018145347683], [-105.29568607382978, 20.708061386872313], [-105.29555546371458, 20.70801328727553], [-105.29537937454589, 20.70754598513816], [-105.29526513629426, 20.707242819894795], [-105.29520544104189, 20.707074010256612], [-105.2951273693044, 20.706904789328657], [-105.29491738573566, 20.706404441811276], [-105.29485365615534, 20.706182112260468], [-105.29465507013693, 20.705762527321944]], [[-105.29416795899598, 20.704337711225975], [-105.29415484054526, 20.704477768840338], [-105.29437765044692, 20.70500341222922], [-105.29469924605516, 20.705744809202205], [-105.2948989629965, 20.70616714990006], [-105.29496299636367, 20.70639011323149], [-105.29517173453354, 20.70688749183418], [-105.29525033189515, 20.707057852167225], [-105.29531054958728, 20.707228138258042], [-105.29542438253716, 20.70752925844611], [-105.29559338939, 20.70797873770217], [-105.2956920283174, 20.708015063318584], [-105.29578427654006, 20.7080035097669], [-105.29578427654043, 20.708003509954768], [-105.29602330365593, 20.707973573452275], [-105.29627794090729, 20.70794168169702], [-105.29646472582465, 20.70788114523145], [-105.29648653396198, 20.70784755209664], [-105.29633302570993, 20.707477339501718], [-105.29635467322005, 20.707469815131788], [-105.29627643791488, 20.707285874699874], [-105.29624553815006, 20.707273382461022], [-105.296026318907, 20.70676319502035], [-105.29593805148397, 20.706553820329102], [-105.29594602297477, 20.70651119438507], [-105.29578642992534, 20.706101367587472], [-105.29578056114498, 20.706088360520337], [-105.29578056114514, 20.706088360596013], [-105.29564272659555, 20.705782875000107], [-105.29534945425664, 20.70510127763928], [-105.29496152575337, 20.70419967653281], [-105.29489386902837, 20.704151938417905], [-105.29476413214948, 20.70410859405255], [-105.29431398247701, 20.70423214597908], [-105.29416795899598, 20.704337711225975]]]}}, {"type": "Feature", "properties": {"id": "playa-libre-63", "kind": "playa_libre", "area_m2": 10138.5, "ancho_efectivo_m": 19.0}, "geometry": {"type": "Polygon", "coordinates": [[[-105.29037665290939, 20.721973481600052], [-105.29092496803396, 20.721866117802456], [-105.29132622761968, 20.72190179935632], [-105.29193270355381, 20.721782271037064], [-105.29271587066391, 20.722488567419983], [-105.29293139341506, 20.722630341915867], [-105.29289209349577, 20.722824999488335], [-105.29259365214803, 20.722628680054157], [-105.29187292305295, 20.721978692606548], [-105.29133712682145, 20.722084290695523], [-105.290935738996, 20.72204859854651], [-105.29056153834837, 20.722121869011506], [-105.29055703131593, 20.722212124923107], [-105.29067412145568, 20.722269157599612], [-105.29097369872653, 20.722323680640326], [-105.29120070610134, 20.72235631461798], [-105.29156381610314, 20.72227906137877], [-105.29183628264478, 20.722502916448743], [-105.29219283284836, 20.722826188074396], [-105.29191653749982, 20.722826656931375], [-105.29170638588292, 20.72263612001724], [-105.29151098571258, 20.722475581281397], [-105.29120762195042, 20.722540122895335], [-105.2909409379034, 20.72250178571025], [-105.29061042487615, 20.722441632207243], [-105.29035938011133, 20.722319352637328], [-105.29037665290939, 20.721973481600052]]]}}, {"type": "Feature", "properties": {"id": "playa-libre-64", "kind": "playa_libre", "area_m2": 8682.1, "ancho_efectivo_m": 18.9}, "geometry": {"type": "Polygon", "coordinates": [[[-105.29325402477863, 20.730472358095124], [-105.29198684981193, 20.730914367286392], [-105.29198684981142, 20.730914367021548], [-105.291595422106, 20.731050900406583], [-105.29152864128865, 20.730881455054742], [-105.29223120426444, 20.730636394767213], [-105.29306209034782, 20.730346569141933], [-105.29306272942588, 20.729846186494445], [-105.29255330181228, 20.728446735925353], [-105.2923100773532, 20.72824749954835], [-105.29260199667122, 20.728247003391562], [-105.2927183282462, 20.728342295452276], [-105.2932548617311, 20.72981620529993], [-105.29325402477863, 20.730472358095124]]]}}, {"type": "Feature", "properties": {"id": "playa-libre-65", "kind": "playa_libre", "area_m2": 20861.5, "ancho_efectivo_m": 19.6}, "geometry": {"type": "Polygon", "coordinates": [[[-105.29294740192283, 20.730953537621247], [-105.29294740192316, 20.730953537791105], [-105.29324581453427, 20.730905213387885], [-105.29409725425158, 20.73080339445905], [-105.2945197819017, 20.73098061363622], [-105.29463279445798, 20.731499808475867], [-105.29508955518916, 20.73221026292275], [-105.29614010139026, 20.732681723474695], [-105.29724269855629, 20.7329929662091], [-105.29776670070561, 20.73336050719277], [-105.29795108568852, 20.733723380732876], [-105.29804648981381, 20.7339157980781], [-105.29833723092074, 20.734359951259567], [-105.29875984561684, 20.735152545237984], [-105.29876253531437, 20.735443416753803], [-105.29871016453944, 20.73545174303557], [-105.2987191141784, 20.73546516370828], [-105.29831700463059, 20.73551424931538], [-105.29828499435439, 20.735336059417026], [-105.29856901719307, 20.73529090436064], [-105.29856854056024, 20.735239366589884], [-105.2985681406027, 20.73519607027128], [-105.29816927299261, 20.734448011150853], [-105.29787709292107, 20.734001660855533], [-105.29777737757381, 20.733800547560524], [-105.29761384568951, 20.73347871016141], [-105.29715503861598, 20.733156897639525], [-105.29607073433631, 20.732850819390645], [-105.29495494515841, 20.732350078519097], [-105.29445125747459, 20.731566632998923], [-105.29435139594618, 20.73110785177122], [-105.29406813961631, 20.73098904675891], [-105.2932742335802, 20.731083986090827], [-105.29294775459728, 20.73113685497225], [-105.2929477545979, 20.731136855305717], [-105.29252005322614, 20.731206114467035], [-105.29169072797795, 20.731541051748493], [-105.29161494977653, 20.73137499025951], [-105.29198744460591, 20.7312245530086], [-105.29198744460462, 20.73122455233869], [-105.29246511586246, 20.73103163717391], [-105.29294740192283, 20.730953537621247]]]}}, {"type": "Feature", "properties": {"id": "playa-libre-66", "kind": "playa_libre", "area_m2": 35686.2, "ancho_efectivo_m": 19.8}, "geometry": {"type": "Polygon", "coordinates": [[[-105.28888001934376, 20.538001017314187], [-105.28865763043197, 20.53815944264182], [-105.28853491723338, 20.538280767891006], [-105.2884427777725, 20.53840879211702], [-105.28837693496396, 20.53854568842247], [-105.28829064361129, 20.538819956675272], [-105.28823468352043, 20.539131235798205], [-105.28818761436924, 20.53919346668465], [-105.28810083222224, 20.539206049942717], [-105.28801415745278, 20.539275478746113], [-105.28795385906876, 20.539396784819456], [-105.28790141847637, 20.539567535716348], [-105.28785267345685, 20.539745243636013], [-105.2878378327697, 20.5399002247152], [-105.28785334898075, 20.540106228020413], [-105.28784053197434, 20.540278951622895], [-105.28789176053668, 20.540470672880257], [-105.28797648784241, 20.540877819223475], [-105.28803847535539, 20.54109832132417], [-105.28804499659373, 20.5413908171781], [-105.2880690006003, 20.541504383856807], [-105.28805055070013, 20.541805115075515], [-105.28804895491182, 20.541963131020026], [-105.28792225538034, 20.54234996850095], [-105.28787523038815, 20.54259576914127], [-105.2878129606506, 20.5428874882332], [-105.28775001917055, 20.543033591683354], [-105.28771207692138, 20.543185851438277], [-105.28770082030985, 20.543288310830025], [-105.28762666262611, 20.543451966383657], [-105.287514607683, 20.54379220746272], [-105.2874463385772, 20.544017368731094], [-105.28744120840646, 20.54430848325534], [-105.28746050472897, 20.544405924839026], [-105.28741675999044, 20.544490438283912], [-105.2873443387451, 20.544571432734212], [-105.28713464928657, 20.544766133728682], [-105.28697060814672, 20.544883238702386], [-105.28664264417029, 20.545074271076505], [-105.28655271709208, 20.545110675984215], [-105.2863713810213, 20.545082191377023], [-105.28625099319713, 20.5450662157283], [-105.28611737173719, 20.54505386993292], [-105.28567650066154, 20.545130079714014], [-105.28556160582154, 20.54517709562177], [-105.28536502490549, 20.545195377616896], [-105.28522948952423, 20.54522438411936], [-105.28496212762381, 20.545188865869264], [-105.2848016415107, 20.545183737843026], [-105.28463366161087, 20.545218188995673], [-105.2842650760201, 20.545247493269404], [-105.28413906809233, 20.54526030877973], [-105.28396915320218, 20.54521745369781], [-105.28361751103971, 20.545149594086922], [-105.28350675059768, 20.545171341615998], [-105.28337322859139, 20.54521290980175], [-105.28322839473118, 20.545328154577035], [-105.28309257361511, 20.54531063058454], [-105.28297053378736, 20.54537013793902], [-105.2828427584796, 20.54545122089144], [-105.2827721394634, 20.545593598674454], [-105.2827016034102, 20.54561888905757], [-105.28260049161602, 20.545690928441424], [-105.28238100055486, 20.545702068892947], [-105.28227037465626, 20.545743599833113], [-105.2821483562575, 20.54581567209875], [-105.28198976726972, 20.545868191051635], [-105.28190195562973, 20.54586472580601], [-105.28170154373173, 20.545911793300423], [-105.28140959100396, 20.545984142068864], [-105.28104860879257, 20.546035204946985], [-105.28095316733325, 20.546051535106976], [-105.28084250431436, 20.546127197047337], [-105.28067436679943, 20.546185163647362], [-105.28054199570343, 20.546199101904083], [-105.28053140676953, 20.546224356713033], [-105.28052376998592, 20.546237171340124], [-105.28049588669185, 20.546257304496727], [-105.28046765755757, 20.54626665640147], [-105.28043964899534, 20.54625440457202], [-105.28038233939112, 20.546162924220813], [-105.28030141577894, 20.54611486950824], [-105.28013170088558, 20.546126988345094], [-105.28000922220916, 20.54616564999018], [-105.28000162649661, 20.546207891308644], [-105.27999403078005, 20.546250132626607], [-105.27997228252497, 20.546268830804284], [-105.279944106866, 20.546279647280407], [-105.27991264485894, 20.54627217468533], [-105.27986795345504, 20.546272395048685], [-105.27976213307132, 20.54632945320982], [-105.27972275470509, 20.546408438478565], [-105.2796883200752, 20.54644175663134], [-105.27969015429646, 20.546472874709504], [-105.27966532291427, 20.546497483782435], [-105.27966344399694, 20.546527764789406], [-105.27964299418817, 20.546563126006053], [-105.27958364781907, 20.546610144118294], [-105.2795495063211, 20.546612666933946], [-105.27946475900045, 20.546651776063364], [-105.27942018104179, 20.546669614607325], [-105.27941982061775, 20.54647126951004], [-105.2794763788451, 20.54644516896906], [-105.27947788407305, 20.546420919221745], [-105.27949399178014, 20.546404954569013], [-105.27949208235596, 20.54637255168397], [-105.2795627893552, 20.54630413599799], [-105.27961422369943, 20.54620097074004], [-105.27981645688375, 20.546091924484656], [-105.27982789377324, 20.54609186897204], [-105.27983925322582, 20.54602870314136], [-105.28009338194343, 20.545948485397066], [-105.28035011648149, 20.545930152739007], [-105.28050360559264, 20.54602129765452], [-105.28063010376722, 20.546007977966916], [-105.2807514424564, 20.545966146080506], [-105.28087585155616, 20.54588108521929], [-105.28101720872432, 20.545856899724797], [-105.28137082200936, 20.54580687898705], [-105.28165392587151, 20.545736723255672], [-105.28188236532347, 20.54568307356327], [-105.28196093702398, 20.545686174338027], [-105.28206454347216, 20.545651863973557], [-105.2821831809825, 20.545581787911196], [-105.28233922492873, 20.545523207033312], [-105.28253155912248, 20.54551344462726], [-105.28260772583963, 20.545459177385684], [-105.28263122122455, 20.545450753626266], [-105.28269144534676, 20.545329333882027], [-105.28287250772908, 20.545214436147166], [-105.28305836886356, 20.545123809331805], [-105.28316982133377, 20.545138188865618], [-105.2832777737207, 20.54505229113907], [-105.28345690866855, 20.544996523295477], [-105.28361717548852, 20.54496505424358], [-105.28401325877282, 20.545041491248504], [-105.2841540879865, 20.545077009722192], [-105.28424670745072, 20.545067590489634], [-105.2846050630665, 20.54503910003578], [-105.28478421642576, 20.54500235708558], [-105.2849788241836, 20.545008574801383], [-105.28522136707328, 20.54504079595917], [-105.28533422455392, 20.545016643008925], [-105.28551278098675, 20.54500003710937], [-105.2856202294456, 20.544956068711503], [-105.28610926399719, 20.5448715332889], [-105.28627375161412, 20.544886730491825], [-105.28640054811707, 20.544903556671798], [-105.2865287130268, 20.544923688591272], [-105.28655382513908, 20.544913523095616], [-105.28686196615631, 20.544734036517205], [-105.28700883258364, 20.54462919307765], [-105.2872033174612, 20.54444860913339], [-105.28725471243337, 20.54439113064529], [-105.28726027648206, 20.5443803820889], [-105.28724905224983, 20.54432370495215], [-105.28725492359634, 20.54399059871594], [-105.28733071933232, 20.543740613878942], [-105.28744633646211, 20.543389557188394], [-105.287512968001, 20.54324251340266], [-105.28752249669789, 20.543155779601456], [-105.28756663955359, 20.54297863698812], [-105.28762841303629, 20.54283524454579], [-105.28768675563778, 20.542561928512715], [-105.28773549852741, 20.54230714866268], [-105.28782545783385, 20.54203248793309], [-105.28782545746728, 20.542032487933696], [-105.28785737206204, 20.541935048076972], [-105.28785874542932, 20.541799038881944], [-105.28787604792139, 20.541517018714178], [-105.2878535355277, 20.541410510295478], [-105.28784714233632, 20.54112370602307], [-105.28778941967448, 20.54091837461601], [-105.28770446536818, 20.540510137904494], [-105.28764700894588, 20.540295106698235], [-105.28766101825859, 20.54010632226952], [-105.28764536362864, 20.53989849118205], [-105.28766300088927, 20.539714316337623], [-105.28771635376158, 20.539519810040378], [-105.28777373636642, 20.539332967734424], [-105.28785809403514, 20.53916325995108], [-105.28801794088925, 20.539035220252778], [-105.28805841412294, 20.53902935186736], [-105.28810341297972, 20.538779045470452], [-105.2881967364287, 20.538482424894518], [-105.28827478361269, 20.538320155925472], [-105.28838504259063, 20.538166956135846], [-105.28852947652045, 20.538024155015357], [-105.28879378584114, 20.537835865469344], [-105.28888204938072, 20.5378131499937], [-105.28894106267089, 20.537745845149647], [-105.28905910220193, 20.537601362594398], [-105.28918624100407, 20.537513990673364], [-105.289289284458, 20.537453940499734], [-105.28933238288575, 20.537454276108466], [-105.28938638711564, 20.53740205069588], [-105.28952381730788, 20.537528150618098], [-105.28938994899302, 20.53765760675623], [-105.28936559631079, 20.537635260595813], [-105.28934310314187, 20.53763508578826], [-105.28929340150555, 20.537664050644086], [-105.28919438076143, 20.537732100048018], [-105.28909108962799, 20.537858529380568], [-105.28899125876725, 20.537972387356778], [-105.28888001934376, 20.538001017314187]]]}}, {"type": "Feature", "properties": {"id": "playa-libre-67", "kind": "playa_libre", "area_m2": 2113.9, "ancho_efectivo_m": 16.8}, "geometry": {"type": "Polygon", "coordinates": [[[-105.27901745443451, 20.546835896814876], [-105.27895620947146, 20.54679736270091], [-105.27887079355803, 20.54679750016071], [-105.27877301993668, 20.54684541836956], [-105.27864447457746, 20.54694233424918], [-105.27860988441121, 20.546985837867766], [-105.27845631346315, 20.54687750485946], [-105.27850552974425, 20.54681560658691], [-105.27866779331612, 20.546693268807584], [-105.27882371149134, 20.546616855032735], [-105.27901424752221, 20.54661654839936], [-105.27908030412318, 20.546658109953423], [-105.27908391983478, 20.54665442555773], [-105.27911945409903, 20.54663383121373], [-105.27915149689615, 20.546596587250026], [-105.2792779222909, 20.546530188229227], [-105.27938498332318, 20.546487345673402], [-105.27940169684051, 20.54667701149324], [-105.27936239322055, 20.54669273883219], [-105.27927725786823, 20.546737452650213], [-105.27925679267692, 20.546761238674463], [-105.27923437850257, 20.546779415549718], [-105.27920691609974, 20.546795331604272], [-105.2791811981924, 20.546821535994486], [-105.27911972618689, 20.546841329062634], [-105.27901745443451, 20.546835896814876]]]}}, {"type": "Feature", "properties": {"id": "playa-libre-68", "kind": "playa_libre", "area_m2": 44315.1, "ancho_efectivo_m": 19.8}, "geometry": {"type": "Polygon", "coordinates": [[[-105.27556651154813, 20.54859624333691], [-105.27536223313528, 20.548508536188148], [-105.27499314297326, 20.54822584315911], [-105.27473097688883, 20.548094354390276], [-105.27469746785394, 20.548074170381017], [-105.2745855891976, 20.54804700912448], [-105.2744639606712, 20.54806163596925], [-105.2742808865692, 20.548120129685657], [-105.27408057161003, 20.548224586116007], [-105.27390216533693, 20.548332658253546], [-105.27362686511215, 20.54853716860721], [-105.27348145909944, 20.548672656879944], [-105.27335497095837, 20.548810321794097], [-105.27320894537081, 20.548989367263005], [-105.27306911104112, 20.54923594728685], [-105.27300344537765, 20.549332695761205], [-105.2729047898417, 20.5493872725368], [-105.2728630354178, 20.54940502634362], [-105.27277047909736, 20.549361637294123], [-105.27272562478525, 20.549362482278738], [-105.27266748777866, 20.54939217313421], [-105.27259843273885, 20.54935598398143], [-105.27248013446578, 20.549340674113573], [-105.27233393740123, 20.549367989467942], [-105.27219609833563, 20.549448570803502], [-105.272061019477, 20.549570540914786], [-105.27192383630218, 20.549720564817065], [-105.27189389177869, 20.549753312344496], [-105.27176362923029, 20.549896968403935], [-105.27154502603126, 20.550189308160924], [-105.27147125337795, 20.55035715893667], [-105.27144594700952, 20.550458875764726], [-105.271401700567, 20.550546654335882], [-105.27131711978241, 20.550626557887064], [-105.27121542381354, 20.550654609544775], [-105.27112227531313, 20.55073091741466], [-105.27102926099558, 20.55082679619287], [-105.27083685892266, 20.55101847862241], [-105.27073730367185, 20.551018634194797], [-105.27063775155095, 20.551076697193977], [-105.27035377596061, 20.550882277278305], [-105.27032897503855, 20.55087581995768], [-105.27030419696203, 20.550882354622612], [-105.27018474142143, 20.55100170827256], [-105.27016923370992, 20.55102200312863], [-105.27016923371129, 20.551022003913545], [-105.26995618938601, 20.55130081237277], [-105.26991859171031, 20.551323907433243], [-105.26991859171007, 20.551323907300688], [-105.26978643099258, 20.551405088854384], [-105.26947814614121, 20.55165464530973], [-105.26947143517306, 20.551682390980147], [-105.26936353581314, 20.551698874224673], [-105.26931847367064, 20.551663087437248], [-105.26917689293106, 20.551713317416823], [-105.269092896054, 20.551786384117925], [-105.26905988691762, 20.551867692003785], [-105.26898678022538, 20.551849040352373], [-105.2688428960755, 20.551834702063726], [-105.26847509722101, 20.551812431905173], [-105.26824714765947, 20.551831550089872], [-105.268005741008, 20.55178399283898], [-105.26779752874087, 20.55181772642942], [-105.26755639792759, 20.551928563668934], [-105.26727994030048, 20.552106107648324], [-105.26708704384431, 20.552188043943286], [-105.26685491468068, 20.55232382931465], [-105.2666358863137, 20.55249347215726], [-105.26645468787876, 20.552662547825232], [-105.2663530699514, 20.552793970683474], [-105.26626917945282, 20.55292956980859], [-105.26625593443862, 20.55304251812912], [-105.26613425307578, 20.553086474764232], [-105.26598603076079, 20.553097103753778], [-105.26572934483107, 20.553195438385842], [-105.2655255948609, 20.553335720880487], [-105.26533308165484, 20.553411032130192], [-105.26511194704854, 20.553515551700148], [-105.26491963813751, 20.553709648215897], [-105.26478242349185, 20.55386876222496], [-105.26463220904304, 20.554052350227618], [-105.26449538947772, 20.554267460675188], [-105.2643223080899, 20.55452771167888], [-105.26423418545293, 20.554751195415356], [-105.26425208730797, 20.5549721409479], [-105.26425942763086, 20.555072108152764], [-105.26405059834694, 20.55515576326299], [-105.26390223111005, 20.55537267364205], [-105.26375022196623, 20.55555622113619], [-105.26359819696104, 20.55567311595498], [-105.26348656294641, 20.55571412597171], [-105.26335062601449, 20.555749059976822], [-105.26311326096855, 20.5557971390616], [-105.26285760020218, 20.555916906827814], [-105.26277190331535, 20.555930240293467], [-105.2626843131956, 20.555943363336805], [-105.26253050808464, 20.556003407848927], [-105.2624121598099, 20.55602420197464], [-105.26230816356465, 20.556007169291487], [-105.26223025024126, 20.55595708478664], [-105.26220361567694, 20.555918144509302], [-105.26215795111499, 20.55579105027198], [-105.2620851795364, 20.555539712565714], [-105.26205146128329, 20.555376564475925], [-105.26205520652407, 20.55527687226497], [-105.26211615853028, 20.55498318451397], [-105.26215471096266, 20.554897665983678], [-105.26216714597699, 20.55480800598812], [-105.26218013675305, 20.554716271377547], [-105.26237032718365, 20.554740164831657], [-105.26235737064343, 20.554831657237354], [-105.26234157230516, 20.55494556423876], [-105.26230061815002, 20.555036411386496], [-105.26224642536117, 20.555297531195077], [-105.2622439925836, 20.55536231066502], [-105.26227216320099, 20.555498617412276], [-105.26234154960372, 20.555738263005644], [-105.26237498646582, 20.555831325188745], [-105.26238199187038, 20.555835828083342], [-105.26241096557222, 20.55584057330459], [-105.26247558536954, 20.555829220121584], [-105.2626317833438, 20.555768241318628], [-105.26274119462062, 20.555751848500627], [-105.26279792586135, 20.555743021891825], [-105.26304937425434, 20.555625226852325], [-105.26330516807492, 20.555573415071997], [-105.26342628036693, 20.555542290650084], [-105.26350029006649, 20.555515102504152], [-105.2636121853636, 20.555429064573193], [-105.26374561730654, 20.555267948541008], [-105.26392123541675, 20.555011197528625], [-105.2640583680809, 20.554956263589354], [-105.26403966475148, 20.554725429305023], [-105.26414927603042, 20.55444745266611], [-105.26433177059894, 20.554173046060843], [-105.2644733799548, 20.553950406824136], [-105.26463194261102, 20.55375661625841], [-105.26477486086453, 20.55359088830143], [-105.26499514034849, 20.55336856212925], [-105.26525315242901, 20.553246611749916], [-105.26543085043969, 20.553177096414178], [-105.2656351790539, 20.55303641465288], [-105.26594154118234, 20.55291904991555], [-105.266078525805, 20.5529092270693], [-105.26608293045743, 20.55287166921411], [-105.2661922133573, 20.552695025597718], [-105.26630868062931, 20.55254439829361], [-105.26650715987348, 20.552359198483487], [-105.26674287680342, 20.552176629350107], [-105.2669965962836, 20.552028214614392], [-105.2671857385266, 20.55194787364925], [-105.26745977535747, 20.55177188414049], [-105.26773800136547, 20.55164399563257], [-105.2680092404694, 20.55160005150264], [-105.26825852487164, 20.551649159792614], [-105.26847272960171, 20.551631195107756], [-105.26885915104533, 20.55165459299606], [-105.26895107121618, 20.551663752957285], [-105.26907422203756, 20.55155662741179], [-105.26935613394332, 20.551456609503383], [-105.269392619959, 20.55148558559478], [-105.2696709932782, 20.551260241838296], [-105.26982138112932, 20.55116786447641], [-105.26991809550194, 20.551041295448126], [-105.26991809550128, 20.55104129507406], [-105.27003642404422, 20.55088643983949], [-105.270168763097, 20.550754213333928], [-105.27016876309781, 20.550754213796612], [-105.27020114370185, 20.550721860794013], [-105.2703286451888, 20.550688237608124], [-105.27043843617483, 20.55071682079973], [-105.27064631351841, 20.550859141056947], [-105.27068256268701, 20.550837998827916], [-105.27075408382315, 20.550837887092896], [-105.27088871745221, 20.55070375617773], [-105.27098805678044, 20.550601358919696], [-105.27112119636514, 20.550492289822696], [-105.27121598160238, 20.550466144798957], [-105.27124252754787, 20.55044106708121], [-105.271263820522, 20.55039882548356], [-105.2712880058047, 20.55030161490362], [-105.27137589528503, 20.550101646065812], [-105.27161191850941, 20.549786010495595], [-105.27167090284753, 20.54972096152367], [-105.27174825245217, 20.54963565835395], [-105.27192162397704, 20.549446059568574], [-105.27207783496311, 20.549305008404538], [-105.27226239237307, 20.5491971155162], [-105.27247436944442, 20.54915750989603], [-105.27266023773096, 20.549181564276225], [-105.27266868007564, 20.549185988594765], [-105.27267516699871, 20.549182675713602], [-105.2728137703748, 20.549180065731], [-105.27286071145461, 20.549202071402945], [-105.27286658451183, 20.549198822733505], [-105.27290341119894, 20.5491445638362], [-105.27304715810503, 20.54889108417841], [-105.27320622726796, 20.548696045263355], [-105.27334124086359, 20.54854910144821], [-105.27349958986066, 20.548401554142366], [-105.27379060801998, 20.54818536808064], [-105.2739821083647, 20.548069363395445], [-105.27420298553871, 20.547954184904572], [-105.27442056127937, 20.547884667787613], [-105.27459781787455, 20.54786335020424], [-105.27477502343349, 20.54790637187273], [-105.27482790297933, 20.547938223214867], [-105.27509974953608, 20.54807456690303], [-105.27546419670037, 20.54835370417943], [-105.27562287922558, 20.548421834855798], [-105.27587772791054, 20.54846138944976], [-105.27605248064135, 20.54847936036861], [-105.27640502230223, 20.548326279067034], [-105.27660547568514, 20.548158808700755], [-105.27678103621774, 20.547838014509857], [-105.27704917949544, 20.547406346281072], [-105.2773167360996, 20.54728425706485], [-105.27737494996045, 20.547266208382595], [-105.27743493933355, 20.547437867681015], [-105.2773888752105, 20.547452150594008], [-105.27718532385781, 20.547545032467003], [-105.27694922727834, 20.547925110806464], [-105.27675959862606, 20.548271611679066], [-105.27651111360555, 20.54847921203072], [-105.27608451704269, 20.54866444973595], [-105.27585169926923, 20.548640507197785], [-105.27556651154813, 20.54859624333691]]]}}, {"type": "Feature", "properties": {"id": "playa-libre-69", "kind": "playa_libre", "area_m2": 33355.6, "ancho_efectivo_m": 19.8}, "geometry": {"type": "Polygon", "coordinates": [[[-105.26201803022627, 20.555860739177174], [-105.2620453761784, 20.55595063988795], [-105.26204986775988, 20.555979196028737], [-105.26203622052765, 20.55600561999028], [-105.26201359568621, 20.55600857556125], [-105.2619783361399, 20.556015110436434], [-105.26192096641054, 20.556041183032825], [-105.2618211315975, 20.556032361143888], [-105.26167837320867, 20.556061906017824], [-105.26158775688657, 20.556111021834646], [-105.26156434825215, 20.556140499319415], [-105.2615467897666, 20.55616199366067], [-105.26151292422615, 20.55617308592479], [-105.26147967157057, 20.556162094973235], [-105.2614555176608, 20.556136983212472], [-105.2613739332443, 20.5560616616723], [-105.26124309015232, 20.55598052016461], [-105.26113227978219, 20.55592464747988], [-105.26100310634516, 20.555872370722113], [-105.26087280532619, 20.555869598631354], [-105.26082364682132, 20.555867985123292], [-105.26082364682217, 20.555867985615315], [-105.2606201365541, 20.555861307914814], [-105.2604186866299, 20.55586344153986], [-105.26029075165029, 20.55588740853303], [-105.26007364749596, 20.555955888941448], [-105.25982937919835, 20.556073724939044], [-105.25958353923706, 20.55622177315788], [-105.25932426777574, 20.556402434148833], [-105.25910538158213, 20.556561243032895], [-105.25877855189428, 20.556813114295174], [-105.25873673628972, 20.55685198656289], [-105.25851241904009, 20.557044640088442], [-105.2582016289302, 20.557311138277658], [-105.25790785767428, 20.557644720372956], [-105.25779075557863, 20.557816460233774], [-105.25766359606297, 20.558029496140946], [-105.25758724575165, 20.55819329762111], [-105.25745602548888, 20.55842867108864], [-105.25734357634931, 20.55867833237354], [-105.25721100683832, 20.55896670585527], [-105.25707190936095, 20.559262137031833], [-105.2569378416318, 20.55952723296057], [-105.2568378541153, 20.55971582520095], [-105.25671280810056, 20.560011507226523], [-105.2566242807985, 20.560186143355224], [-105.25653355157105, 20.560410844178957], [-105.25636699698548, 20.56062920545775], [-105.25615753400535, 20.560890633461632], [-105.25603576853688, 20.56110666735995], [-105.25597947297173, 20.5612206462545], [-105.25592760008168, 20.561300555429636], [-105.25584784819509, 20.561401624806688], [-105.2557985602974, 20.561454146400784], [-105.25568535418789, 20.56160122964004], [-105.25554261468238, 20.56183690777598], [-105.25545034794496, 20.562012039463582], [-105.25531168776956, 20.56227868512941], [-105.25528327471774, 20.562333687823674], [-105.25528327477467, 20.562333687823596], [-105.25520756470779, 20.562480249217735], [-105.25509755928648, 20.562746032912667], [-105.25501729294032, 20.56298531793347], [-105.25492776690318, 20.563224012934555], [-105.25487053114581, 20.56341126428013], [-105.25477531190135, 20.563668204108215], [-105.2546933255633, 20.563866567269468], [-105.25465733480713, 20.564174122938468], [-105.25454712947318, 20.564490200235007], [-105.25437591143694, 20.564870148861495], [-105.25430217369393, 20.564898991753232], [-105.25422259916796, 20.56492637392173], [-105.25402045929873, 20.56492644462307], [-105.25380573715425, 20.565005943141415], [-105.2536139488977, 20.565110249690143], [-105.25324847562682, 20.565294056153125], [-105.2531580869986, 20.565134641674945], [-105.25352074926407, 20.564952248235173], [-105.25372219216396, 20.564842691260523], [-105.25398406266102, 20.564745736562614], [-105.25418860759787, 20.564745665086836], [-105.25422996740085, 20.564731433158776], [-105.2543673393512, 20.564426594951918], [-105.2544687924367, 20.564135619187596], [-105.25450535779956, 20.563823151621136], [-105.25459526435476, 20.56360562863148], [-105.25468760885046, 20.563356447855103], [-105.25474494405107, 20.563168870219627], [-105.25483529277179, 20.56292798376262], [-105.2549164882962, 20.5626859288119], [-105.25503161212625, 20.562407780001784], [-105.25504144759057, 20.562388740135475], [-105.25504144720978, 20.562388740136033], [-105.2551392508959, 20.56219940850552], [-105.25527824124988, 20.561932129963726], [-105.25537319371031, 20.56175190169224], [-105.25552386135061, 20.561503134133538], [-105.25564864471991, 20.56134100878063], [-105.25569868922919, 20.56128768100016], [-105.25576841628127, 20.561199314902908], [-105.25581008516852, 20.561135125484697], [-105.25586391864172, 20.561026130946395], [-105.25599519368987, 20.560793225471375], [-105.25621247412963, 20.560522041628815], [-105.2563631029435, 20.56032456015494], [-105.25644772986237, 20.56011497219585], [-105.2565369047122, 20.559939059306295], [-105.25666257981318, 20.55964189004153], [-105.2567653764133, 20.559448000421416], [-105.25689755675377, 20.559186635692107], [-105.25703525873936, 20.55889417054343], [-105.25716721195653, 20.558607139958728], [-105.2572824686413, 20.558351244262205], [-105.25741424580046, 20.558114871611835], [-105.25749170325813, 20.557948695694275], [-105.25762625923846, 20.55772327043326], [-105.2577527164833, 20.55753780998615], [-105.25806251939362, 20.557186022842945], [-105.25838313288894, 20.55691110130553], [-105.25860464891598, 20.556720854810514], [-105.2586501274788, 20.556678577745355], [-105.25898605558938, 20.556419694704356], [-105.25920865093885, 20.556258194003544], [-105.25947467415918, 20.556072829749837], [-105.25973374573316, 20.555916812839257], [-105.25999902631682, 20.55578884043483], [-105.26024137149196, 20.555712398499935], [-105.26039872211544, 20.555682920527477], [-105.2606223992596, 20.555680551989152], [-105.26082333992727, 20.555687145004548], [-105.26082333992773, 20.555687145270912], [-105.26087831253511, 20.55568894896322], [-105.26104465474074, 20.555692488127118], [-105.2612155859312, 20.555761664364905], [-105.26134133025232, 20.55582506679756], [-105.26149497493165, 20.5559203486618], [-105.26151712440732, 20.555940797230416], [-105.26160830424553, 20.555891374277504], [-105.26180922072064, 20.5558497941285], [-105.26182579938546, 20.555851259118448], [-105.26182518246674, 20.555830400343062], [-105.26177746910352, 20.555763067168307], [-105.2617507689723, 20.555623011775552], [-105.26170487909796, 20.55551037722898], [-105.26167764212248, 20.5553242885013], [-105.26173185277538, 20.555024634621734], [-105.26174968685886, 20.554830434818374], [-105.26178105788753, 20.554727628612298], [-105.261805700317, 20.554641438107687], [-105.26199097481353, 20.554688430117896], [-105.26196591285743, 20.55477608783196], [-105.26193924156854, 20.55486349044756], [-105.26192233173823, 20.555047638077586], [-105.26187175778246, 20.555327193967145], [-105.26189193720396, 20.555465070672398], [-105.26193641484069, 20.5555742365594], [-105.26195925848975, 20.55569406514751], [-105.26201544346605, 20.555773353700758], [-105.26201803022627, 20.555860739177174]]]}}, {"type": "Feature", "properties": {"id": "playa-libre-70", "kind": "playa_libre", "area_m2": 49304.0, "ancho_efectivo_m": 19.8}, "geometry": {"type": "Polygon", "coordinates": [[[-105.25389076678275, 20.565460732449782], [-105.25377719290717, 20.565688327863754], [-105.2534838527676, 20.56589975528372], [-105.25330589803069, 20.56605913396791], [-105.25318132700507, 20.566130943899168], [-105.2529788822853, 20.566278363613254], [-105.25281759628999, 20.566441991492727], [-105.25261514399169, 20.56670952865133], [-105.25249095154776, 20.566919944931385], [-105.25238534083323, 20.567105483129975], [-105.25225738221678, 20.56729680796635], [-105.2520068822691, 20.56758074973865], [-105.25178757513572, 20.567806111252], [-105.25171967290542, 20.56798429308823], [-105.25158576562362, 20.56818006366761], [-105.2514040036129, 20.56843067827164], [-105.251291513595, 20.568713247508928], [-105.25115505430091, 20.568869347832266], [-105.25104785502428, 20.56903163055427], [-105.25094603767887, 20.56925588990519], [-105.25089684129425, 20.56944275141726], [-105.25085654370282, 20.56954023904991], [-105.25083309296741, 20.569631037289223], [-105.25080467480618, 20.56975400468087], [-105.2508009837552, 20.569826871195296], [-105.25079879122593, 20.56988671099725], [-105.25080559414059, 20.569931536143727], [-105.25081219137445, 20.570014329200397], [-105.25080237186472, 20.570075246300757], [-105.25080663174346, 20.570086894808625], [-105.25080663155508, 20.5700868948089], [-105.25081162409269, 20.57010054735159], [-105.25083401957536, 20.570137862650515], [-105.25084805830566, 20.570175901188986], [-105.25084924655792, 20.57024195288328], [-105.25082563586372, 20.570328871273585], [-105.25080597831145, 20.57040765330991], [-105.25077953441969, 20.57049585258826], [-105.25076541131791, 20.570558926492797], [-105.25071662662991, 20.57063572933782], [-105.25065808377458, 20.57072588528972], [-105.25062324841107, 20.5707777727349], [-105.25054150602506, 20.57085010882871], [-105.25048967053999, 20.5709331228755], [-105.25045387511383, 20.57113120296344], [-105.25039324587313, 20.5712077373093], [-105.25025157175986, 20.57136276463888], [-105.25019679681186, 20.57149744636897], [-105.25014602463757, 20.571663297517954], [-105.25015415663484, 20.57174247395484], [-105.25007632208913, 20.57194244538554], [-105.25008797631295, 20.571996870654402], [-105.25012834450484, 20.57202391953755], [-105.25013149783122, 20.572073098112057], [-105.25007839511906, 20.57218021747936], [-105.25012361164352, 20.572276786213905], [-105.25000263119829, 20.572389847205525], [-105.24990604008349, 20.572447124200764], [-105.24985373489527, 20.572527410749316], [-105.24974154870074, 20.572724244579696], [-105.24970122742096, 20.572855925206817], [-105.24965279435796, 20.57298570911022], [-105.24954275379069, 20.57336074292358], [-105.24949618334898, 20.573556994050254], [-105.24949864269921, 20.57370118118155], [-105.24958169013189, 20.573765238993534], [-105.24954930785013, 20.573863606736232], [-105.24945545860663, 20.574031182367893], [-105.24944185020836, 20.574117479813427], [-105.24939838413155, 20.57421553910127], [-105.24940621458933, 20.574302380348517], [-105.24940249483453, 20.57440883648262], [-105.24940255361827, 20.574445025703497], [-105.24937318381754, 20.57451261957432], [-105.24936557574827, 20.574563294656784], [-105.24938101327835, 20.574598254511], [-105.24935316840158, 20.57483619705243], [-105.24929874186908, 20.574952087534474], [-105.24924739349872, 20.57496878324937], [-105.24918972924817, 20.575067975255067], [-105.24915379082502, 20.57519963134787], [-105.24915381779718, 20.57521625218386], [-105.24910095082652, 20.575272223341326], [-105.24906887446956, 20.575335386167364], [-105.24898449529663, 20.575568770866138], [-105.24891012124323, 20.57569126723613], [-105.24889227727827, 20.57577468731876], [-105.24884103665418, 20.575853321131984], [-105.2487562737739, 20.57595153809678], [-105.24870770158233, 20.57607766231297], [-105.24868085707173, 20.576153843888243], [-105.24852574387361, 20.576323272630507], [-105.24838991426685, 20.57659215121561], [-105.24836178485717, 20.576690359001173], [-105.24835933843559, 20.5767652964965], [-105.2482976595408, 20.57674242081196], [-105.2482450191639, 20.576749748626533], [-105.2482168279888, 20.576788465065533], [-105.24821307326201, 20.5768489007037], [-105.24816114178309, 20.576821713458354], [-105.24813942397768, 20.576820987371836], [-105.24806792240764, 20.57687104915468], [-105.24799481046894, 20.57692035599587], [-105.24794708970683, 20.57698785482138], [-105.24788010453122, 20.577029662873716], [-105.24778761612923, 20.57713847161494], [-105.24778511699064, 20.577184491171696], [-105.24780372212786, 20.577230360338792], [-105.24785375713098, 20.577275035121367], [-105.24789003958031, 20.577287117650968], [-105.24789328681076, 20.57730152275645], [-105.2478659013974, 20.577309904937447], [-105.24782640871463, 20.577306928087463], [-105.24777559587147, 20.577279697561373], [-105.24773282092028, 20.577238803884043], [-105.24769413520784, 20.57723582584878], [-105.24766748753098, 20.577202493920588], [-105.24765696753258, 20.577175205705355], [-105.24760455659133, 20.57715237434629], [-105.24753478622581, 20.577108172284884], [-105.24748483976416, 20.577117139670914], [-105.24728117066174, 20.577257228051106], [-105.24707278017748, 20.577486624203182], [-105.24698249457359, 20.577689437509328], [-105.24695411287813, 20.577785757796867], [-105.24695411347628, 20.57778575779601], [-105.2469027344359, 20.577960126149545], [-105.24687331758378, 20.5782919132536], [-105.24685506939856, 20.57839632528804], [-105.24680024701088, 20.578481600561183], [-105.24674512098441, 20.578573809594083], [-105.24670546035829, 20.57871847510892], [-105.24669356478675, 20.578799454875995], [-105.24669800263872, 20.578850833732453], [-105.24673909915523, 20.578967883886083], [-105.24674489261858, 20.579033452793244], [-105.24672524417983, 20.57908285907951], [-105.2467056087073, 20.579144520005837], [-105.24669981559494, 20.579257079217452], [-105.24669287949389, 20.579285340243768], [-105.24667661968249, 20.579329735734568], [-105.24665495629554, 20.579428778879205], [-105.24660339788953, 20.579586409037073], [-105.24658423889541, 20.579592933236214], [-105.24654209377307, 20.579738278134553], [-105.24644614983171, 20.579938759758264], [-105.246393207989, 20.5800543164612], [-105.24636523486852, 20.58011118475758], [-105.24634275503696, 20.580130376745302], [-105.24629003385088, 20.58013297734274], [-105.24626249038005, 20.580125148864926], [-105.24617827818999, 20.58016059049092], [-105.24609716189424, 20.58022445953336], [-105.24600316439263, 20.580300677408957], [-105.24589170835051, 20.58042738172977], [-105.24582650600541, 20.580537585564986], [-105.24577404891909, 20.58065128267723], [-105.24576862561861, 20.580727985462115], [-105.24577527065036, 20.580771881176045], [-105.24580938516507, 20.580848040770295], [-105.24577063814586, 20.580940356336445], [-105.24576589376537, 20.581004210732427], [-105.24573891391059, 20.58101467300112], [-105.24567163252524, 20.580978400316326], [-105.24562294363531, 20.58097539355652], [-105.24560284141546, 20.580997643479698], [-105.24553995378415, 20.581120313635353], [-105.24557678491759, 20.58124157635817], [-105.24555022267805, 20.58133797513211], [-105.24543247920684, 20.581394850433494], [-105.24538151076233, 20.58144493620399], [-105.24528844892932, 20.581462474217314], [-105.24520827269204, 20.581458352642493], [-105.24505709484946, 20.581591018641376], [-105.24482179660576, 20.581690654860527], [-105.24471408320906, 20.58179238839278], [-105.24471419180175, 20.58192428711118], [-105.24465517152598, 20.582038853387004], [-105.24460518130488, 20.582283980162014], [-105.24458359704794, 20.582493374474804], [-105.24457616132187, 20.58265341931725], [-105.24457326336946, 20.582870112717522], [-105.2445542636025, 20.583124403368487], [-105.24454303079698, 20.583329564109672], [-105.24435670395587, 20.583222939256693], [-105.2443627004329, 20.583113407843495], [-105.24438143838964, 20.58286262626877], [-105.24438430492697, 20.582648330171075], [-105.24439209338064, 20.582480686443066], [-105.24441503200092, 20.582258151857474], [-105.24447147400271, 20.58198139083333], [-105.2445222495896, 20.5818828309368], [-105.24452211323691, 20.581717744738217], [-105.244710855081, 20.581539482715392], [-105.24494946518365, 20.581438444086285], [-105.24513718668955, 20.581273708168478], [-105.2452746319149, 20.581280774792976], [-105.24528469541708, 20.581278878326884], [-105.2453162186051, 20.58124790062003], [-105.24537105712965, 20.581221411482293], [-105.24533532871982, 20.581103779633533], [-105.24544072386807, 20.580898193430087], [-105.24553927235196, 20.580789118928283], [-105.2455844546862, 20.58079190840151], [-105.24557581097845, 20.580734809362657], [-105.24558477646666, 20.58060800853493], [-105.24565426200947, 20.580457404055764], [-105.24573265879569, 20.580324897804942], [-105.2458656938851, 20.580173663552237], [-105.24597299815575, 20.580086655895812], [-105.24607563547569, 20.580005841776], [-105.2462376495556, 20.57993765592069], [-105.24627055659533, 20.57986583232365], [-105.24636093875071, 20.579676972716484], [-105.24642534181051, 20.57945486764773], [-105.24644816131395, 20.579447097607673], [-105.24646884985523, 20.57938384667826], [-105.24649116108449, 20.57928184514094], [-105.24650817374916, 20.57923539289838], [-105.24650896783986, 20.579232157773106], [-105.2465150625668, 20.579113738272657], [-105.24654327428122, 20.57902514772779], [-105.24655007862239, 20.579008037352782], [-105.24654974341898, 20.579004248120057], [-105.2465085911257, 20.578887037158918], [-105.24650058471846, 20.57879433800754], [-105.246516882534, 20.578683388513074], [-105.24656558375894, 20.57850574672954], [-105.2466345119601, 20.5783904500094], [-105.24667172706584, 20.578332562781732], [-105.24668271713033, 20.578269684371673], [-105.24671299671303, 20.57792816697347], [-105.24675487482781, 20.577786041926785], [-105.24675487505964, 20.57778604192645], [-105.24680082300165, 20.577630104916175], [-105.24690742017742, 20.57739064992636], [-105.24714990426597, 20.577123724748375], [-105.24740650566042, 20.576947228808486], [-105.2475763986383, 20.576916726053817], [-105.2476764235446, 20.576980096317513], [-105.24774905702247, 20.576894647079893], [-105.24780880706791, 20.576857354799742], [-105.2478545327852, 20.576792678108948], [-105.247954799048, 20.576725057966794], [-105.24807895175289, 20.57663813239638], [-105.248093257871, 20.57663861068267], [-105.24813411238571, 20.576582502537413], [-105.24819640033645, 20.57657383262843], [-105.2482091588926, 20.57652928929856], [-105.24836354380403, 20.57622367987663], [-105.24851069478034, 20.576062949043173], [-105.2485263988541, 20.576018383387954], [-105.24858691861154, 20.57586123763751], [-105.24868411355168, 20.575748613017144], [-105.24871088723032, 20.575707526578626], [-105.24872812657746, 20.57562693114147], [-105.24880876876908, 20.575494113920993], [-105.24889086614684, 20.57526703792666], [-105.24893953694094, 20.57517120138086], [-105.24897311653523, 20.5751356505258], [-105.24900985822526, 20.575001051181246], [-105.24911467703117, 20.57482074632006], [-105.24915706645355, 20.574806964104585], [-105.24916567220977, 20.574788640201856], [-105.24918485806039, 20.574624695367483], [-105.2491682100341, 20.574586993898638], [-105.24918652271059, 20.574465020876072], [-105.24921059675468, 20.574409614326047], [-105.24921059089111, 20.574406001729105], [-105.24921404857791, 20.574307071182268], [-105.24920319808656, 20.574186748546406], [-105.24925554737456, 20.57406864995966], [-105.24927045033529, 20.57397414233209], [-105.24935468281221, 20.573823739170614], [-105.24930819856455, 20.573787884273795], [-105.24930394509906, 20.57353848145263], [-105.2493565166229, 20.573316941623823], [-105.2494695767185, 20.57293161875975], [-105.24951836530101, 20.572800881995327], [-105.24956281936535, 20.57265570646139], [-105.24968727421044, 20.572437347484634], [-105.24976589476331, 20.57231666719629], [-105.24988248041616, 20.572247533254846], [-105.24989479871725, 20.5722360216415], [-105.24986767196934, 20.572178086505364], [-105.24991191240231, 20.57208884423184], [-105.24987750199311, 20.571928154605796], [-105.24995894565707, 20.571718912502448], [-105.24995149523615, 20.57164637023107], [-105.25001467389217, 20.571439990874634], [-105.2500843246382, 20.571268732437932], [-105.25024343788145, 20.57109462304283], [-105.25027244935882, 20.57105800053284], [-105.2503064050217, 20.5708701058458], [-105.25039004373815, 20.570736156724795], [-105.25047408076512, 20.5706617915031], [-105.25049512270006, 20.57063044849182], [-105.25055242908374, 20.570542196468065], [-105.25058426511409, 20.570492076307055], [-105.25059310364874, 20.570452604958668], [-105.25062014692404, 20.570362405165373], [-105.25063926218277, 20.57028580161834], [-105.25065694357427, 20.570220710245874], [-105.2506567462849, 20.57020976247137], [-105.25063591518658, 20.570175053588468], [-105.25060556797011, 20.57009206628932], [-105.25060945477489, 20.570067955232652], [-105.25060945514048, 20.570067955232123], [-105.25061920977477, 20.570007441243053], [-105.25061472059576, 20.569951105349364], [-105.25060642604164, 20.569896455665326], [-105.25060924786749, 20.56981944829417], [-105.25061376351807, 20.569730318436225], [-105.25064608519322, 20.56959045797675], [-105.25067309903878, 20.569485862901786], [-105.25071355251357, 20.56938800008912], [-105.25076351099389, 20.569198245990925], [-105.25087717751845, 20.568947887961897], [-105.25099883190416, 20.568763722604306], [-105.25112305416773, 20.56862161980039], [-105.25123246666293, 20.568346782750986], [-105.25142584948011, 20.568080145918607], [-105.25154647335951, 20.567903796030883], [-105.25162001135314, 20.567710824921008], [-105.2518622684327, 20.567461881422375], [-105.25210173418708, 20.567190446433028], [-105.25221939451254, 20.567014520561642], [-105.25232252180382, 20.566833345064115], [-105.25245264455714, 20.566612882121877], [-105.25266852693152, 20.566327596848208], [-105.25284900340183, 20.566144500051227], [-105.25307222868459, 20.565981948190817], [-105.25318839043656, 20.56591498671949], [-105.25335906891306, 20.56576212384279], [-105.2536234251606, 20.56557158702791], [-105.25365968813567, 20.565498918506414], [-105.25363784781787, 20.565510196747493], [-105.25337947697678, 20.565604931073832], [-105.25330986139241, 20.56543652253969], [-105.2535565684286, 20.565346064983203], [-105.25387846497186, 20.56517983811984], [-105.25397538492975, 20.565152182181578], [-105.25405917743429, 20.565144600031314], [-105.2541114514741, 20.56514691337143], [-105.25410940115742, 20.56518635597707], [-105.2539780673112, 20.565295971439713], [-105.25389076678275, 20.565460732449782]]]}}, {"type": "Feature", "properties": {"id": "playa-libre-71", "kind": "playa_libre", "area_m2": 5318.4, "ancho_efectivo_m": 17.9}, "geometry": {"type": "Polygon", "coordinates": [[[-105.24477691478079, 20.585508371693273], [-105.24477691486986, 20.58550837169315], [-105.24477690462888, 20.58550856869293], [-105.24476507540878, 20.585534031767217], [-105.24476507539863, 20.585534031767228], [-105.24475827719147, 20.585548665281085], [-105.24480974607648, 20.58565971837845], [-105.2448630292782, 20.58572488126113], [-105.24481925102963, 20.585876511626523], [-105.24482791123765, 20.585900030078303], [-105.24495585629121, 20.585937291573245], [-105.24490902709151, 20.58610723867742], [-105.24462794588631, 20.58629135936791], [-105.2446865364606, 20.586191539634314], [-105.24473046871493, 20.586174237681686], [-105.24470895087867, 20.586113799959968], [-105.24472406395374, 20.586058951622267], [-105.24467841137175, 20.586045656421952], [-105.24461850708997, 20.58588297073611], [-105.24465284180458, 20.58576404790635], [-105.24464329179747, 20.58575236969913], [-105.24454884204542, 20.585548578254176], [-105.2445673834737, 20.58550866795169], [-105.24456738356888, 20.585508667951554], [-105.24458405822404, 20.585472775893823], [-105.24455332146964, 20.585413210501976], [-105.24418398498, 20.585215657925218], [-105.244112028216, 20.584960518001992], [-105.24415006366422, 20.58459038858844], [-105.24419075214378, 20.584422892758933], [-105.24422716698366, 20.584231480979305], [-105.24424348633268, 20.584104356332325], [-105.2444338321464, 20.584127433053485], [-105.24441703526603, 20.584258281232945], [-105.24437885069295, 20.584458997231675], [-105.24433989457654, 20.584619361234612], [-105.24430637443078, 20.584945558395273], [-105.24434879632344, 20.585095973582835], [-105.24469990079831, 20.5852837737134], [-105.24478044522127, 20.58543986280766], [-105.24477691478079, 20.585508371693273]]]}}, {"type": "Feature", "properties": {"id": "playa-libre-72", "kind": "playa_libre", "area_m2": 51179.6, "ancho_efectivo_m": 19.8}, "geometry": {"type": "Polygon", "coordinates": [[[-105.24466617227522, 20.58780119184394], [-105.2445308731244, 20.587911253877525], [-105.24445698579439, 20.587871176004672], [-105.24444646310336, 20.5878808603157], [-105.24442506479816, 20.588035284497305], [-105.24441586706385, 20.58819181219384], [-105.24451446649752, 20.588525601692403], [-105.24435555252376, 20.58857203097246], [-105.24428051600322, 20.588616145954806], [-105.24416017503121, 20.588688331079016], [-105.24411343675786, 20.5887687281406], [-105.24410513757479, 20.58889676578209], [-105.24408039448929, 20.589081260171564], [-105.24407338806397, 20.58915757019801], [-105.2441002568782, 20.589239792593112], [-105.24420318366725, 20.589313489695538], [-105.24423079411841, 20.589446205195692], [-105.24427415325741, 20.589613761220498], [-105.24420338800091, 20.58989218673658], [-105.24418919148127, 20.590016799905943], [-105.24422780362478, 20.590245839175644], [-105.2443086211146, 20.59047440950557], [-105.24450901339247, 20.590615611469808], [-105.2442101791408, 20.590878442185915], [-105.24416607117082, 20.59090379083024], [-105.24413043907003, 20.59100555232665], [-105.24414195909591, 20.59118464257188], [-105.24399217933605, 20.591511454362642], [-105.2440152489599, 20.591772529260346], [-105.24394950054271, 20.591878075001684], [-105.24396949163986, 20.591947222934852], [-105.24395241186673, 20.592041520677157], [-105.24396612650304, 20.592208607990393], [-105.24384724813132, 20.592299648994693], [-105.24383776389766, 20.59248954248161], [-105.24363155312784, 20.592465273118496], [-105.2434979891184, 20.59252649131609], [-105.24338251995165, 20.592629170109596], [-105.243306407342, 20.59274525985248], [-105.2431718937153, 20.593037589683746], [-105.24308802884008, 20.593236597470394], [-105.24308802892322, 20.593236597470277], [-105.24302267536433, 20.5933916786349], [-105.24298954570061, 20.593515321590914], [-105.24290243689455, 20.593626455884216], [-105.2426743787245, 20.593694174689368], [-105.24251681056235, 20.593795593601502], [-105.24234327323629, 20.593855145585948], [-105.24199981971942, 20.59404780526156], [-105.24193862239376, 20.594108359872713], [-105.24189900313279, 20.594179919070584], [-105.24175978564521, 20.594185076270996], [-105.24153041851989, 20.594306037410256], [-105.24137821210257, 20.59449331072511], [-105.24136821302282, 20.594538555351654], [-105.24122681972774, 20.594621204408096], [-105.24109901955617, 20.594771132832673], [-105.24102785880814, 20.59498804122441], [-105.24099024230239, 20.595099720939036], [-105.24106202954452, 20.595182436884976], [-105.24114131865649, 20.595237931289656], [-105.24111250834191, 20.595304224407542], [-105.24109628584223, 20.595381147111027], [-105.24104602644225, 20.59539896388603], [-105.24088249222802, 20.59533413691224], [-105.2407743111583, 20.59534984934976], [-105.24051591283711, 20.595464754764794], [-105.24042071728415, 20.595637148768667], [-105.24027100465857, 20.595860241817125], [-105.24011773416812, 20.59607532021092], [-105.24001092149892, 20.59628209858743], [-105.23994415156024, 20.596465156938102], [-105.23983141387842, 20.596761093625904], [-105.23978770887148, 20.596876311879488], [-105.23974521818002, 20.5968972774026], [-105.23971449794352, 20.596940668444677], [-105.23971801083948, 20.59699079266444], [-105.2396156561319, 20.597269839153242], [-105.239553092138, 20.597460734771747], [-105.23951990149378, 20.597576546512826], [-105.23948284430068, 20.59770089811357], [-105.23941658127141, 20.597926681418418], [-105.23935472140157, 20.59811835307742], [-105.23931221965405, 20.59824932743476], [-105.23924609842685, 20.598430372271405], [-105.2391239056734, 20.598724609209263], [-105.23905557126491, 20.59892239894806], [-105.2389926045443, 20.599181484248376], [-105.2389784986472, 20.59945551263297], [-105.23896428963204, 20.599679412979697], [-105.2389138216094, 20.600018319533163], [-105.23888275110998, 20.600083208474402], [-105.23887472204659, 20.60012288493736], [-105.23888301795213, 20.60021691123372], [-105.2388272737335, 20.60032932299262], [-105.23878386888268, 20.60052932723101], [-105.23878595348963, 20.60071310142419], [-105.23878146378074, 20.600867507721254], [-105.23877490310242, 20.600989248991297], [-105.23877490268394, 20.600989248991873], [-105.23877047922451, 20.601071318326202], [-105.23870489387033, 20.601462735817623], [-105.23867330163877, 20.601761717690568], [-105.23865220722755, 20.60217112224741], [-105.23863402535837, 20.602261792051184], [-105.23858218615678, 20.602353892607027], [-105.23855817071633, 20.602367071322153], [-105.23856822785531, 20.602497671131985], [-105.23849687564596, 20.60268117068728], [-105.23846132041518, 20.602838949554627], [-105.23846806008778, 20.602964729614047], [-105.23847119053718, 20.60337190765048], [-105.23854093615566, 20.603742596752568], [-105.23853147290967, 20.604007915984866], [-105.23852205395433, 20.60435229477647], [-105.23847471067107, 20.60465388073846], [-105.23842394292313, 20.604946136303617], [-105.23835208121662, 20.605207055144113], [-105.23820821742204, 20.60547351463967], [-105.23808378805916, 20.605495407666858], [-105.23783235137952, 20.605482215952744], [-105.23756045049146, 20.605466067397195], [-105.23732483124147, 20.605447727989738], [-105.23702034198406, 20.605423358979085], [-105.23707202460804, 20.605246123685955], [-105.23734086620094, 20.605267639178525], [-105.23757439951765, 20.605285816977553], [-105.23784373267769, 20.6053018127233], [-105.2380713188065, 20.605313753247618], [-105.23807998148536, 20.605312228692956], [-105.23817152684359, 20.605142673008647], [-105.23823594240194, 20.604908790286427], [-105.23828505164323, 20.604626080886877], [-105.23833047954184, 20.604336698931412], [-105.23833961925978, 20.6040025565187], [-105.23834843364389, 20.603755465620466], [-105.23827937746995, 20.603388440491777], [-105.23827615987437, 20.602969939547712], [-105.23826836680001, 20.60282450580767], [-105.23831195209706, 20.60263109777733], [-105.23837381386697, 20.602472006791658], [-105.23835808100863, 20.60226770355722], [-105.23843823442131, 20.602223716012485], [-105.2384508193249, 20.602201358033817], [-105.23846114208835, 20.602149877408884], [-105.2384818289793, 20.601748384457437], [-105.2385144486679, 20.601439688393008], [-105.23857930901988, 20.601052604735322], [-105.23858429072993, 20.6009601576817], [-105.23858429115296, 20.600960157681122], [-105.23858966516227, 20.600860455073338], [-105.23859399287265, 20.600711593498396], [-105.2385917293844, 20.600512006530778], [-105.23864376995105, 20.600272216617345], [-105.23868752069667, 20.600183990084776], [-105.23868128128514, 20.600113278363494], [-105.23869845754521, 20.60002840110149], [-105.23872756336492, 20.599967615445753], [-105.23877315685601, 20.599661447715576], [-105.23878684535117, 20.599445747376507], [-105.2388017219272, 20.599156760631285], [-105.2388703958874, 20.5988741919576], [-105.2389431203044, 20.598663697013713], [-105.2390658975101, 20.598368053387734], [-105.23912964052208, 20.598193521448124], [-105.23917112718811, 20.59806567590101], [-105.23923223565932, 20.597876332117163], [-105.23929795102069, 20.59765241738097], [-105.23933485083167, 20.597528591028073], [-105.23936868585469, 20.597410531172685], [-105.23943320322276, 20.597213679085236], [-105.23952394805922, 20.596966283858965], [-105.23951870186119, 20.59689141600965], [-105.23961271546762, 20.596758627187484], [-105.23963219259726, 20.596749016609397], [-105.23965071406242, 20.596700191056332], [-105.23976305542638, 20.596405293268944], [-105.23983320624775, 20.596212967480138], [-105.23995095554186, 20.595985017116575], [-105.24011016476284, 20.595761605744002], [-105.24025415709477, 20.595547035412284], [-105.24037546883366, 20.5953273477569], [-105.2407175322825, 20.595175239630294], [-105.24079780405083, 20.595163579880012], [-105.24077589067505, 20.595138330326392], [-105.24084469756802, 20.594934052242248], [-105.24092644338177, 20.594684877837018], [-105.24109769873206, 20.594483969227277], [-105.24119707898981, 20.594425879110698], [-105.24119922288527, 20.59441617867042], [-105.24140207804625, 20.594166586634675], [-105.24170620258532, 20.594006201007517], [-105.24178026170587, 20.594003457189544], [-105.24178094205962, 20.594002229147815], [-105.24187895533049, 20.593905246832808], [-105.24226057629367, 20.593691177327454], [-105.24242842506247, 20.593633577044987], [-105.24258954488349, 20.59352987254169], [-105.24278512455031, 20.593471798392518], [-105.24281269525831, 20.59343662224859], [-105.24283965471461, 20.59333600723412], [-105.24288142527959, 20.593236887663863], [-105.24288142608454, 20.59323688766273], [-105.24299460381677, 20.592968320218855], [-105.24313581672475, 20.592661432216783], [-105.24323244138937, 20.592514058130483], [-105.24338757668215, 20.592376104860072], [-105.24359880281195, 20.592279292072323], [-105.24365579599417, 20.59228599966658], [-105.24365957005682, 20.592210435187436], [-105.24376702768654, 20.592128141002103], [-105.24375923156886, 20.592033166291852], [-105.2437731761096, 20.591956181473975], [-105.24374311626077, 20.591852201211125], [-105.24381894852355, 20.591730467770198], [-105.24379693752704, 20.59148137039736], [-105.24394762422817, 20.591152577701077], [-105.24393664555787, 20.590981880233084], [-105.24400588862798, 20.59078412875315], [-105.24409348424317, 20.590733786621485], [-105.24421042710348, 20.590630934486526], [-105.24414551520697, 20.59058519632377], [-105.2440407296938, 20.590288838994976], [-105.24399564666469, 20.590021408442905], [-105.24401387681722, 20.589861390095088], [-105.24407671875872, 20.589614142864555], [-105.24404329703427, 20.58948499030803], [-105.24402888606443, 20.589415720637273], [-105.24393497434866, 20.589348478704213], [-105.2438789631127, 20.58917707481057], [-105.24388951630155, 20.589062147979416], [-105.24391395423193, 20.58887992118224], [-105.24392449022496, 20.588717389005797], [-105.24401549887492, 20.58856084176455], [-105.24417814016465, 20.588463283545394], [-105.2442749723961, 20.588406355484643], [-105.244279635726, 20.58840499259449], [-105.24422249642745, 20.588211556956058], [-105.24423383665611, 20.588018576747462], [-105.24426476466648, 20.587795385865583], [-105.24442680656605, 20.58764624794497], [-105.24450855761793, 20.587690591469105], [-105.24451090746157, 20.587688679741113], [-105.24455820152087, 20.587597296691623], [-105.24464556427105, 20.587450303529227], [-105.2447560649749, 20.5873501221312], [-105.24478153162674, 20.587131439714238], [-105.24481749387506, 20.58708044556067], [-105.24472184248458, 20.58701915490095], [-105.24467958833813, 20.586819257454952], [-105.24476929587347, 20.586663929694826], [-105.24470672985083, 20.586573132981872], [-105.24495948043865, 20.5866176238479], [-105.24499246048683, 20.586655783260717], [-105.2448813715361, 20.586848133056645], [-105.24489473375117, 20.586911347315304], [-105.24508234518274, 20.5870315643749], [-105.24496721682024, 20.587194814918796], [-105.2449392580253, 20.58743490270072], [-105.24479915113339, 20.58756192513068], [-105.24472833424561, 20.587681079386815], [-105.24466617227522, 20.58780119184394]]]}}, {"type": "Feature", "properties": {"id": "playa-libre-73", "kind": "playa_libre", "area_m2": 3141.3, "ancho_efectivo_m": 17.8}, "geometry": {"type": "Polygon", "coordinates": [[[-105.23769381643247, 20.605835237134034], [-105.2376694719778, 20.605952903112673], [-105.23756275027827, 20.606065102555753], [-105.23746027890209, 20.606080032544355], [-105.23726532956387, 20.606049238904003], [-105.23719300422201, 20.60608036054673], [-105.23706341344314, 20.606049192372232], [-105.23690136506157, 20.606016907447337], [-105.23685221012825, 20.60599993740151], [-105.23690320579408, 20.605825056987687], [-105.23695454130616, 20.605842780345093], [-105.23710705201192, 20.605873164475717], [-105.23717485468738, 20.605889472736674], [-105.23723906058035, 20.605861844718426], [-105.23746151164403, 20.605896981278715], [-105.2374655644785, 20.60589639108318], [-105.23748034656563, 20.605880850539613], [-105.23747473501837, 20.6058776143211], [-105.23742398002634, 20.605854298841987], [-105.23740638726694, 20.605853906438522], [-105.237210537943, 20.60582615458441], [-105.23712227448148, 20.605800450748536], [-105.23701389177975, 20.60579134105858], [-105.23691801598667, 20.605774268804787], [-105.23696900100424, 20.605599424526865], [-105.23704032195398, 20.605612123557954], [-105.23715957926294, 20.605622148122308], [-105.23725341999533, 20.60564947528669], [-105.23742300517836, 20.605673505989614], [-105.23747045019502, 20.6056745631072], [-105.23756715436437, 20.605718987710382], [-105.23766104832815, 20.60577313615165], [-105.23769381643247, 20.605835237134034]]]}}, {"type": "Feature", "properties": {"id": "playa-libre-74", "kind": "playa_libre", "area_m2": 57334.0, "ancho_efectivo_m": 19.9}, "geometry": {"type": "Polygon", "coordinates": [[[-105.2378095355424, 20.606641976918212], [-105.23768951229897, 20.60668812708406], [-105.2375191511971, 20.60702188189854], [-105.23738147446137, 20.607295840192297], [-105.23734601752054, 20.607374090055906], [-105.23735302616842, 20.607409371448327], [-105.23733604297985, 20.60746373728475], [-105.23728245977141, 20.60748106417517], [-105.23708978614374, 20.607854835291263], [-105.23699960999366, 20.608033451607167], [-105.23683286939598, 20.60829615337961], [-105.23669184461484, 20.608492962688405], [-105.23654028653743, 20.608709606763234], [-105.23654028627742, 20.608709606763593], [-105.23651613970648, 20.60874412299015], [-105.23650467232588, 20.60880583559638], [-105.23648527226649, 20.60884100947139], [-105.23645187446763, 20.60886851375499], [-105.23637527328593, 20.608905375152855], [-105.23630721201111, 20.60891947490208], [-105.23611828021359, 20.608984417260082], [-105.2358647463143, 20.609086318967226], [-105.23565382894505, 20.609243617067996], [-105.23558430804516, 20.609330972488166], [-105.23557617283173, 20.609386733898543], [-105.2355620146687, 20.6094220451031], [-105.23551144939422, 20.609453445426926], [-105.23540063233955, 20.609632448649375], [-105.23533047800827, 20.609783749901695], [-105.23519293190333, 20.60998687844718], [-105.23517475994032, 20.61014282117992], [-105.23518622237123, 20.610259453134024], [-105.23517301983004, 20.61039664301354], [-105.23513092154748, 20.610505447646123], [-105.23506663537849, 20.6106080159726], [-105.23503127660402, 20.61069208620608], [-105.23497708190608, 20.610918025560064], [-105.23492168209128, 20.611023437127074], [-105.23485217776003, 20.611099227045543], [-105.2347820699124, 20.611207734402385], [-105.23475351518762, 20.611343089997618], [-105.23472630292167, 20.611476465783127], [-105.23465255367789, 20.611574996863613], [-105.23456335590701, 20.611678146391995], [-105.23450476840375, 20.611860155799377], [-105.23445617070583, 20.611990783784044], [-105.23436196642866, 20.612169125839255], [-105.23428486788308, 20.6122863414224], [-105.2342072307691, 20.61246946176196], [-105.2341439452527, 20.61260979253002], [-105.23400731918318, 20.61284238253601], [-105.2338981473481, 20.613085883300435], [-105.2336802998024, 20.613452065410435], [-105.23352120339375, 20.61383619107889], [-105.23330724596876, 20.614184292740763], [-105.23320754393521, 20.61439506995374], [-105.23321202640389, 20.614497509530942], [-105.23317476495976, 20.614566765604533], [-105.23318552601592, 20.61462312035144], [-105.23323719543171, 20.614661183450288], [-105.23326631288502, 20.61469686255156], [-105.23326462443275, 20.614756582833998], [-105.23323030988159, 20.614813555923902], [-105.2331423812347, 20.61500771084539], [-105.23310194546312, 20.61512472823444], [-105.23302921064759, 20.615317825269983], [-105.2330395020341, 20.615391615610346], [-105.23302994663948, 20.615407966479495], [-105.23295535637519, 20.6154135853119], [-105.23290479273574, 20.615412985694164], [-105.23286773790072, 20.6155028552385], [-105.23287219556323, 20.61556005251417], [-105.2328487600325, 20.615647044713686], [-105.2328717745075, 20.615683992619942], [-105.23282437747442, 20.615842845137998], [-105.23281365902264, 20.615856182249434], [-105.23280819969122, 20.61588129160143], [-105.23282918268923, 20.615941805416416], [-105.2328593688753, 20.61601056301911], [-105.23281346142835, 20.616335614405862], [-105.2328006218791, 20.616392616305845], [-105.23280062200129, 20.616392616305685], [-105.23272456050427, 20.61673029902702], [-105.23263076419785, 20.617052844080067], [-105.23249925299557, 20.617449690392814], [-105.23244208415015, 20.61783531511892], [-105.2323575924464, 20.61815969714632], [-105.23229704025495, 20.61829309831833], [-105.23229536767491, 20.618320513062184], [-105.23232336100105, 20.61850379858477], [-105.23230133265558, 20.618902127574334], [-105.23226939778635, 20.61908172833998], [-105.23226675443418, 20.619146207319933], [-105.23228360190893, 20.619426282393103], [-105.2322639844892, 20.61982028889227], [-105.23222876554289, 20.61992047219093], [-105.2321913325352, 20.61996887227983], [-105.23218657157943, 20.62004583099602], [-105.23225733226974, 20.62016590376248], [-105.23224457938524, 20.620568959582666], [-105.23225773144306, 20.620958283811888], [-105.23225504215281, 20.621103884355826], [-105.2322126410315, 20.62117763075275], [-105.23208576677837, 20.621207682321227], [-105.23207431069986, 20.621220338155517], [-105.23207126442067, 20.62124193826583], [-105.2321075071152, 20.621420561855622], [-105.23205768887225, 20.621828977843137], [-105.23202452908357, 20.62224910918267], [-105.23203548906166, 20.622657115498367], [-105.23199486832168, 20.623077119466046], [-105.23200781395961, 20.62350337939061], [-105.23204671195927, 20.623925865348518], [-105.23206604304912, 20.624138744439854], [-105.23206604354756, 20.624138744439186], [-105.23208174312256, 20.62431162698521], [-105.23219821957242, 20.624665885427756], [-105.23220869338522, 20.625106010683226], [-105.23220062003892, 20.625521638078798], [-105.23219199481193, 20.625717657389274], [-105.23224048595974, 20.625821537683663], [-105.23222754922014, 20.625930197447783], [-105.23220578930854, 20.625942334916733], [-105.2322019474905, 20.626021044424117], [-105.23222729458337, 20.62643819640689], [-105.23226970713452, 20.626862679810383], [-105.23231592008796, 20.627265782544484], [-105.2323373162613, 20.627492013925067], [-105.23242902410207, 20.627599457635807], [-105.2324881232584, 20.62800115230836], [-105.23255591794263, 20.62838708641815], [-105.2325219972347, 20.628503292357504], [-105.23249787468589, 20.62852418619972], [-105.23247750529963, 20.62853067885898], [-105.2323180125888, 20.62850945012848], [-105.23222299887526, 20.628463570263982], [-105.23208119187692, 20.628450991179477], [-105.23205897891344, 20.628453866451146], [-105.23188855840202, 20.628491438305463], [-105.23185427949304, 20.628503929576095], [-105.2316654501539, 20.62860238597886], [-105.23144911152814, 20.628806171739065], [-105.23131332889571, 20.628678422148738], [-105.23154878518169, 20.62845662932394], [-105.23177274833442, 20.62833985425093], [-105.23183174948389, 20.628318354378333], [-105.2320239411954, 20.628275982341684], [-105.23207706626557, 20.628269105078104], [-105.23227776208826, 20.628286908216435], [-105.23234986204734, 20.62832172268478], [-105.2322983171409, 20.628028296017902], [-105.23224615177959, 20.627673723651476], [-105.23215126229043, 20.62756255225775], [-105.23212487004712, 20.62728349325939], [-105.23207870914027, 20.6268808385859], [-105.23203584488687, 20.626451823288274], [-105.23200973150335, 20.626022059873176], [-105.23201878375964, 20.62583658680661], [-105.23203389390274, 20.62582815762489], [-105.23199835449309, 20.62575202294899], [-105.23200872994605, 20.625516245665423], [-105.23201669161028, 20.625106382480528], [-105.23200690621795, 20.624695189517148], [-105.23189224201673, 20.62434644317467], [-105.23187354070245, 20.624140492017936], [-105.23187354020729, 20.6241404920186], [-105.23185545826078, 20.62394136490557], [-105.23181609042932, 20.62351377329401], [-105.2318026584437, 20.62307148867636], [-105.23184330901235, 20.62265118652159], [-105.23183238926022, 20.622244687338455], [-105.23186654405754, 20.621811965753782], [-105.23191345710033, 20.621427361745045], [-105.23187688970727, 20.621247131045696], [-105.23189147645479, 20.621143700875113], [-105.23197944950134, 20.621046512755086], [-105.23206448704576, 20.621026371203335], [-105.232065720921, 20.620959585436527], [-105.23205253118297, 20.620569141679944], [-105.23206389055527, 20.620210158083104], [-105.23199170104466, 20.620087660991164], [-105.23200297883848, 20.619905391687116], [-105.23205594720368, 20.619836904548492], [-105.23207347215153, 20.619787052032404], [-105.23209139207628, 20.619427163221335], [-105.23207458927476, 20.619147835343274], [-105.23207805740516, 20.619063249268795], [-105.23211020662362, 20.618882446461257], [-105.23213069127061, 20.618512038979137], [-105.23210262353687, 20.61832826919429], [-105.23210732859818, 20.61825116144642], [-105.23217490508482, 20.618102285797917], [-105.2322533254787, 20.617801214940858], [-105.23231132037996, 20.61741002118131], [-105.23244651697523, 20.617002054871353], [-105.23253794483645, 20.616687656339533], [-105.23260434182444, 20.616392880575876], [-105.23260434228334, 20.61639288057526], [-105.2326241559101, 20.616304913787186], [-105.23266230499664, 20.61603479638748], [-105.23264898546725, 20.616004455176128], [-105.23260996070772, 20.61589190834158], [-105.23263433243532, 20.615779806591426], [-105.23264939901865, 20.61576106101573], [-105.23266489793255, 20.61570911299033], [-105.23264333627301, 20.61567449529152], [-105.23267848019262, 20.615544039573734], [-105.23267313478902, 20.615475440059203], [-105.23277404680651, 20.615230702454827], [-105.2328579892765, 20.615231697198613], [-105.23292019223138, 20.615066560957118], [-105.2329624780654, 20.61494418999758], [-105.23304938436982, 20.614752294638844], [-105.23300956483835, 20.614722960548413], [-105.23297445982926, 20.61453913254435], [-105.23301817948524, 20.614457874326764], [-105.23301390692484, 20.614360215406524], [-105.23313602778157, 20.614102044074162], [-105.23334770885577, 20.613757646836685], [-105.23350631412372, 20.61337470841163], [-105.23372546197116, 20.61300634075597], [-105.23383443220908, 20.61276329036205], [-105.23397115611091, 20.612530533190593], [-105.23402973483742, 20.612400639110124], [-105.23411283062639, 20.612204646901844], [-105.23419407719005, 20.6120811249713], [-105.23427897323438, 20.611920402265877], [-105.23432226062623, 20.61180405117842], [-105.23439062852843, 20.611591656765274], [-105.23449949384842, 20.61146576323776], [-105.23454559901886, 20.611404165526846], [-105.23456512981339, 20.611308439650355], [-105.23460042203627, 20.611141145329565], [-105.23469647611199, 20.610992480267328], [-105.23476046167296, 20.610922709556178], [-105.23479489414942, 20.610857193353535], [-105.2348473286891, 20.610638590966207], [-105.23489369960096, 20.610528340258384], [-105.23495662541659, 20.610427943387368], [-105.23498411426688, 20.61035689751319], [-105.23499347499781, 20.610259625789794], [-105.23498184404819, 20.610141276306884], [-105.23500701547138, 20.609925269004094], [-105.23516056623392, 20.609698504146778], [-105.23522918543428, 20.60955051584072], [-105.2353682528184, 20.60932588221457], [-105.23539360160865, 20.609310140419588], [-105.23540091254331, 20.6092600375801], [-105.23551514475442, 20.60911650052651], [-105.23576573145168, 20.608929618844385], [-105.23604763781809, 20.60881631306292], [-105.23625343704227, 20.608745572824372], [-105.23630990958365, 20.60873387353806], [-105.23632449118746, 20.608726857030067], [-105.23633393508116, 20.608676034679924], [-105.23653213418002, 20.60839271899032], [-105.2366708080577, 20.608199190384912], [-105.23683017033147, 20.607948113749508], [-105.23691676828825, 20.607776586648566], [-105.2371446316476, 20.60733455014984], [-105.23715707757259, 20.607330526514694], [-105.23720638762481, 20.6072217060525], [-105.23734590157608, 20.606944093019074], [-105.23752483201953, 20.606593550353065], [-105.23746064066937, 20.606582409482556], [-105.23714541169821, 20.60653053269896], [-105.2370712349397, 20.60648601372874], [-105.23673339671731, 20.60640738085772], [-105.23678423227373, 20.60623305280402], [-105.2371478588015, 20.606317688070035], [-105.2372162412234, 20.60635872886798], [-105.23749456296271, 20.606404532525048], [-105.23765472486987, 20.606432330394224], [-105.23779335248045, 20.606464655854765], [-105.2378460811204, 20.60652091196936], [-105.23784438207507, 20.60658560757546], [-105.2378095355424, 20.606641976918212]]]}}, {"type": "Feature", "properties": {"id": "playa-libre-75", "kind": "playa_libre", "area_m2": 22102.4, "ancho_efectivo_m": 19.6}, "geometry": {"type": "Polygon", "coordinates": [[[-105.23269535980576, 20.62942202471214], [-105.23269174640046, 20.62982202450095], [-105.23273335552749, 20.63023106709987], [-105.23278025331976, 20.630636098697433], [-105.23281559256462, 20.631044109642303], [-105.23284252876302, 20.631469974333314], [-105.23288351178611, 20.631855605432335], [-105.23288351189814, 20.63185560543147], [-105.23288558394684, 20.631875103441534], [-105.23288639823635, 20.6318827655023], [-105.23288639819229, 20.631882765502358], [-105.23288736521917, 20.631891865237357], [-105.23297216560145, 20.632306748118545], [-105.23303808314557, 20.632719784157565], [-105.2331186874781, 20.633135658406644], [-105.23320529858694, 20.633398099000118], [-105.23328451480062, 20.633494036336288], [-105.23324475000891, 20.633657568048378], [-105.23326845603877, 20.634072086801982], [-105.23330162324484, 20.634304332578306], [-105.23338642372741, 20.634409811530258], [-105.23348691092203, 20.63445196137171], [-105.23350694353327, 20.63458285836229], [-105.2334983932754, 20.634620806566524], [-105.23355228730111, 20.634906349163103], [-105.23357003733018, 20.635076167174454], [-105.23363145929865, 20.63530340756418], [-105.23369352653954, 20.63546153087404], [-105.23380341368564, 20.635541399322975], [-105.23389602678367, 20.635655714547703], [-105.23404709271432, 20.636056069240556], [-105.23416924020559, 20.636442757224916], [-105.23418826311536, 20.636576292165806], [-105.23412657863447, 20.636679660603278], [-105.23400970052329, 20.63674160881689], [-105.23387164957944, 20.636786281735947], [-105.23374028153827, 20.63683362647346], [-105.23364967505667, 20.63688472282286], [-105.23357523772849, 20.63697473417232], [-105.23351431870017, 20.637188838120515], [-105.23332887717014, 20.63714208092845], [-105.23339985973308, 20.6368926119995], [-105.23352023324338, 20.636747053214027], [-105.23365599615325, 20.63667049300649], [-105.23380610515456, 20.6366163929677], [-105.233930752018, 20.63657605745451], [-105.23398553635253, 20.636547020227205], [-105.23398946087391, 20.63654044485286], [-105.2339809571608, 20.636480751173643], [-105.23386451059821, 20.636112106501187], [-105.23372517239301, 20.635742834892795], [-105.23366608880215, 20.635669905969422], [-105.23353256043225, 20.635572854967272], [-105.23344789439196, 20.63535715509271], [-105.23338040754278, 20.63510747475718], [-105.23336196612236, 20.634931042421172], [-105.23330283626538, 20.63461775373722], [-105.23331206063516, 20.634576809205317], [-105.23331200536593, 20.634576444226514], [-105.23326316165513, 20.63455595606592], [-105.23311808499204, 20.63437550379214], [-105.23307717182406, 20.634089011004182], [-105.23305160646461, 20.633641961595156], [-105.23307706400618, 20.633537268028523], [-105.23303231981646, 20.633483078199372], [-105.23293191543051, 20.633178843035807], [-105.23284868880498, 20.63274943543288], [-105.23278290840435, 20.632337258455696], [-105.2326972110971, 20.631917987008325], [-105.23269074125743, 20.63185710677404], [-105.23269074160032, 20.631857106771374], [-105.23265112676314, 20.63148434553676], [-105.23262408587442, 20.63105682556157], [-105.23258913107671, 20.63065323716909], [-105.23254238064617, 20.63024947306617], [-105.23249969922736, 20.629829890484494], [-105.23250342169706, 20.629417948594664], [-105.23251812072724, 20.62904003226611], [-105.2324730311095, 20.62882245858843], [-105.23213906311574, 20.6288091883627], [-105.23203756641996, 20.628825303956702], [-105.23195809360254, 20.62886196214341], [-105.23182274857378, 20.628969006978874], [-105.23172682191367, 20.62905439560748], [-105.23159493134318, 20.62892308175106], [-105.23169495195188, 20.62883404981662], [-105.23185256730675, 20.62870939116755], [-105.23197814242867, 20.6286514672875], [-105.23212701668645, 20.628627829772654], [-105.23251673498423, 20.62864331471399], [-105.23260388774769, 20.628663239197657], [-105.23265084712729, 20.628736708985574], [-105.23271076872595, 20.629025850211736], [-105.23269535980576, 20.62942202471214]]]}}, {"type": "Feature", "properties": {"id": "playa-libre-76", "kind": "playa_libre", "area_m2": 24635.9, "ancho_efectivo_m": 19.7}, "geometry": {"type": "Polygon", "coordinates": [[[-105.23457507888624, 20.637158446526254], [-105.23465419501422, 20.637196660604054], [-105.23469362572818, 20.637179349215295], [-105.23479838031898, 20.637176730058084], [-105.23492474998662, 20.63722868401314], [-105.235044408878, 20.63731358945568], [-105.23517268623343, 20.637372536280562], [-105.23531825083145, 20.637472349037047], [-105.23532127113991, 20.63750887013031], [-105.23540635438498, 20.637630111797534], [-105.23550420080603, 20.637822645197424], [-105.23566309948787, 20.63813282852161], [-105.23572533336846, 20.638244961313582], [-105.23578465298198, 20.6383744661011], [-105.23589591606678, 20.638598854419733], [-105.23613608131868, 20.638920048607424], [-105.23639713631603, 20.639274351457807], [-105.23646627209257, 20.63934681925177], [-105.23654254736547, 20.63937932830936], [-105.23658295679316, 20.63941058981457], [-105.23670882969063, 20.639529514105735], [-105.236737622818, 20.639569059684845], [-105.23689251800309, 20.639781796772425], [-105.23711760569414, 20.6400630920019], [-105.23716314849713, 20.64013799095124], [-105.23724568470914, 20.64034066007183], [-105.23749480881244, 20.640584656514072], [-105.23766087113799, 20.64079260408299], [-105.23764909467623, 20.640836939908272], [-105.23772659330433, 20.64097781601248], [-105.23789347098301, 20.641155281189842], [-105.2381362544527, 20.64125689933736], [-105.23829431169517, 20.64126946355287], [-105.23868266747083, 20.64146801298954], [-105.23890181609136, 20.64152180643196], [-105.2389793605563, 20.641506703933995], [-105.23904100388953, 20.641456526817922], [-105.23930308068184, 20.64150760916044], [-105.23950351444346, 20.641608867500874], [-105.23963706911569, 20.641659935999183], [-105.23974572371668, 20.641744166628637], [-105.23986279329424, 20.641796689136367], [-105.23995821296529, 20.641849236232076], [-105.24009578491085, 20.64191353828491], [-105.24028945893687, 20.64209481857365], [-105.24048626869588, 20.642427650897975], [-105.24059276120725, 20.642617838809702], [-105.24073843871312, 20.642823638571365], [-105.24081260311435, 20.642920340141483], [-105.2409159044147, 20.643059194457646], [-105.24099007235779, 20.643136062904624], [-105.24099006331186, 20.643193085271623], [-105.24093593231265, 20.643380998630974], [-105.24067025451225, 20.64371954735898], [-105.24048975634011, 20.64395255807224], [-105.2403332666753, 20.64414716576422], [-105.24018018851307, 20.644038096044106], [-105.24033564164147, 20.643844776651882], [-105.24051547891528, 20.64361262001162], [-105.24076007784615, 20.64330093230354], [-105.2407899020954, 20.643197399104416], [-105.24076561662363, 20.6431722298619], [-105.24065613574416, 20.643025069176485], [-105.24058066993932, 20.642926669688446], [-105.24042752310572, 20.642710318961093], [-105.24031745361916, 20.64251374117467], [-105.24013488395165, 20.64220499048483], [-105.23998250494543, 20.64206236180577], [-105.23986694273896, 20.642008347258], [-105.23977286132175, 20.64195653649336], [-105.23964186110526, 20.641897765012377], [-105.2395376543562, 20.641816982598712], [-105.23942176209955, 20.641772668316207], [-105.23923685656308, 20.64167925417784], [-105.23909488648827, 20.641651582104046], [-105.2390671609159, 20.64167415077421], [-105.23889678208471, 20.64170733353939], [-105.2386115924102, 20.641637328681984], [-105.23823805192768, 20.64144635338116], [-105.23808783799863, 20.641434412625657], [-105.23777736013473, 20.641304460496933], [-105.23756705903695, 20.641080817914435], [-105.23744524199617, 20.640859379265166], [-105.2374524252978, 20.640832338287943], [-105.23734833648483, 20.640701995692968], [-105.23708033592116, 20.64043951116498], [-105.23698918262622, 20.640215681614308], [-105.23695698974318, 20.640162737969383], [-105.2367365888871, 20.63988729954752], [-105.23656041640417, 20.639645339052137], [-105.2364536908716, 20.63954450555565], [-105.23644025341272, 20.639534110000316], [-105.23635036823138, 20.639495801266584], [-105.23624625162155, 20.639386665432035], [-105.23597870961702, 20.639023556632413], [-105.23572914213742, 20.63868978976288], [-105.23560948861602, 20.638448478471506], [-105.23555187097722, 20.63832268779751], [-105.23549151611896, 20.63821393996668], [-105.23533114848846, 20.637900889565934], [-105.23523888169392, 20.63771933440316], [-105.23513372352657, 20.637569486798924], [-105.23513371570583, 20.637569394642632], [-105.2350732997594, 20.637527967442903], [-105.23494359874589, 20.63746836647127], [-105.23482722331406, 20.637385791391484], [-105.23476073190811, 20.637358454905783], [-105.23473861013318, 20.637359007256702], [-105.23465016958485, 20.637397836657232], [-105.23445186563796, 20.637302053601633], [-105.23421180923562, 20.63702605023634], [-105.23420447049665, 20.637015764600747], [-105.23418828944217, 20.637007481581136], [-105.23400875356512, 20.637023126773776], [-105.23394489211739, 20.63704824565652], [-105.23390967012638, 20.637087941413988], [-105.23389679487326, 20.63712545995149], [-105.23388478440968, 20.63723955809765], [-105.23369374178111, 20.63722173755504], [-105.23370778285197, 20.637088350289954], [-105.23373844254594, 20.636999010782095], [-105.2338276105415, 20.636898514856874], [-105.23396182691354, 20.636845724730623], [-105.23422871901101, 20.636822465786487], [-105.23433757215824, 20.63687818753858], [-105.23436610947024, 20.63691818540509], [-105.23457507888624, 20.637158446526254]]]}}, {"type": "Feature", "properties": {"id": "playa-libre-77", "kind": "playa_libre", "area_m2": 23677.8, "ancho_efectivo_m": 19.7}, "geometry": {"type": "Polygon", "coordinates": [[[-105.24168485633156, 20.644472137729203], [-105.24181827815282, 20.644854300400972], [-105.24185368362487, 20.644976986272415], [-105.24187297881136, 20.64511930545373], [-105.24187901614644, 20.64526638889313], [-105.24189992693394, 20.645346157975332], [-105.24194578731759, 20.645424539405923], [-105.2419816683865, 20.645540668081207], [-105.2420025538913, 20.64566750008183], [-105.24206384603048, 20.645879651698923], [-105.24209801164774, 20.646033844923892], [-105.2421874675186, 20.6464027426405], [-105.24231926746083, 20.646796624018886], [-105.24251638386211, 20.647171494031653], [-105.24261415882417, 20.647287644010632], [-105.24261415845871, 20.647287644011147], [-105.24279134903512, 20.647498135127687], [-105.24299181026308, 20.64776677673559], [-105.24303009252058, 20.64777230977516], [-105.24315869465765, 20.64790733551521], [-105.24323494583516, 20.648097373554283], [-105.24328214630347, 20.64851635679377], [-105.2433370823888, 20.64887015363981], [-105.24334458894012, 20.648893454922405], [-105.24334405821237, 20.648927323340338], [-105.2433923903073, 20.64904182841597], [-105.24345235511439, 20.649227956842847], [-105.24349918235389, 20.649446284431804], [-105.24352220641043, 20.649501274597615], [-105.24355911477271, 20.649650468503264], [-105.24365768147815, 20.650067430007287], [-105.2438096251798, 20.650440436539068], [-105.24393616415021, 20.65084671215858], [-105.24404708039184, 20.651225465452892], [-105.24408511415085, 20.65126179132386], [-105.24420465023921, 20.651425032940537], [-105.24418843493942, 20.65147835535962], [-105.24420549514389, 20.651625279320882], [-105.24424275095663, 20.65204052895583], [-105.24430174285285, 20.65227303811967], [-105.24435540592995, 20.65226278314931], [-105.24451960157957, 20.65220207386983], [-105.24463810234907, 20.652154867480608], [-105.24470241621732, 20.65217090367452], [-105.2447239481773, 20.65223538261766], [-105.24471116641259, 20.652282438296222], [-105.24465124537379, 20.652333593547933], [-105.24466418509982, 20.652384644601305], [-105.2444774293938, 20.652426582159876], [-105.24447401043552, 20.652413091807794], [-105.24441001721729, 20.65243675272637], [-105.24415809878988, 20.652484893223576], [-105.2440526510463, 20.652069283716344], [-105.24401437927895, 20.65164270258074], [-105.24399348131712, 20.651462726891406], [-105.24399512100099, 20.651457336434124], [-105.24393656908536, 20.65137737600859], [-105.24387526455597, 20.651318823819302], [-105.2437514850506, 20.650896147639145], [-105.24362757204446, 20.65049830143293], [-105.24347334562822, 20.650119688438934], [-105.24337190992475, 20.649690588355767], [-105.24333841428884, 20.64955518840673], [-105.2433143418654, 20.649497696734215], [-105.24326596938059, 20.649272160578825], [-105.24321099434837, 20.649101519010628], [-105.24315152322603, 20.64896062379892], [-105.24315217597862, 20.648918948142704], [-105.24314918436943, 20.64890966339317], [-105.24309162417663, 20.64853896119396], [-105.24304662477182, 20.648139512347843], [-105.24299177247613, 20.648002805049188], [-105.24293301817748, 20.647941116131086], [-105.24288175619452, 20.647933706493657], [-105.24263742768856, 20.647606278846343], [-105.24235331242309, 20.647268767445567], [-105.24235179785238, 20.64726588710102], [-105.2423517978582, 20.647265887101014], [-105.24214060967769, 20.646864255864145], [-105.24200201709935, 20.646450074647742], [-105.24191043493298, 20.646072405895463], [-105.24187707584315, 20.645921851187452], [-105.24181447510017, 20.64570516980162], [-105.2417938494907, 20.645579906959938], [-105.24176737032667, 20.64549420813512], [-105.24171957819185, 20.645412524910935], [-105.2416879272488, 20.64529178643311], [-105.24168146178476, 20.645134261628048], [-105.24166492417372, 20.645012281224584], [-105.24163432082102, 20.644906233737785], [-105.24150031794306, 20.644522407311186], [-105.241437924193, 20.644288366467087], [-105.24136010053587, 20.64393985970686], [-105.24134173380342, 20.64387575444235], [-105.24125372936396, 20.643994587406322], [-105.2410931675894, 20.64419830249046], [-105.24087913081924, 20.64449442241412], [-105.2407203999649, 20.644392763331247], [-105.24093664474185, 20.644093589976965], [-105.24109785519347, 20.643889050952982], [-105.24129607754546, 20.643621391739103], [-105.2414316264238, 20.64349546229122], [-105.24144369780504, 20.643537596372187], [-105.241546870458, 20.64389771138917], [-105.24162504062497, 20.64424776995684], [-105.24168485633156, 20.644472137729203]]]}}, {"type": "Feature", "properties": {"id": "playa-libre-78", "kind": "playa_libre", "area_m2": 24909.0, "ancho_efectivo_m": 19.4}, "geometry": {"type": "Polygon", "coordinates": [[[-105.24764766588979, 20.654849691215162], [-105.24766489313102, 20.65486607306377], [-105.24766489371981, 20.65486607306292], [-105.24770518270712, 20.65490438548831], [-105.24773497295628, 20.654924218196964], [-105.24794831538918, 20.65509850348355], [-105.24822246585815, 20.6553242167872], [-105.24854790119392, 20.6555857212654], [-105.24876503517734, 20.655773918120648], [-105.24899438746398, 20.65590360918925], [-105.24915572835081, 20.655972029626323], [-105.24931440596728, 20.65601963132391], [-105.24962991542161, 20.655896729990214], [-105.24970195460529, 20.655992096859983], [-105.24971665566962, 20.656034109904308], [-105.2498048977564, 20.656162816703475], [-105.2499537320693, 20.65634854377733], [-105.25012163146698, 20.656502500709575], [-105.25020372604217, 20.656584154289483], [-105.25024384185276, 20.656663212143716], [-105.25026614947325, 20.656735818850894], [-105.25031468317039, 20.656802821370185], [-105.2505088831333, 20.656996690377856], [-105.25064397882325, 20.657094249564935], [-105.2506947165765, 20.65716158219692], [-105.25070351120242, 20.65728271071089], [-105.25083311022931, 20.657468623058136], [-105.25111244877846, 20.657693335559543], [-105.25120540269509, 20.6577740376172], [-105.25129744418399, 20.65778552201113], [-105.25162308404958, 20.658022017770534], [-105.25195276203816, 20.65826913417564], [-105.2519934540398, 20.658288661965106], [-105.2521901584975, 20.658405487620804], [-105.25257180943925, 20.65863883920055], [-105.25276117207646, 20.658744949276755], [-105.25294847063721, 20.65871687662846], [-105.25332477959333, 20.658970258897543], [-105.25359163944343, 20.659296276698363], [-105.25369022070561, 20.659391015480708], [-105.25382914969379, 20.659472725566758], [-105.25417775442564, 20.65965273779912], [-105.25440296329668, 20.65972721352219], [-105.25450830952865, 20.65973650704078], [-105.25463995233339, 20.65975753551621], [-105.2548758753789, 20.659867038888464], [-105.25511295363162, 20.659928773540376], [-105.25525004159553, 20.659982912020148], [-105.25543613981141, 20.66009133533504], [-105.25576124992841, 20.660307435212957], [-105.25592637639448, 20.660315203422012], [-105.25602716110086, 20.66035720654576], [-105.25604091368123, 20.66039106729129], [-105.25611615648721, 20.660458134198972], [-105.25629698213375, 20.660581276709532], [-105.25641650738048, 20.660683002803616], [-105.2564169211837, 20.660929652562487], [-105.25629151034582, 20.660820266416195], [-105.25617595761264, 20.660721921008406], [-105.2559933345756, 20.660597553960127], [-105.25587716387204, 20.66049400727375], [-105.2558770915715, 20.660493829372992], [-105.25569600786568, 20.660485310388474], [-105.25533013233722, 20.660242114117523], [-105.2551618263338, 20.660144055708823], [-105.25504995574562, 20.66009987634446], [-105.25480720963596, 20.660036665375202], [-105.25458017931062, 20.659931290866556], [-105.25448325171637, 20.659915807104486], [-105.25436156513689, 20.659905072033094], [-105.25409922750734, 20.659818317790034], [-105.25373201939223, 20.65962870045171], [-105.2535690613176, 20.659532856347344], [-105.2534464929244, 20.659415065002595], [-105.25318999362713, 20.65910170378165], [-105.25290084542266, 20.658907010241602], [-105.25272269820113, 20.65893371133401], [-105.25247036180484, 20.658792314050043], [-105.25208662431426, 20.658557686714687], [-105.25189841849756, 20.65844590776133], [-105.25184829830671, 20.658421855861416], [-105.25150462401983, 20.658164248151593], [-105.25122102835934, 20.657958286668983], [-105.25111990600068, 20.657945668790305], [-105.25098493928489, 20.65782849187012], [-105.25068757752102, 20.657589280975564], [-105.25051538425632, 20.657342265154902], [-105.25050684416847, 20.657224644918575], [-105.25050412428834, 20.65722103448939], [-105.25037976656145, 20.657131230526165], [-105.25016458288822, 20.656916413045515], [-105.25009022798832, 20.656813762251968], [-105.25006378283908, 20.65672768982737], [-105.25004349478269, 20.656687708061433], [-105.24998485498699, 20.656629382865415], [-105.24980926301131, 20.656468371733002], [-105.2496473796353, 20.656266362569113], [-105.24954952231685, 20.6561236295426], [-105.24932297460418, 20.656211876771582], [-105.24908691392781, 20.65614106231394], [-105.24890520473167, 20.656064003915958], [-105.24864937588102, 20.655919341274164], [-105.24842049400739, 20.655720961412502], [-105.24809692439771, 20.655460955790875], [-105.24800689559538, 20.65538683365593], [-105.24800689559538, 20.65538683365593], [-105.24782218363576, 20.655234757005584], [-105.24761631794061, 20.65506657907864], [-105.24758056635763, 20.655042776374614], [-105.2475409592437, 20.655005113530954], [-105.24754095905736, 20.655005113531228], [-105.24743447631415, 20.654903857378194], [-105.24739514851584, 20.65486645997825], [-105.24739514860735, 20.654866459978113], [-105.24733268885716, 20.654807065859075], [-105.24732732888317, 20.654793236792937], [-105.24728677083449, 20.65480098179724], [-105.24724859703535, 20.65462387045451], [-105.24757714893775, 20.65436231651814], [-105.2476446348773, 20.654348107343385], [-105.24768219059784, 20.654379302468595], [-105.24763406210873, 20.654429706290447], [-105.24745107415288, 20.654585207277325], [-105.24749867386562, 20.65470801255868], [-105.24764766557891, 20.6548496915048], [-105.24764766588979, 20.654849691215162]]]}}, {"type": "Feature", "properties": {"id": "playa-libre-79", "kind": "playa_libre", "area_m2": 23610.8, "ancho_efectivo_m": 19.6}, "geometry": {"type": "Polygon", "coordinates": [[[-105.25884418448388, 20.66202101534505], [-105.25904909347274, 20.66214552567154], [-105.25925973753873, 20.66228441143548], [-105.25943759058441, 20.662412542888557], [-105.25961148590312, 20.66253121677572], [-105.2597912213023, 20.662643580028824], [-105.26001981341385, 20.66279741668249], [-105.26023920131453, 20.662849384955532], [-105.26038057343774, 20.662857792822017], [-105.26056299013325, 20.662970654512595], [-105.26080779314346, 20.663163377960068], [-105.26108027466273, 20.66333448587498], [-105.26135085965078, 20.663579089977212], [-105.26165909480054, 20.663877361475336], [-105.2620098385405, 20.664116184607305], [-105.26234382926198, 20.66436109379031], [-105.26265412447827, 20.664606360973], [-105.26291915511544, 20.664788820963025], [-105.26314449733223, 20.664942830918974], [-105.26338600364808, 20.665103527782097], [-105.2636765928005, 20.665280333532284], [-105.2639424437922, 20.665503919496047], [-105.26411884008888, 20.665629098906308], [-105.26423258467416, 20.6657005037176], [-105.26461138173873, 20.6658542693527], [-105.26481744076415, 20.665942581123343], [-105.26509316913759, 20.666069464779778], [-105.26519822783717, 20.66611545609618], [-105.26541611290185, 20.66624144232984], [-105.26565147438397, 20.666375083713717], [-105.26589198357965, 20.666508376181028], [-105.26589233570836, 20.66671072255906], [-105.2658535494455, 20.666696798344315], [-105.26555316110239, 20.666530320514187], [-105.26531625990864, 20.666395803979803], [-105.26510717875063, 20.66627490848806], [-105.26501050007262, 20.66623258638364], [-105.26473546807522, 20.66610602230623], [-105.26453356426002, 20.666019491375124], [-105.26414053729258, 20.665859949010834], [-105.26400767421006, 20.665776542064705], [-105.26382046189904, 20.665643687703906], [-105.26355979695852, 20.665424463407863], [-105.2632784128169, 20.665253258342595], [-105.2630326589851, 20.66508973504563], [-105.2628060623037, 20.664934867541408], [-105.26253556712706, 20.66474864500485], [-105.2622230414408, 20.664501614479942], [-105.26189452501637, 20.664260719553724], [-105.26153305918355, 20.66401459605472], [-105.26121549506654, 20.66370729710914], [-105.26095954563819, 20.66347592275796], [-105.26069257580706, 20.663308276125452], [-105.26044827837099, 20.66311595023986], [-105.26031764852266, 20.663035129422163], [-105.2602094656932, 20.663028694593784], [-105.25993770101607, 20.662964319360515], [-105.25968223116013, 20.66279239517253], [-105.25950196611454, 20.662679700986605], [-105.25932286217397, 20.66255747195251], [-105.25914625095136, 20.662430234883278], [-105.25894190020358, 20.662295499682518], [-105.25874756632433, 20.66217741508956], [-105.25851554205418, 20.66206371225713], [-105.25823155728558, 20.6619162843598], [-105.25781389674685, 20.6617427693601], [-105.25743247299731, 20.661599467849342], [-105.25703746865399, 20.661425012642454], [-105.25677453800691, 20.661256868587436], [-105.25654239508125, 20.66104161105219], [-105.2564731926745, 20.660978734360008], [-105.25647404675894, 20.660733092032952], [-105.25660513979791, 20.66084743394004], [-105.25667645270468, 20.660912229384316], [-105.25689686869812, 20.661116613189684], [-105.2571327997633, 20.66126748987101], [-105.25750891244975, 20.66143360217259], [-105.25788828005943, 20.661576131310404], [-105.25831685878333, 20.661754182093755], [-105.2586062588963, 20.66190442094982], [-105.25884418448388, 20.66202101534505]]]}}, {"type": "Feature", "properties": {"id": "playa-libre-80", "kind": "playa_libre", "area_m2": 8818.8, "ancho_efectivo_m": 19.0}, "geometry": {"type": "Polygon", "coordinates": [[[-105.27754997469172, 20.671379198250552], [-105.27777136564924, 20.671470478629402], [-105.27800316016489, 20.671563127155665], [-105.27837303614278, 20.671736333605114], [-105.27861020133999, 20.671919546827137], [-105.2784198686724, 20.67200631435775], [-105.27826802052122, 20.671889010339214], [-105.27792278621253, 20.67172734258051], [-105.27769530645746, 20.671636418283363], [-105.27746529191211, 20.67154158249899], [-105.27723725531261, 20.67142444620065], [-105.27682743716585, 20.67129303559042], [-105.27644251167818, 20.67118517325893], [-105.2760151852216, 20.671051494546784], [-105.27558417641022, 20.67087515847488], [-105.27520100380531, 20.670676030498004], [-105.27481136517021, 20.67048554848871], [-105.27468674377735, 20.670415183735358], [-105.27468636444195, 20.670204223675807], [-105.2749051025375, 20.670327729568662], [-105.27529168507724, 20.67051671628847], [-105.27566905199464, 20.670712827221926], [-105.27608388135852, 20.67088254488105], [-105.27650020705748, 20.671012782118627], [-105.2768858199309, 20.671120837495888], [-105.27731478268055, 20.671258386913074], [-105.27754997469172, 20.671379198250552]]]}}]}